#
# There is insufficient memory for the Java Runtime Environment to continue.
# Native memory allocation (malloc) failed to allocate 1466736 bytes. Error detail: Chunk::new
# Possible reasons:
#   The system is out of physical RAM or swap space
#   This process is running with CompressedOops enabled, and the Java Heap may be blocking the growth of the native heap
# Possible solutions:
#   Reduce memory load on the system
#   Increase physical memory or swap space
#   Check if swap backing store is full
#   Decrease Java heap size (-Xmx/-Xms)
#   Decrease number of Java threads
#   Decrease Java thread stack sizes (-Xss)
#   Set larger code cache with -XX:ReservedCodeCacheSize=
#   JVM is running with Unscaled Compressed Oops mode in which the Java heap is
#     placed in the first 4GB address space. The Java Heap base address is the
#     maximum limit for the native heap growth. Please use -XX:HeapBaseMinAddress
#     to set the Java Heap base and to place the Java Heap above 4GB virtual address.
# This output file may be truncated or incomplete.
#
#  Out of Memory Error (arena.cpp:168), pid=432468, tid=423688
#
# JRE version: OpenJDK Runtime Environment (21.0.10) (build 21.0.10+-14961533-b1163.108)
# Java VM: OpenJDK 64-Bit Server VM (21.0.10+-14961533-b1163.108, mixed mode, tiered, compressed oops, compressed class ptrs, g1 gc, windows-amd64)
# No core dump will be written. Minidumps are not enabled by default on client versions of Windows
#

---------------  S U M M A R Y ------------

Command Line: --add-opens=java.base/java.lang=ALL-UNNAMED --add-opens=java.base/java.lang.invoke=ALL-UNNAMED --add-opens=java.base/java.util=ALL-UNNAMED --add-opens=java.prefs/java.util.prefs=ALL-UNNAMED --add-exports=jdk.compiler/com.sun.tools.javac.api=ALL-UNNAMED --add-exports=jdk.compiler/com.sun.tools.javac.util=ALL-UNNAMED --add-opens=java.base/java.util=ALL-UNNAMED --add-opens=java.prefs/java.util.prefs=ALL-UNNAMED --add-opens=java.base/java.nio.charset=ALL-UNNAMED --add-opens=java.base/java.net=ALL-UNNAMED --add-opens=java.base/java.util.concurrent=ALL-UNNAMED --add-opens=java.base/java.util.concurrent.atomic=ALL-UNNAMED --add-opens=java.xml/javax.xml.namespace=ALL-UNNAMED --add-opens=java.base/java.time=ALL-UNNAMED -Xmx2048m -Dfile.encoding=UTF-8 -Duser.country=US -Duser.language=en -Duser.variant -javaagent:C:\Users\ISHA SEN\.gradle\wrapper\dists\gradle-9.3.1-bin\23ovyewtku6u96viwx3xl3oks\gradle-9.3.1\lib\agents\gradle-instrumentation-agent-9.3.1.jar org.gradle.launcher.daemon.bootstrap.GradleDaemon 9.3.1

Host: AMD Ryzen 5 5600H with Radeon Graphics         , 12 cores, 15G,  Windows 11 , 64 bit Build 26100 (10.0.26100.8115)
Time: Sat Apr 25 23:43:39 2026 India Standard Time elapsed time: 24.680406 seconds (0d 0h 0m 24s)

---------------  T H R E A D  ---------------

Current thread (0x000001fc5ca15150):  JavaThread "C2 CompilerThread0" daemon [_thread_in_native, id=423688, stack(0x000000d21e000000,0x000000d21e100000) (1024K)]


Current CompileTask:
C2:24680 15834       4       com.android.tools.r8.dex.z::a (1018 bytes)

Stack: [0x000000d21e000000,0x000000d21e100000]
Native frames: (J=compiled Java code, j=interpreted, Vv=VM code, C=native code)
V  [jvm.dll+0x6d78a9]
V  [jvm.dll+0x8665b3]
V  [jvm.dll+0x868bde]
V  [jvm.dll+0x8692c3]
V  [jvm.dll+0x280ee6]
V  [jvm.dll+0xc07cd]
V  [jvm.dll+0xc0d03]
V  [jvm.dll+0x3ba091]
V  [jvm.dll+0x1e0052]
V  [jvm.dll+0x249d24]
V  [jvm.dll+0x2491a1]
V  [jvm.dll+0x1c76e4]
V  [jvm.dll+0x25891e]
V  [jvm.dll+0x256e66]
V  [jvm.dll+0x3f513e]
V  [jvm.dll+0x80fd28]
V  [jvm.dll+0x6d60fd]
C  [ucrtbase.dll+0x37b0]
C  [KERNEL32.DLL+0x2e8d7]
C  [ntdll.dll+0x8c3fc]


---------------  P R O C E S S  ---------------

Threads class SMR info:
_java_thread_list=0x000001fc5c715b70, length=194, elements={
0x000001fc42886f70, 0x000001fc5c99de10, 0x000001fc5c99eef0, 0x000001fc5c9c07a0,
0x000001fc5c9c1a70, 0x000001fc5ca03360, 0x000001fc5ca03dc0, 0x000001fc5ca04820,
0x000001fc5ca15150, 0x000001fc5ca15bf0, 0x000001fc6110a0e0, 0x000001fc624fb8c0,
0x000001fc630019c0, 0x000001fc61dacfe0, 0x000001fc617018f0, 0x000001fc62f5ebc0,
0x000001fc63265c50, 0x000001fc6327c3b0, 0x000001fc6327ca40, 0x000001fc6327bd20,
0x000001fc6327e480, 0x000001fc6327eb10, 0x000001fc6327d760, 0x000001fc6327ddf0,
0x000001fc64b49790, 0x000001fc64b4c580, 0x000001fc64b4a4b0, 0x000001fc64b4b1d0,
0x000001fc64b4b860, 0x000001fc64b4bef0, 0x000001fc64b4cc10, 0x000001fc64b4d930,
0x000001fc64b4dfc0, 0x000001fc64b4ab40, 0x000001fc64b50720, 0x000001fc64b4e650,
0x000001fc64b4ece0, 0x000001fc64b50db0, 0x000001fc64b4f370, 0x000001fc64b4fa00,
0x000001fc64ed7bf0, 0x000001fc64ed61b0, 0x000001fc64ed6ed0, 0x000001fc64ed8280,
0x000001fc64ed5490, 0x000001fc64ed5b20, 0x000001fc64ed8910, 0x000001fc64ed9630,
0x000001fc64ed9cc0, 0x000001fc64ed8fa0, 0x000001fc64ed6840, 0x000001fc64eda350,
0x000001fc64ed7560, 0x000001fc64edcab0, 0x000001fc64eda9e0, 0x000001fc64edb070,
0x000001fc64edb700, 0x000001fc64edbd90, 0x000001fc64edc420, 0x000001fc6412b7c0,
0x000001fc6412be50, 0x000001fc641296f0, 0x000001fc6412c4e0, 0x000001fc64129d80,
0x000001fc64129060, 0x000001fc6412a410, 0x000001fc6412d200, 0x000001fc6412cb70,
0x000001fc6412d890, 0x000001fc6412df20, 0x000001fc6412e5b0, 0x000001fc6412b130,
0x000001fc6412ec40, 0x000001fc6412f2d0, 0x000001fc6412f960, 0x000001fc6412fff0,
0x000001fc65268460, 0x000001fc6526abc0, 0x000001fc65269180, 0x000001fc65267740,
0x000001fc6526b250, 0x000001fc65267dd0, 0x000001fc65268af0, 0x000001fc6526a530,
0x000001fc6526b8e0, 0x000001fc65269810, 0x000001fc6526bf70, 0x000001fc65269ea0,
0x000001fc6526e6d0, 0x000001fc6526e040, 0x000001fc6526c600, 0x000001fc6526ed60,
0x000001fc6526cc90, 0x000001fc6526d320, 0x000001fc6526d9b0, 0x000001fc6610e090,
0x000001fc6610d370, 0x000001fc6610fad0, 0x000001fc6610da00, 0x000001fc6610e720,
0x000001fc6610cce0, 0x000001fc6610edb0, 0x000001fc6610f440, 0x000001fc6610c650,
0x000001fc66110e80, 0x000001fc66111510, 0x000001fc66111ba0, 0x000001fc661128c0,
0x000001fc668c90f0, 0x000001fc668c7020, 0x000001fc6ba9aa00, 0x000001fc6ba98930,
0x000001fc6ba9bdb0, 0x000001fc6ba99650, 0x000001fc6ba9b720, 0x000001fc6ba9a370,
0x000001fc6ba9c440, 0x000001fc6ba99ce0, 0x000001fc6ba98fc0, 0x000001fc6ba9ff50,
0x000001fc6ba9d160, 0x000001fc6ba9f8c0, 0x000001fc6ba9d7f0, 0x000001fc6ba9cad0,
0x000001fc6ba9de80, 0x000001fc6ba9eba0, 0x000001fc6ba9e510, 0x000001fc6ba9f230,
0x000001fc6bc1c9b0, 0x000001fc6bc1a8e0, 0x000001fc6bc1bc90, 0x000001fc6bc1c320,
0x000001fc6bc1d040, 0x000001fc6bc1b600, 0x000001fc6bc1e3f0, 0x000001fc6bc1ea80,
0x000001fc6bc1f110, 0x000001fc661135e0, 0x000001fc66110160, 0x000001fc6ba9b090,
0x000001fc6ca0da40, 0x000001fc6ca0c690, 0x000001fc6ca0ac50, 0x000001fc6ca0d3b0,
0x000001fc6ca0b970, 0x000001fc6ca0a5c0, 0x000001fc6ca0e0d0, 0x000001fc6ca0e760,
0x000001fc6ca0b2e0, 0x000001fc6ca10830, 0x000001fc6ca12270, 0x000001fc6ca11be0,
0x000001fc6ca0fb10, 0x000001fc6ca101a0, 0x000001fc6ca0edf0, 0x000001fc6ca10ec0,
0x000001fc6ca11550, 0x000001fc6ca0f480, 0x000001fc6ca12900, 0x000001fc6ca13620,
0x000001fc6ca14340, 0x000001fc6ca12f90, 0x000001fc6ca16410, 0x000001fc6ca149d0,
0x000001fc6ca15060, 0x000001fc6ca156f0, 0x000001fc6ca16aa0, 0x000001fc6ca15d80,
0x000001fc6ca17130, 0x000001fc6ca13cb0, 0x000001fc6ca177c0, 0x000001fc6ca17e50,
0x000001fc6ca184e0, 0x000001fc6ca18b70, 0x000001fc6ca19200, 0x000001fc6ca19890,
0x000001fc668c8a60, 0x000001fc6d110700, 0x000001fc6147c7b0, 0x000001fc6d10c560,
0x000001fc6d10bed0, 0x000001fc6d10dfa0, 0x000001fc6d10b840, 0x000001fc6d10b1b0,
0x000001fc6d110070, 0x000001fc6d110d90, 0x000001fc6d111420, 0x000001fc6d10ecc0,
0x000001fc6d111ab0, 0x000001fc6d10f350, 0x000001fc6d112140, 0x000001fc6d1127d0,
0x000001fc6d112e60, 0x000001fc6d10f9e0
}

Java Threads: ( => current thread )
  0x000001fc42886f70 JavaThread "main"                              [_thread_blocked, id=438416, stack(0x000000d21d100000,0x000000d21d200000) (1024K)]
  0x000001fc5c99de10 JavaThread "Common-Cleaner"             daemon [_thread_blocked, id=442636, stack(0x000000d21d900000,0x000000d21da00000) (1024K)]
  0x000001fc5c99eef0 JavaThread "Reference Handler"          daemon [_thread_blocked, id=442652, stack(0x000000d21da00000,0x000000d21db00000) (1024K)]
  0x000001fc5c9c07a0 JavaThread "Finalizer"                  daemon [_thread_blocked, id=438808, stack(0x000000d21db00000,0x000000d21dc00000) (1024K)]
  0x000001fc5c9c1a70 JavaThread "Signal Dispatcher"          daemon [_thread_blocked, id=418744, stack(0x000000d21dc00000,0x000000d21dd00000) (1024K)]
  0x000001fc5ca03360 JavaThread "Attach Listener"            daemon [_thread_blocked, id=440112, stack(0x000000d21dd00000,0x000000d21de00000) (1024K)]
  0x000001fc5ca03dc0 JavaThread "Service Thread"             daemon [_thread_blocked, id=437900, stack(0x000000d21de00000,0x000000d21df00000) (1024K)]
  0x000001fc5ca04820 JavaThread "Monitor Deflation Thread"   daemon [_thread_blocked, id=440028, stack(0x000000d21df00000,0x000000d21e000000) (1024K)]
=>0x000001fc5ca15150 JavaThread "C2 CompilerThread0"         daemon [_thread_in_native, id=423688, stack(0x000000d21e000000,0x000000d21e100000) (1024K)]
  0x000001fc5ca15bf0 JavaThread "C1 CompilerThread0"         daemon [_thread_in_native, id=438036, stack(0x000000d21e100000,0x000000d21e200000) (1024K)]
  0x000001fc6110a0e0 JavaThread "Notification Thread"        daemon [_thread_blocked, id=441312, stack(0x000000d21e200000,0x000000d21e300000) (1024K)]
  0x000001fc624fb8c0 JavaThread "Daemon health stats"               [_thread_blocked, id=439972, stack(0x000000d21e300000,0x000000d21e400000) (1024K)]
  0x000001fc630019c0 JavaThread "Incoming local TCP Connector on port 59822"        [_thread_in_native, id=431920, stack(0x000000d21e800000,0x000000d21e900000) (1024K)]
  0x000001fc61dacfe0 JavaThread "Daemon periodic checks"            [_thread_blocked, id=435276, stack(0x000000d21ee00000,0x000000d21ef00000) (1024K)]
  0x000001fc617018f0 JavaThread "Daemon"                            [_thread_blocked, id=440416, stack(0x000000d21ef00000,0x000000d21f000000) (1024K)]
  0x000001fc62f5ebc0 JavaThread "Handler for socket connection from /127.0.0.1:59822 to /127.0.0.1:59823"        [_thread_in_native, id=414708, stack(0x000000d21f000000,0x000000d21f100000) (1024K)]
  0x000001fc63265c50 JavaThread "Cancel handler"                    [_thread_blocked, id=438384, stack(0x000000d21f100000,0x000000d21f200000) (1024K)]
  0x000001fc6327c3b0 JavaThread "Daemon worker"                     [_thread_blocked, id=437360, stack(0x000000d21f200000,0x000000d21f300000) (1024K)]
  0x000001fc6327ca40 JavaThread "Asynchronous log dispatcher for DefaultDaemonConnection: socket connection from /127.0.0.1:59822 to /127.0.0.1:59823"        [_thread_blocked, id=442160, stack(0x000000d21f300000,0x000000d21f400000) (1024K)]
  0x000001fc6327bd20 JavaThread "Stdin handler"                     [_thread_blocked, id=437072, stack(0x000000d21f600000,0x000000d21f700000) (1024K)]
  0x000001fc6327e480 JavaThread "Daemon client event forwarder"        [_thread_blocked, id=432116, stack(0x000000d21f700000,0x000000d21f800000) (1024K)]
  0x000001fc6327eb10 JavaThread "Cache worker for journal cache (C:\Users\ISHA SEN\.gradle\caches\journal-1)"        [_thread_blocked, id=442880, stack(0x000000d21f800000,0x000000d21f900000) (1024K)]
  0x000001fc6327d760 JavaThread "File lock request listener"        [_thread_in_native, id=442892, stack(0x000000d21f900000,0x000000d21fa00000) (1024K)]
  0x000001fc6327ddf0 JavaThread "Cache worker for file hash cache (C:\Users\ISHA SEN\.gradle\caches\9.3.1\fileHashes)"        [_thread_blocked, id=443372, stack(0x000000d21fa00000,0x000000d21fb00000) (1024K)]
  0x000001fc64b49790 JavaThread "Cache worker for file hash cache (C:\Users\ISHA SEN\Desktop\Smart-Seva\.gradle\9.3.1\fileHashes)"        [_thread_blocked, id=443364, stack(0x000000d21fb00000,0x000000d21fc00000) (1024K)]
  0x000001fc64b4c580 JavaThread "Cache worker for Build Output Cleanup Cache (C:\Users\ISHA SEN\Desktop\Smart-Seva\.gradle\buildOutputCleanup)"        [_thread_blocked, id=443360, stack(0x000000d21fc00000,0x000000d21fd00000) (1024K)]
  0x000001fc64b4a4b0 JavaThread "File watcher server"        daemon [_thread_in_native, id=442884, stack(0x000000d21fd00000,0x000000d21fe00000) (1024K)]
  0x000001fc64b4b1d0 JavaThread "File watcher consumer"      daemon [_thread_blocked, id=438308, stack(0x000000d21fe00000,0x000000d21ff00000) (1024K)]
  0x000001fc64b4b860 JavaThread "Cache worker for checksums cache (C:\Users\ISHA SEN\Desktop\Smart-Seva\.gradle\9.3.1\checksums)"        [_thread_blocked, id=442900, stack(0x000000d21ff00000,0x000000d220000000) (1024K)]
  0x000001fc64b4bef0 JavaThread "Cache worker for file content cache (C:\Users\ISHA SEN\.gradle\caches\9.3.1\fileContent)"        [_thread_blocked, id=438096, stack(0x000000d220000000,0x000000d220100000) (1024K)]
  0x000001fc64b4cc10 JavaThread "Cache worker for cache directory md-supplier (C:\Users\ISHA SEN\.gradle\caches\9.3.1\md-supplier)"        [_thread_blocked, id=439368, stack(0x000000d220100000,0x000000d220200000) (1024K)]
  0x000001fc64b4d930 JavaThread "Cache worker for cache directory md-rule (C:\Users\ISHA SEN\.gradle\caches\9.3.1\md-rule)"        [_thread_blocked, id=442812, stack(0x000000d220200000,0x000000d220300000) (1024K)]
  0x000001fc64b4dfc0 JavaThread "jar transforms"                    [_thread_blocked, id=438212, stack(0x000000d220300000,0x000000d220400000) (1024K)]
  0x000001fc64b4ab40 JavaThread "jar transforms Thread 2"           [_thread_blocked, id=313852, stack(0x000000d220400000,0x000000d220500000) (1024K)]
  0x000001fc64b50720 JavaThread "jar transforms Thread 3"           [_thread_blocked, id=436180, stack(0x000000d220500000,0x000000d220600000) (1024K)]
  0x000001fc64b4e650 JavaThread "Unconstrained build operations"        [_thread_blocked, id=436712, stack(0x000000d220600000,0x000000d220700000) (1024K)]
  0x000001fc64b4ece0 JavaThread "Unconstrained build operations Thread 2"        [_thread_blocked, id=439472, stack(0x000000d220700000,0x000000d220800000) (1024K)]
  0x000001fc64b50db0 JavaThread "Unconstrained build operations Thread 3"        [_thread_blocked, id=428644, stack(0x000000d220800000,0x000000d220900000) (1024K)]
  0x000001fc64b4f370 JavaThread "Unconstrained build operations Thread 4"        [_thread_blocked, id=442872, stack(0x000000d220900000,0x000000d220a00000) (1024K)]
  0x000001fc64b4fa00 JavaThread "Unconstrained build operations Thread 5"        [_thread_blocked, id=441800, stack(0x000000d220a00000,0x000000d220b00000) (1024K)]
  0x000001fc64ed7bf0 JavaThread "Unconstrained build operations Thread 6"        [_thread_blocked, id=435516, stack(0x000000d220b00000,0x000000d220c00000) (1024K)]
  0x000001fc64ed61b0 JavaThread "Unconstrained build operations Thread 7"        [_thread_blocked, id=395672, stack(0x000000d220c00000,0x000000d220d00000) (1024K)]
  0x000001fc64ed6ed0 JavaThread "Unconstrained build operations Thread 8"        [_thread_blocked, id=440352, stack(0x000000d220d00000,0x000000d220e00000) (1024K)]
  0x000001fc64ed8280 JavaThread "Unconstrained build operations Thread 9"        [_thread_blocked, id=367584, stack(0x000000d220e00000,0x000000d220f00000) (1024K)]
  0x000001fc64ed5490 JavaThread "Unconstrained build operations Thread 10"        [_thread_blocked, id=426668, stack(0x000000d220f00000,0x000000d221000000) (1024K)]
  0x000001fc64ed5b20 JavaThread "Unconstrained build operations Thread 11"        [_thread_blocked, id=443128, stack(0x000000d221000000,0x000000d221100000) (1024K)]
  0x000001fc64ed8910 JavaThread "Unconstrained build operations Thread 12"        [_thread_blocked, id=434392, stack(0x000000d221100000,0x000000d221200000) (1024K)]
  0x000001fc64ed9630 JavaThread "Unconstrained build operations Thread 13"        [_thread_blocked, id=443056, stack(0x000000d221200000,0x000000d221300000) (1024K)]
  0x000001fc64ed9cc0 JavaThread "Unconstrained build operations Thread 14"        [_thread_blocked, id=427160, stack(0x000000d221300000,0x000000d221400000) (1024K)]
  0x000001fc64ed8fa0 JavaThread "Unconstrained build operations Thread 15"        [_thread_blocked, id=436756, stack(0x000000d221400000,0x000000d221500000) (1024K)]
  0x000001fc64ed6840 JavaThread "Unconstrained build operations Thread 16"        [_thread_blocked, id=436576, stack(0x000000d221500000,0x000000d221600000) (1024K)]
  0x000001fc64eda350 JavaThread "Unconstrained build operations Thread 17"        [_thread_blocked, id=438592, stack(0x000000d221600000,0x000000d221700000) (1024K)]
  0x000001fc64ed7560 JavaThread "Unconstrained build operations Thread 18"        [_thread_blocked, id=435580, stack(0x000000d221700000,0x000000d221800000) (1024K)]
  0x000001fc64edcab0 JavaThread "Unconstrained build operations Thread 19"        [_thread_blocked, id=442984, stack(0x000000d221800000,0x000000d221900000) (1024K)]
  0x000001fc64eda9e0 JavaThread "Unconstrained build operations Thread 20"        [_thread_blocked, id=385840, stack(0x000000d221900000,0x000000d221a00000) (1024K)]
  0x000001fc64edb070 JavaThread "jar transforms Thread 4"           [_thread_blocked, id=437004, stack(0x000000d221a00000,0x000000d221b00000) (1024K)]
  0x000001fc64edb700 JavaThread "jar transforms Thread 5"           [_thread_blocked, id=443288, stack(0x000000d221b00000,0x000000d221c00000) (1024K)]
  0x000001fc64edbd90 JavaThread "Unconstrained build operations Thread 21"        [_thread_blocked, id=430832, stack(0x000000d221c00000,0x000000d221d00000) (1024K)]
  0x000001fc64edc420 JavaThread "Unconstrained build operations Thread 22"        [_thread_blocked, id=437660, stack(0x000000d221d00000,0x000000d221e00000) (1024K)]
  0x000001fc6412b7c0 JavaThread "Unconstrained build operations Thread 23"        [_thread_blocked, id=435360, stack(0x000000d221e00000,0x000000d221f00000) (1024K)]
  0x000001fc6412be50 JavaThread "Unconstrained build operations Thread 24"        [_thread_blocked, id=438344, stack(0x000000d221f00000,0x000000d222000000) (1024K)]
  0x000001fc641296f0 JavaThread "Unconstrained build operations Thread 25"        [_thread_blocked, id=429112, stack(0x000000d222000000,0x000000d222100000) (1024K)]
  0x000001fc6412c4e0 JavaThread "Unconstrained build operations Thread 26"        [_thread_blocked, id=443140, stack(0x000000d222100000,0x000000d222200000) (1024K)]
  0x000001fc64129d80 JavaThread "Unconstrained build operations Thread 27"        [_thread_blocked, id=429628, stack(0x000000d222200000,0x000000d222300000) (1024K)]
  0x000001fc64129060 JavaThread "Unconstrained build operations Thread 28"        [_thread_blocked, id=372468, stack(0x000000d222300000,0x000000d222400000) (1024K)]
  0x000001fc6412a410 JavaThread "Unconstrained build operations Thread 29"        [_thread_blocked, id=436356, stack(0x000000d222400000,0x000000d222500000) (1024K)]
  0x000001fc6412d200 JavaThread "Unconstrained build operations Thread 30"        [_thread_blocked, id=442352, stack(0x000000d222500000,0x000000d222600000) (1024K)]
  0x000001fc6412cb70 JavaThread "jar transforms Thread 6"           [_thread_blocked, id=438180, stack(0x000000d222600000,0x000000d222700000) (1024K)]
  0x000001fc6412d890 JavaThread "jar transforms Thread 7"           [_thread_blocked, id=435292, stack(0x000000d222700000,0x000000d222800000) (1024K)]
  0x000001fc6412df20 JavaThread "jar transforms Thread 8"           [_thread_blocked, id=440044, stack(0x000000d222800000,0x000000d222900000) (1024K)]
  0x000001fc6412e5b0 JavaThread "Unconstrained build operations Thread 31"        [_thread_blocked, id=427848, stack(0x000000d222900000,0x000000d222a00000) (1024K)]
  0x000001fc6412b130 JavaThread "Unconstrained build operations Thread 32"        [_thread_blocked, id=428168, stack(0x000000d222a00000,0x000000d222b00000) (1024K)]
  0x000001fc6412ec40 JavaThread "Unconstrained build operations Thread 33"        [_thread_blocked, id=415892, stack(0x000000d222b00000,0x000000d222c00000) (1024K)]
  0x000001fc6412f2d0 JavaThread "Unconstrained build operations Thread 34"        [_thread_blocked, id=435160, stack(0x000000d222c00000,0x000000d222d00000) (1024K)]
  0x000001fc6412f960 JavaThread "Unconstrained build operations Thread 35"        [_thread_blocked, id=442732, stack(0x000000d222d00000,0x000000d222e00000) (1024K)]
  0x000001fc6412fff0 JavaThread "Unconstrained build operations Thread 36"        [_thread_blocked, id=442696, stack(0x000000d222e00000,0x000000d222f00000) (1024K)]
  0x000001fc65268460 JavaThread "Unconstrained build operations Thread 37"        [_thread_blocked, id=443204, stack(0x000000d222f00000,0x000000d223000000) (1024K)]
  0x000001fc6526abc0 JavaThread "Unconstrained build operations Thread 38"        [_thread_blocked, id=442728, stack(0x000000d223000000,0x000000d223100000) (1024K)]
  0x000001fc65269180 JavaThread "Unconstrained build operations Thread 39"        [_thread_blocked, id=442724, stack(0x000000d223100000,0x000000d223200000) (1024K)]
  0x000001fc65267740 JavaThread "Unconstrained build operations Thread 40"        [_thread_blocked, id=442716, stack(0x000000d223200000,0x000000d223300000) (1024K)]
  0x000001fc6526b250 JavaThread "Unconstrained build operations Thread 41"        [_thread_blocked, id=442712, stack(0x000000d223300000,0x000000d223400000) (1024K)]
  0x000001fc65267dd0 JavaThread "Unconstrained build operations Thread 42"        [_thread_blocked, id=442704, stack(0x000000d223400000,0x000000d223500000) (1024K)]
  0x000001fc65268af0 JavaThread "Unconstrained build operations Thread 43"        [_thread_blocked, id=443232, stack(0x000000d223500000,0x000000d223600000) (1024K)]
  0x000001fc6526a530 JavaThread "Unconstrained build operations Thread 44"        [_thread_blocked, id=441756, stack(0x000000d223600000,0x000000d223700000) (1024K)]
  0x000001fc6526b8e0 JavaThread "Unconstrained build operations Thread 45"        [_thread_blocked, id=442700, stack(0x000000d223700000,0x000000d223800000) (1024K)]
  0x000001fc65269810 JavaThread "Unconstrained build operations Thread 46"        [_thread_blocked, id=438040, stack(0x000000d223800000,0x000000d223900000) (1024K)]
  0x000001fc6526bf70 JavaThread "Unconstrained build operations Thread 47"        [_thread_blocked, id=427064, stack(0x000000d223900000,0x000000d223a00000) (1024K)]
  0x000001fc65269ea0 JavaThread "Unconstrained build operations Thread 48"        [_thread_blocked, id=436592, stack(0x000000d223a00000,0x000000d223b00000) (1024K)]
  0x000001fc6526e6d0 JavaThread "Unconstrained build operations Thread 49"        [_thread_blocked, id=440104, stack(0x000000d223b00000,0x000000d223c00000) (1024K)]
  0x000001fc6526e040 JavaThread "Unconstrained build operations Thread 50"        [_thread_blocked, id=434568, stack(0x000000d223c00000,0x000000d223d00000) (1024K)]
  0x000001fc6526c600 JavaThread "Unconstrained build operations Thread 51"        [_thread_blocked, id=430756, stack(0x000000d223d00000,0x000000d223e00000) (1024K)]
  0x000001fc6526ed60 JavaThread "Unconstrained build operations Thread 52"        [_thread_blocked, id=443292, stack(0x000000d223e00000,0x000000d223f00000) (1024K)]
  0x000001fc6526cc90 JavaThread "Unconstrained build operations Thread 53"        [_thread_blocked, id=432424, stack(0x000000d223f00000,0x000000d224000000) (1024K)]
  0x000001fc6526d320 JavaThread "Unconstrained build operations Thread 54"        [_thread_blocked, id=433748, stack(0x000000d224000000,0x000000d224100000) (1024K)]
  0x000001fc6526d9b0 JavaThread "Unconstrained build operations Thread 55"        [_thread_blocked, id=331828, stack(0x000000d224100000,0x000000d224200000) (1024K)]
  0x000001fc6610e090 JavaThread "Unconstrained build operations Thread 56"        [_thread_blocked, id=382212, stack(0x000000d224200000,0x000000d224300000) (1024K)]
  0x000001fc6610d370 JavaThread "Unconstrained build operations Thread 57"        [_thread_blocked, id=442756, stack(0x000000d224300000,0x000000d224400000) (1024K)]
  0x000001fc6610fad0 JavaThread "Unconstrained build operations Thread 58"        [_thread_blocked, id=442204, stack(0x000000d224400000,0x000000d224500000) (1024K)]
  0x000001fc6610da00 JavaThread "Unconstrained build operations Thread 59"        [_thread_blocked, id=437108, stack(0x000000d224500000,0x000000d224600000) (1024K)]
  0x000001fc6610e720 JavaThread "Unconstrained build operations Thread 60"        [_thread_blocked, id=443320, stack(0x000000d224600000,0x000000d224700000) (1024K)]
  0x000001fc6610cce0 JavaThread "Unconstrained build operations Thread 61"        [_thread_blocked, id=442308, stack(0x000000d224700000,0x000000d224800000) (1024K)]
  0x000001fc6610edb0 JavaThread "Unconstrained build operations Thread 62"        [_thread_blocked, id=434672, stack(0x000000d224800000,0x000000d224900000) (1024K)]
  0x000001fc6610f440 JavaThread "Unconstrained build operations Thread 63"        [_thread_blocked, id=435108, stack(0x000000d224900000,0x000000d224a00000) (1024K)]
  0x000001fc6610c650 JavaThread "Unconstrained build operations Thread 64"        [_thread_blocked, id=369076, stack(0x000000d224a00000,0x000000d224b00000) (1024K)]
  0x000001fc66110e80 JavaThread "Unconstrained build operations Thread 65"        [_thread_blocked, id=382144, stack(0x000000d224b00000,0x000000d224c00000) (1024K)]
  0x000001fc66111510 JavaThread "Unconstrained build operations Thread 66"        [_thread_blocked, id=442904, stack(0x000000d224c00000,0x000000d224d00000) (1024K)]
  0x000001fc66111ba0 JavaThread "build event listener"              [_thread_blocked, id=435504, stack(0x000000d224d00000,0x000000d224e00000) (1024K)]
  0x000001fc661128c0 JavaThread "Memory manager"                    [_thread_blocked, id=438988, stack(0x000000d224f00000,0x000000d225000000) (1024K)]
  0x000001fc668c90f0 JavaThread "pool-3-thread-1"                   [_thread_blocked, id=438064, stack(0x000000d224e00000,0x000000d224f00000) (1024K)]
  0x000001fc668c7020 JavaThread "build event listener"              [_thread_blocked, id=434880, stack(0x000000d225000000,0x000000d225100000) (1024K)]
  0x000001fc6ba9aa00 JavaThread "included builds"                   [_thread_blocked, id=435864, stack(0x000000d225100000,0x000000d225200000) (1024K)]
  0x000001fc6ba98930 JavaThread "Execution worker"                  [_thread_blocked, id=438824, stack(0x000000d225200000,0x000000d225300000) (1024K)]
  0x000001fc6ba9bdb0 JavaThread "Execution worker Thread 2"         [_thread_blocked, id=279432, stack(0x000000d225300000,0x000000d225400000) (1024K)]
  0x000001fc6ba99650 JavaThread "Execution worker Thread 3"         [_thread_blocked, id=433972, stack(0x000000d225400000,0x000000d225500000) (1024K)]
  0x000001fc6ba9b720 JavaThread "Execution worker Thread 4"         [_thread_blocked, id=377184, stack(0x000000d225500000,0x000000d225600000) (1024K)]
  0x000001fc6ba9a370 JavaThread "Execution worker Thread 5"         [_thread_blocked, id=381640, stack(0x000000d225600000,0x000000d225700000) (1024K)]
  0x000001fc6ba9c440 JavaThread "Execution worker Thread 6"         [_thread_blocked, id=438304, stack(0x000000d225700000,0x000000d225800000) (1024K)]
  0x000001fc6ba99ce0 JavaThread "Execution worker Thread 7"         [_thread_blocked, id=411748, stack(0x000000d225800000,0x000000d225900000) (1024K)]
  0x000001fc6ba98fc0 JavaThread "Execution worker Thread 8"         [_thread_blocked, id=441184, stack(0x000000d225900000,0x000000d225a00000) (1024K)]
  0x000001fc6ba9ff50 JavaThread "Execution worker Thread 9"         [_thread_blocked, id=432684, stack(0x000000d225a00000,0x000000d225b00000) (1024K)]
  0x000001fc6ba9d160 JavaThread "Execution worker Thread 10"        [_thread_blocked, id=410428, stack(0x000000d225b00000,0x000000d225c00000) (1024K)]
  0x000001fc6ba9f8c0 JavaThread "Execution worker Thread 11"        [_thread_blocked, id=433252, stack(0x000000d225c00000,0x000000d225d00000) (1024K)]
  0x000001fc6ba9d7f0 JavaThread "Cache worker for execution history cache (C:\Users\ISHA SEN\Desktop\Smart-Seva\.gradle\9.3.1\executionHistory)"        [_thread_blocked, id=438760, stack(0x000000d225d00000,0x000000d225e00000) (1024K)]
  0x000001fc6ba9cad0 JavaThread "Unconstrained build operations Thread 67"        [_thread_blocked, id=438232, stack(0x000000d225e00000,0x000000d225f00000) (1024K)]
  0x000001fc6ba9de80 JavaThread "Unconstrained build operations Thread 68"        [_thread_blocked, id=426972, stack(0x000000d225f00000,0x000000d226000000) (1024K)]
  0x000001fc6ba9eba0 JavaThread "Unconstrained build operations Thread 69"        [_thread_blocked, id=432408, stack(0x000000d226000000,0x000000d226100000) (1024K)]
  0x000001fc6ba9e510 JavaThread "Unconstrained build operations Thread 70"        [_thread_blocked, id=443384, stack(0x000000d226100000,0x000000d226200000) (1024K)]
  0x000001fc6ba9f230 JavaThread "Unconstrained build operations Thread 71"        [_thread_blocked, id=440872, stack(0x000000d226200000,0x000000d226300000) (1024K)]
  0x000001fc6bc1c9b0 JavaThread "Unconstrained build operations Thread 72"        [_thread_blocked, id=433852, stack(0x000000d226300000,0x000000d226400000) (1024K)]
  0x000001fc6bc1a8e0 JavaThread "Unconstrained build operations Thread 73"        [_thread_blocked, id=438580, stack(0x000000d226400000,0x000000d226500000) (1024K)]
  0x000001fc6bc1bc90 JavaThread "Unconstrained build operations Thread 74"        [_thread_blocked, id=438548, stack(0x000000d226500000,0x000000d226600000) (1024K)]
  0x000001fc6bc1c320 JavaThread "Unconstrained build operations Thread 75"        [_thread_blocked, id=427552, stack(0x000000d226600000,0x000000d226700000) (1024K)]
  0x000001fc6bc1d040 JavaThread "Unconstrained build operations Thread 76"        [_thread_blocked, id=429988, stack(0x000000d226700000,0x000000d226800000) (1024K)]
  0x000001fc6bc1b600 JavaThread "Unconstrained build operations Thread 77"        [_thread_blocked, id=432980, stack(0x000000d226800000,0x000000d226900000) (1024K)]
  0x000001fc6bc1e3f0 JavaThread "Unconstrained build operations Thread 78"        [_thread_blocked, id=434608, stack(0x000000d226900000,0x000000d226a00000) (1024K)]
  0x000001fc6bc1ea80 JavaThread "Unconstrained build operations Thread 79"        [_thread_blocked, id=436040, stack(0x000000d226a00000,0x000000d226b00000) (1024K)]
  0x000001fc6bc1f110 JavaThread "Unconstrained build operations Thread 80"        [_thread_blocked, id=438480, stack(0x000000d226b00000,0x000000d226c00000) (1024K)]
  0x000001fc661135e0 JavaThread "Unconstrained build operations Thread 81"        [_thread_blocked, id=438140, stack(0x000000d226c00000,0x000000d226d00000) (1024K)]
  0x000001fc66110160 JavaThread "Unconstrained build operations Thread 82"        [_thread_blocked, id=437708, stack(0x000000d226d00000,0x000000d226e00000) (1024K)]
  0x000001fc6ba9b090 JavaThread "Unconstrained build operations Thread 83"        [_thread_blocked, id=428392, stack(0x000000d226e00000,0x000000d226f00000) (1024K)]
  0x000001fc6ca0da40 JavaThread "Unconstrained build operations Thread 84"        [_thread_blocked, id=436388, stack(0x000000d226f00000,0x000000d227000000) (1024K)]
  0x000001fc6ca0c690 JavaThread "Unconstrained build operations Thread 85"        [_thread_blocked, id=437048, stack(0x000000d227000000,0x000000d227100000) (1024K)]
  0x000001fc6ca0ac50 JavaThread "Unconstrained build operations Thread 86"        [_thread_blocked, id=408296, stack(0x000000d227100000,0x000000d227200000) (1024K)]
  0x000001fc6ca0d3b0 JavaThread "Unconstrained build operations Thread 87"        [_thread_blocked, id=431500, stack(0x000000d227200000,0x000000d227300000) (1024K)]
  0x000001fc6ca0b970 JavaThread "Unconstrained build operations Thread 88"        [_thread_blocked, id=439048, stack(0x000000d227300000,0x000000d227400000) (1024K)]
  0x000001fc6ca0a5c0 JavaThread "Unconstrained build operations Thread 89"        [_thread_blocked, id=397632, stack(0x000000d227400000,0x000000d227500000) (1024K)]
  0x000001fc6ca0e0d0 JavaThread "Unconstrained build operations Thread 90"        [_thread_blocked, id=439976, stack(0x000000d227500000,0x000000d227600000) (1024K)]
  0x000001fc6ca0e760 JavaThread "Unconstrained build operations Thread 91"        [_thread_blocked, id=422292, stack(0x000000d227600000,0x000000d227700000) (1024K)]
  0x000001fc6ca0b2e0 JavaThread "Unconstrained build operations Thread 92"        [_thread_blocked, id=367488, stack(0x000000d227700000,0x000000d227800000) (1024K)]
  0x000001fc6ca10830 JavaThread "Unconstrained build operations Thread 93"        [_thread_blocked, id=439244, stack(0x000000d227800000,0x000000d227900000) (1024K)]
  0x000001fc6ca12270 JavaThread "Unconstrained build operations Thread 94"        [_thread_blocked, id=436996, stack(0x000000d227900000,0x000000d227a00000) (1024K)]
  0x000001fc6ca11be0 JavaThread "Unconstrained build operations Thread 95"        [_thread_blocked, id=423296, stack(0x000000d227a00000,0x000000d227b00000) (1024K)]
  0x000001fc6ca0fb10 JavaThread "Unconstrained build operations Thread 96"        [_thread_blocked, id=439656, stack(0x000000d227b00000,0x000000d227c00000) (1024K)]
  0x000001fc6ca101a0 JavaThread "Unconstrained build operations Thread 97"        [_thread_blocked, id=435856, stack(0x000000d227c00000,0x000000d227d00000) (1024K)]
  0x000001fc6ca0edf0 JavaThread "Unconstrained build operations Thread 98"        [_thread_blocked, id=436344, stack(0x000000d227d00000,0x000000d227e00000) (1024K)]
  0x000001fc6ca10ec0 JavaThread "Unconstrained build operations Thread 99"        [_thread_blocked, id=435948, stack(0x000000d227e00000,0x000000d227f00000) (1024K)]
  0x000001fc6ca11550 JavaThread "Unconstrained build operations Thread 100"        [_thread_blocked, id=425472, stack(0x000000d227f00000,0x000000d228000000) (1024K)]
  0x000001fc6ca0f480 JavaThread "Unconstrained build operations Thread 101"        [_thread_blocked, id=439336, stack(0x000000d228000000,0x000000d228100000) (1024K)]
  0x000001fc6ca12900 JavaThread "Unconstrained build operations Thread 102"        [_thread_blocked, id=429880, stack(0x000000d228100000,0x000000d228200000) (1024K)]
  0x000001fc6ca13620 JavaThread "Unconstrained build operations Thread 103"        [_thread_blocked, id=442560, stack(0x000000d228200000,0x000000d228300000) (1024K)]
  0x000001fc6ca14340 JavaThread "Unconstrained build operations Thread 104"        [_thread_blocked, id=440036, stack(0x000000d228300000,0x000000d228400000) (1024K)]
  0x000001fc6ca12f90 JavaThread "Unconstrained build operations Thread 105"        [_thread_blocked, id=442680, stack(0x000000d228400000,0x000000d228500000) (1024K)]
  0x000001fc6ca16410 JavaThread "Unconstrained build operations Thread 106"        [_thread_blocked, id=443180, stack(0x000000d228500000,0x000000d228600000) (1024K)]
  0x000001fc6ca149d0 JavaThread "Unconstrained build operations Thread 107"        [_thread_blocked, id=443220, stack(0x000000d228600000,0x000000d228700000) (1024K)]
  0x000001fc6ca15060 JavaThread "Unconstrained build operations Thread 108"        [_thread_blocked, id=425080, stack(0x000000d228700000,0x000000d228800000) (1024K)]
  0x000001fc6ca156f0 JavaThread "Unconstrained build operations Thread 109"        [_thread_blocked, id=442152, stack(0x000000d228800000,0x000000d228900000) (1024K)]
  0x000001fc6ca16aa0 JavaThread "Unconstrained build operations Thread 110"        [_thread_blocked, id=439236, stack(0x000000d228900000,0x000000d228a00000) (1024K)]
  0x000001fc6ca15d80 JavaThread "Unconstrained build operations Thread 111"        [_thread_blocked, id=430856, stack(0x000000d228a00000,0x000000d228b00000) (1024K)]
  0x000001fc6ca17130 JavaThread "Unconstrained build operations Thread 112"        [_thread_blocked, id=439820, stack(0x000000d228b00000,0x000000d228c00000) (1024K)]
  0x000001fc6ca13cb0 JavaThread "Unconstrained build operations Thread 113"        [_thread_blocked, id=436748, stack(0x000000d228c00000,0x000000d228d00000) (1024K)]
  0x000001fc6ca177c0 JavaThread "Unconstrained build operations Thread 114"        [_thread_blocked, id=439260, stack(0x000000d228d00000,0x000000d228e00000) (1024K)]
  0x000001fc6ca17e50 JavaThread "Unconstrained build operations Thread 115"        [_thread_blocked, id=423536, stack(0x000000d228e00000,0x000000d228f00000) (1024K)]
  0x000001fc6ca184e0 JavaThread "Unconstrained build operations Thread 116"        [_thread_blocked, id=431760, stack(0x000000d228f00000,0x000000d229000000) (1024K)]
  0x000001fc6ca18b70 JavaThread "Unconstrained build operations Thread 117"        [_thread_blocked, id=435900, stack(0x000000d229000000,0x000000d229100000) (1024K)]
  0x000001fc6ca19200 JavaThread "Unconstrained build operations Thread 118"        [_thread_blocked, id=395824, stack(0x000000d229100000,0x000000d229200000) (1024K)]
  0x000001fc6ca19890 JavaThread "Unconstrained build operations Thread 119"        [_thread_blocked, id=427220, stack(0x000000d229200000,0x000000d229300000) (1024K)]
  0x000001fc668c8a60 JavaThread "Unconstrained build operations Thread 120"        [_thread_blocked, id=441592, stack(0x000000d229300000,0x000000d229400000) (1024K)]
  0x000001fc6d110700 JavaThread "WorkerExecutor Queue"              [_thread_blocked, id=390064, stack(0x000000d229400000,0x000000d229500000) (1024K)]
  0x000001fc6147c7b0 JavaThread "C2 CompilerThread1"         daemon [_thread_in_native, id=435500, stack(0x000000d229500000,0x000000d229600000) (1024K)]
  0x000001fc6d10c560 JavaThread "WorkerExecutor Queue Thread 2"        [_thread_blocked, id=440932, stack(0x000000d229600000,0x000000d229700000) (1024K)]
  0x000001fc6d10bed0 JavaThread "WorkerExecutor Queue Thread 3"        [_thread_in_Java, id=442788, stack(0x000000d229700000,0x000000d229800000) (1024K)]
  0x000001fc6d10dfa0 JavaThread "WorkerExecutor Queue Thread 4"        [_thread_blocked, id=427420, stack(0x000000d229800000,0x000000d229900000) (1024K)]
  0x000001fc6d10b840 JavaThread "ForkJoinPool-1-worker-1"    daemon [_thread_blocked, id=422380, stack(0x000000d229900000,0x000000d229a00000) (1024K)]
  0x000001fc6d10b1b0 JavaThread "ForkJoinPool-1-worker-2"    daemon [_thread_blocked, id=420780, stack(0x000000d229a00000,0x000000d229b00000) (1024K)]
  0x000001fc6d110070 JavaThread "ForkJoinPool-1-worker-3"    daemon [_thread_blocked, id=435596, stack(0x000000d229b00000,0x000000d229c00000) (1024K)]
  0x000001fc6d110d90 JavaThread "ForkJoinPool-1-worker-4"    daemon [_thread_blocked, id=435952, stack(0x000000d229c00000,0x000000d229d00000) (1024K)]
  0x000001fc6d111420 JavaThread "ForkJoinPool-1-worker-5"    daemon [_thread_blocked, id=441196, stack(0x000000d229d00000,0x000000d229e00000) (1024K)]
  0x000001fc6d10ecc0 JavaThread "ForkJoinPool-1-worker-6"    daemon [_thread_blocked, id=443240, stack(0x000000d229e00000,0x000000d229f00000) (1024K)]
  0x000001fc6d111ab0 JavaThread "ForkJoinPool-1-worker-9"    daemon [_thread_blocked, id=417616, stack(0x000000d229f00000,0x000000d22a000000) (1024K)]
  0x000001fc6d10f350 JavaThread "ForkJoinPool-1-worker-7"    daemon [_thread_blocked, id=443112, stack(0x000000d22a000000,0x000000d22a100000) (1024K)]
  0x000001fc6d112140 JavaThread "ForkJoinPool-1-worker-8"    daemon [_thread_blocked, id=442972, stack(0x000000d22a100000,0x000000d22a200000) (1024K)]
  0x000001fc6d1127d0 JavaThread "ForkJoinPool-1-worker-10"   daemon [_thread_blocked, id=443108, stack(0x000000d22a200000,0x000000d22a300000) (1024K)]
  0x000001fc6d112e60 JavaThread "ForkJoinPool-1-worker-11"   daemon [_thread_blocked, id=443004, stack(0x000000d22a300000,0x000000d22a400000) (1024K)]
  0x000001fc6d10f9e0 JavaThread "ForkJoinPool-1-worker-12"   daemon [_thread_blocked, id=443248, stack(0x000000d22a400000,0x000000d22a500000) (1024K)]
Total: 194

Other Threads:
  0x000001fc5c8be080 VMThread "VM Thread"                           [id=442648, stack(0x000000d21d800000,0x000000d21d900000) (1024K)]
  0x000001fc5c9419e0 WatcherThread "VM Periodic Task Thread"        [id=442664, stack(0x000000d21d700000,0x000000d21d800000) (1024K)]
  0x000001fc44db5250 WorkerThread "GC Thread#0"                     [id=425312, stack(0x000000d21d200000,0x000000d21d300000) (1024K)]
  0x000001fc6129c830 WorkerThread "GC Thread#1"                     [id=425028, stack(0x000000d21e400000,0x000000d21e500000) (1024K)]
  0x000001fc6129cbe0 WorkerThread "GC Thread#2"                     [id=432652, stack(0x000000d21e500000,0x000000d21e600000) (1024K)]
  0x000001fc6129cf90 WorkerThread "GC Thread#3"                     [id=436068, stack(0x000000d21e600000,0x000000d21e700000) (1024K)]
  0x000001fc613986b0 WorkerThread "GC Thread#4"                     [id=413596, stack(0x000000d21e700000,0x000000d21e800000) (1024K)]
  0x000001fc61e82b90 WorkerThread "GC Thread#5"                     [id=440528, stack(0x000000d21e900000,0x000000d21ea00000) (1024K)]
  0x000001fc62de0d50 WorkerThread "GC Thread#6"                     [id=437988, stack(0x000000d21ea00000,0x000000d21eb00000) (1024K)]
  0x000001fc62c36600 WorkerThread "GC Thread#7"                     [id=435180, stack(0x000000d21eb00000,0x000000d21ec00000) (1024K)]
  0x000001fc61fafa80 WorkerThread "GC Thread#8"                     [id=437136, stack(0x000000d21ec00000,0x000000d21ed00000) (1024K)]
  0x000001fc62c65920 WorkerThread "GC Thread#9"                     [id=443380, stack(0x000000d21ed00000,0x000000d21ee00000) (1024K)]
  0x000001fc44dc6150 ConcurrentGCThread "G1 Main Marker"            [id=442944, stack(0x000000d21d300000,0x000000d21d400000) (1024K)]
  0x000001fc44dc89c0 WorkerThread "G1 Conc#0"                       [id=442940, stack(0x000000d21d400000,0x000000d21d500000) (1024K)]
  0x000001fc632bfe90 WorkerThread "G1 Conc#1"                       [id=438192, stack(0x000000d21f400000,0x000000d21f500000) (1024K)]
  0x000001fc632c05f0 WorkerThread "G1 Conc#2"                       [id=442912, stack(0x000000d21f500000,0x000000d21f600000) (1024K)]
  0x000001fc5c7b0160 ConcurrentGCThread "G1 Refine#0"               [id=442672, stack(0x000000d21d500000,0x000000d21d600000) (1024K)]
  0x000001fc66185610 ConcurrentGCThread "G1 Refine#1"               [id=443268, stack(0x000000d22a500000,0x000000d22a600000) (1024K)]
  0x000001fc5c7b1aa0 ConcurrentGCThread "G1 Service"                [id=442668, stack(0x000000d21d600000,0x000000d21d700000) (1024K)]
Total: 19

Threads with active compile tasks:
C2 CompilerThread0  24770 15834       4       com.android.tools.r8.dex.z::a (1018 bytes)
C2 CompilerThread1  24770 16088       4       com.android.tools.r8.dex.z::b (278 bytes)
Total: 2

VM state: not at safepoint (normal execution)

VM Mutex/Monitor currently owned by a thread: None

Heap address: 0x0000000080000000, size: 2048 MB, Compressed Oops mode: 32-bit

CDS archive(s) not mapped
Compressed class space mapped at: 0x0000000100000000-0x0000000140000000, reserved size: 1073741824
Narrow klass base: 0x0000000000000000, Narrow klass shift: 3, Narrow klass range: 0x140000000

GC Precious Log:
 CardTable entry size: 512
 Card Set container configuration: InlinePtr #cards 5 size 8 Array Of Cards #cards 12 size 40 Howl #buckets 4 coarsen threshold 1843 Howl Bitmap #cards 512 size 80 coarsen threshold 460 Card regions per heap region 1 cards per card region 2048
 CPUs: 12 total, 12 available
 Memory: 15710M
 Large Page Support: Disabled
 NUMA Support: Disabled
 Compressed Oops: Enabled (32-bit)
 Heap Region Size: 1M
 Heap Min Capacity: 8M
 Heap Initial Capacity: 246M
 Heap Max Capacity: 2G
 Pre-touch: Disabled
 Parallel Workers: 10
 Concurrent Workers: 3
 Concurrent Refinement Workers: 10
 Periodic GC: Disabled

Heap:
 garbage-first heap   total 729088K, used 479744K [0x0000000080000000, 0x0000000100000000)
  region size 1024K, 75 young (76800K), 32 survivors (32768K)
 Metaspace       used 124437K, committed 126784K, reserved 1179648K
  class space    used 17616K, committed 18752K, reserved 1048576K

Heap Regions: E=young(eden), S=young(survivor), O=old, HS=humongous(starts), HC=humongous(continues), CS=collection set, F=free, TAMS=top-at-mark-start, PB=parsable bottom
|   0|0x0000000080000000, 0x0000000080100000, 0x0000000080100000|100%|HS|  |TAMS 0x0000000080000000| PB 0x0000000080000000| Complete 
|   1|0x0000000080100000, 0x0000000080200000, 0x0000000080200000|100%|HC|  |TAMS 0x0000000080100000| PB 0x0000000080100000| Complete 
|   2|0x0000000080200000, 0x0000000080300000, 0x0000000080300000|100%|HC|  |TAMS 0x0000000080200000| PB 0x0000000080200000| Complete 
|   3|0x0000000080300000, 0x0000000080400000, 0x0000000080400000|100%|HC|  |TAMS 0x0000000080300000| PB 0x0000000080300000| Complete 
|   4|0x0000000080400000, 0x0000000080500000, 0x0000000080500000|100%| O|  |TAMS 0x0000000080400000| PB 0x0000000080400000| Untracked 
|   5|0x0000000080500000, 0x0000000080600000, 0x0000000080600000|100%| O|  |TAMS 0x0000000080500000| PB 0x0000000080500000| Untracked 
|   6|0x0000000080600000, 0x0000000080700000, 0x0000000080700000|100%| O|  |TAMS 0x0000000080600000| PB 0x0000000080600000| Untracked 
|   7|0x0000000080700000, 0x0000000080800000, 0x0000000080800000|100%|HS|  |TAMS 0x0000000080700000| PB 0x0000000080700000| Complete 
|   8|0x0000000080800000, 0x0000000080900000, 0x0000000080900000|100%| O|  |TAMS 0x0000000080800000| PB 0x0000000080800000| Untracked 
|   9|0x0000000080900000, 0x0000000080a00000, 0x0000000080a00000|100%| O|  |TAMS 0x0000000080900000| PB 0x0000000080900000| Untracked 
|  10|0x0000000080a00000, 0x0000000080b00000, 0x0000000080b00000|100%| O|  |TAMS 0x0000000080a00000| PB 0x0000000080a00000| Untracked 
|  11|0x0000000080b00000, 0x0000000080c00000, 0x0000000080c00000|100%| O|  |TAMS 0x0000000080b00000| PB 0x0000000080b00000| Untracked 
|  12|0x0000000080c00000, 0x0000000080d00000, 0x0000000080d00000|100%| O|  |TAMS 0x0000000080c00000| PB 0x0000000080c00000| Untracked 
|  13|0x0000000080d00000, 0x0000000080e00000, 0x0000000080e00000|100%| O|  |TAMS 0x0000000080d00000| PB 0x0000000080d00000| Untracked 
|  14|0x0000000080e00000, 0x0000000080f00000, 0x0000000080f00000|100%| O|  |TAMS 0x0000000080e00000| PB 0x0000000080e00000| Untracked 
|  15|0x0000000080f00000, 0x0000000081000000, 0x0000000081000000|100%| O|  |TAMS 0x0000000080f00000| PB 0x0000000080f00000| Untracked 
|  16|0x0000000081000000, 0x0000000081100000, 0x0000000081100000|100%| O|  |TAMS 0x0000000081000000| PB 0x0000000081000000| Untracked 
|  17|0x0000000081100000, 0x0000000081200000, 0x0000000081200000|100%| O|  |TAMS 0x0000000081100000| PB 0x0000000081100000| Untracked 
|  18|0x0000000081200000, 0x0000000081300000, 0x0000000081300000|100%| O|  |TAMS 0x0000000081200000| PB 0x0000000081200000| Untracked 
|  19|0x0000000081300000, 0x0000000081400000, 0x0000000081400000|100%| O|  |TAMS 0x0000000081300000| PB 0x0000000081300000| Untracked 
|  20|0x0000000081400000, 0x0000000081500000, 0x0000000081500000|100%| O|  |TAMS 0x0000000081400000| PB 0x0000000081400000| Untracked 
|  21|0x0000000081500000, 0x0000000081600000, 0x0000000081600000|100%| O|  |TAMS 0x0000000081500000| PB 0x0000000081500000| Untracked 
|  22|0x0000000081600000, 0x0000000081700000, 0x0000000081700000|100%| O|  |TAMS 0x0000000081600000| PB 0x0000000081600000| Untracked 
|  23|0x0000000081700000, 0x0000000081800000, 0x0000000081800000|100%| O|  |TAMS 0x0000000081700000| PB 0x0000000081700000| Untracked 
|  24|0x0000000081800000, 0x0000000081900000, 0x0000000081900000|100%| O|  |TAMS 0x0000000081800000| PB 0x0000000081800000| Untracked 
|  25|0x0000000081900000, 0x0000000081a00000, 0x0000000081a00000|100%| O|  |TAMS 0x0000000081900000| PB 0x0000000081900000| Untracked 
|  26|0x0000000081a00000, 0x0000000081b00000, 0x0000000081b00000|100%| O|  |TAMS 0x0000000081a00000| PB 0x0000000081a00000| Untracked 
|  27|0x0000000081b00000, 0x0000000081c00000, 0x0000000081c00000|100%| O|  |TAMS 0x0000000081b00000| PB 0x0000000081b00000| Untracked 
|  28|0x0000000081c00000, 0x0000000081d00000, 0x0000000081d00000|100%|HS|  |TAMS 0x0000000081c00000| PB 0x0000000081c00000| Complete 
|  29|0x0000000081d00000, 0x0000000081e00000, 0x0000000081e00000|100%|HC|  |TAMS 0x0000000081d00000| PB 0x0000000081d00000| Complete 
|  30|0x0000000081e00000, 0x0000000081f00000, 0x0000000081f00000|100%| O|  |TAMS 0x0000000081e00000| PB 0x0000000081e00000| Untracked 
|  31|0x0000000081f00000, 0x0000000082000000, 0x0000000082000000|100%| O|  |TAMS 0x0000000081f00000| PB 0x0000000081f00000| Untracked 
|  32|0x0000000082000000, 0x0000000082100000, 0x0000000082100000|100%| O|  |TAMS 0x0000000082000000| PB 0x0000000082000000| Untracked 
|  33|0x0000000082100000, 0x0000000082200000, 0x0000000082200000|100%|HS|  |TAMS 0x0000000082100000| PB 0x0000000082100000| Complete 
|  34|0x0000000082200000, 0x0000000082300000, 0x0000000082300000|100%| O|  |TAMS 0x0000000082200000| PB 0x0000000082200000| Untracked 
|  35|0x0000000082300000, 0x0000000082400000, 0x0000000082400000|100%| O|  |TAMS 0x0000000082300000| PB 0x0000000082300000| Untracked 
|  36|0x0000000082400000, 0x0000000082500000, 0x0000000082500000|100%| O|  |TAMS 0x0000000082400000| PB 0x0000000082400000| Untracked 
|  37|0x0000000082500000, 0x0000000082600000, 0x0000000082600000|100%| O|  |TAMS 0x0000000082500000| PB 0x0000000082500000| Untracked 
|  38|0x0000000082600000, 0x0000000082700000, 0x0000000082700000|100%| O|  |TAMS 0x0000000082600000| PB 0x0000000082600000| Untracked 
|  39|0x0000000082700000, 0x0000000082800000, 0x0000000082800000|100%| O|  |TAMS 0x0000000082700000| PB 0x0000000082700000| Untracked 
|  40|0x0000000082800000, 0x0000000082900000, 0x0000000082900000|100%| O|  |TAMS 0x0000000082800000| PB 0x0000000082800000| Untracked 
|  41|0x0000000082900000, 0x0000000082a00000, 0x0000000082a00000|100%| O|  |TAMS 0x0000000082900000| PB 0x0000000082900000| Untracked 
|  42|0x0000000082a00000, 0x0000000082b00000, 0x0000000082b00000|100%| O|  |TAMS 0x0000000082a00000| PB 0x0000000082a00000| Untracked 
|  43|0x0000000082b00000, 0x0000000082c00000, 0x0000000082c00000|100%| O|  |TAMS 0x0000000082b00000| PB 0x0000000082b00000| Untracked 
|  44|0x0000000082c00000, 0x0000000082d00000, 0x0000000082d00000|100%| O|  |TAMS 0x0000000082c00000| PB 0x0000000082c00000| Untracked 
|  45|0x0000000082d00000, 0x0000000082e00000, 0x0000000082e00000|100%|HS|  |TAMS 0x0000000082d00000| PB 0x0000000082d00000| Complete 
|  46|0x0000000082e00000, 0x0000000082f00000, 0x0000000082f00000|100%| O|  |TAMS 0x0000000082e00000| PB 0x0000000082e00000| Untracked 
|  47|0x0000000082f00000, 0x0000000083000000, 0x0000000083000000|100%| O|  |TAMS 0x0000000082f00000| PB 0x0000000082f00000| Untracked 
|  48|0x0000000083000000, 0x0000000083100000, 0x0000000083100000|100%| O|  |TAMS 0x0000000083000000| PB 0x0000000083000000| Untracked 
|  49|0x0000000083100000, 0x0000000083200000, 0x0000000083200000|100%|HS|  |TAMS 0x0000000083100000| PB 0x0000000083100000| Complete 
|  50|0x0000000083200000, 0x0000000083300000, 0x0000000083300000|100%|HC|  |TAMS 0x0000000083200000| PB 0x0000000083200000| Complete 
|  51|0x0000000083300000, 0x0000000083400000, 0x0000000083400000|100%|HS|  |TAMS 0x0000000083300000| PB 0x0000000083300000| Complete 
|  52|0x0000000083400000, 0x0000000083500000, 0x0000000083500000|100%| O|  |TAMS 0x0000000083400000| PB 0x0000000083400000| Untracked 
|  53|0x0000000083500000, 0x0000000083600000, 0x0000000083600000|100%| O|  |TAMS 0x0000000083500000| PB 0x0000000083500000| Untracked 
|  54|0x0000000083600000, 0x0000000083700000, 0x0000000083700000|100%| O|  |TAMS 0x0000000083600000| PB 0x0000000083600000| Untracked 
|  55|0x0000000083700000, 0x0000000083800000, 0x0000000083800000|100%| O|  |TAMS 0x0000000083700000| PB 0x0000000083700000| Untracked 
|  56|0x0000000083800000, 0x0000000083900000, 0x0000000083900000|100%|HS|  |TAMS 0x0000000083800000| PB 0x0000000083800000| Complete 
|  57|0x0000000083900000, 0x0000000083a00000, 0x0000000083a00000|100%| O|  |TAMS 0x0000000083900000| PB 0x0000000083900000| Untracked 
|  58|0x0000000083a00000, 0x0000000083b00000, 0x0000000083b00000|100%|HS|  |TAMS 0x0000000083a00000| PB 0x0000000083a00000| Complete 
|  59|0x0000000083b00000, 0x0000000083c00000, 0x0000000083c00000|100%|HS|  |TAMS 0x0000000083b00000| PB 0x0000000083b00000| Complete 
|  60|0x0000000083c00000, 0x0000000083d00000, 0x0000000083d00000|100%| O|  |TAMS 0x0000000083c00000| PB 0x0000000083c00000| Untracked 
|  61|0x0000000083d00000, 0x0000000083e00000, 0x0000000083e00000|100%| O|  |TAMS 0x0000000083d00000| PB 0x0000000083d00000| Untracked 
|  62|0x0000000083e00000, 0x0000000083f00000, 0x0000000083f00000|100%|HS|  |TAMS 0x0000000083e00000| PB 0x0000000083e00000| Complete 
|  63|0x0000000083f00000, 0x0000000084000000, 0x0000000084000000|100%| O|  |TAMS 0x0000000083f00000| PB 0x0000000083f00000| Untracked 
|  64|0x0000000084000000, 0x0000000084100000, 0x0000000084100000|100%| O|  |TAMS 0x0000000084000000| PB 0x0000000084000000| Untracked 
|  65|0x0000000084100000, 0x0000000084200000, 0x0000000084200000|100%| O|  |TAMS 0x0000000084100000| PB 0x0000000084100000| Untracked 
|  66|0x0000000084200000, 0x0000000084300000, 0x0000000084300000|100%| O|  |TAMS 0x0000000084200000| PB 0x0000000084200000| Untracked 
|  67|0x0000000084300000, 0x0000000084400000, 0x0000000084400000|100%| O|  |TAMS 0x0000000084300000| PB 0x0000000084300000| Untracked 
|  68|0x0000000084400000, 0x0000000084500000, 0x0000000084500000|100%| O|  |TAMS 0x0000000084400000| PB 0x0000000084400000| Untracked 
|  69|0x0000000084500000, 0x0000000084600000, 0x0000000084600000|100%| O|  |TAMS 0x0000000084500000| PB 0x0000000084500000| Untracked 
|  70|0x0000000084600000, 0x0000000084700000, 0x0000000084700000|100%| O|  |TAMS 0x0000000084600000| PB 0x0000000084600000| Untracked 
|  71|0x0000000084700000, 0x0000000084800000, 0x0000000084800000|100%| O|  |TAMS 0x0000000084700000| PB 0x0000000084700000| Untracked 
|  72|0x0000000084800000, 0x0000000084900000, 0x0000000084900000|100%| O|  |TAMS 0x0000000084800000| PB 0x0000000084800000| Untracked 
|  73|0x0000000084900000, 0x0000000084a00000, 0x0000000084a00000|100%| O|  |TAMS 0x0000000084900000| PB 0x0000000084900000| Untracked 
|  74|0x0000000084a00000, 0x0000000084b00000, 0x0000000084b00000|100%| O|  |TAMS 0x0000000084a00000| PB 0x0000000084a00000| Untracked 
|  75|0x0000000084b00000, 0x0000000084c00000, 0x0000000084c00000|100%| O|  |TAMS 0x0000000084b00000| PB 0x0000000084b00000| Untracked 
|  76|0x0000000084c00000, 0x0000000084d00000, 0x0000000084d00000|100%| O|  |TAMS 0x0000000084c00000| PB 0x0000000084c00000| Untracked 
|  77|0x0000000084d00000, 0x0000000084e00000, 0x0000000084e00000|100%| O|  |TAMS 0x0000000084d00000| PB 0x0000000084d00000| Untracked 
|  78|0x0000000084e00000, 0x0000000084f00000, 0x0000000084f00000|100%| O|  |TAMS 0x0000000084e00000| PB 0x0000000084e00000| Untracked 
|  79|0x0000000084f00000, 0x0000000085000000, 0x0000000085000000|100%| O|  |TAMS 0x0000000084f00000| PB 0x0000000084f00000| Untracked 
|  80|0x0000000085000000, 0x0000000085100000, 0x0000000085100000|100%| O|  |TAMS 0x0000000085000000| PB 0x0000000085000000| Untracked 
|  81|0x0000000085100000, 0x0000000085200000, 0x0000000085200000|100%| O|  |TAMS 0x0000000085100000| PB 0x0000000085100000| Untracked 
|  82|0x0000000085200000, 0x0000000085300000, 0x0000000085300000|100%| O|  |TAMS 0x0000000085200000| PB 0x0000000085200000| Untracked 
|  83|0x0000000085300000, 0x0000000085400000, 0x0000000085400000|100%| O|  |TAMS 0x0000000085300000| PB 0x0000000085300000| Untracked 
|  84|0x0000000085400000, 0x0000000085500000, 0x0000000085500000|100%|HS|  |TAMS 0x0000000085400000| PB 0x0000000085400000| Complete 
|  85|0x0000000085500000, 0x0000000085600000, 0x0000000085600000|100%|HC|  |TAMS 0x0000000085500000| PB 0x0000000085500000| Complete 
|  86|0x0000000085600000, 0x0000000085700000, 0x0000000085700000|100%| O|  |TAMS 0x0000000085600000| PB 0x0000000085600000| Untracked 
|  87|0x0000000085700000, 0x0000000085800000, 0x0000000085800000|100%| O|  |TAMS 0x0000000085700000| PB 0x0000000085700000| Untracked 
|  88|0x0000000085800000, 0x0000000085900000, 0x0000000085900000|100%| O|  |TAMS 0x0000000085800000| PB 0x0000000085800000| Untracked 
|  89|0x0000000085900000, 0x0000000085a00000, 0x0000000085a00000|100%| O|  |TAMS 0x0000000085900000| PB 0x0000000085900000| Untracked 
|  90|0x0000000085a00000, 0x0000000085b00000, 0x0000000085b00000|100%| O|  |TAMS 0x0000000085a00000| PB 0x0000000085a00000| Untracked 
|  91|0x0000000085b00000, 0x0000000085c00000, 0x0000000085c00000|100%| O|  |TAMS 0x0000000085b00000| PB 0x0000000085b00000| Untracked 
|  92|0x0000000085c00000, 0x0000000085d00000, 0x0000000085d00000|100%| O|  |TAMS 0x0000000085c00000| PB 0x0000000085c00000| Untracked 
|  93|0x0000000085d00000, 0x0000000085e00000, 0x0000000085e00000|100%| O|  |TAMS 0x0000000085d00000| PB 0x0000000085d00000| Untracked 
|  94|0x0000000085e00000, 0x0000000085f00000, 0x0000000085f00000|100%| O|  |TAMS 0x0000000085e00000| PB 0x0000000085e00000| Untracked 
|  95|0x0000000085f00000, 0x0000000086000000, 0x0000000086000000|100%| O|  |TAMS 0x0000000085f00000| PB 0x0000000085f00000| Untracked 
|  96|0x0000000086000000, 0x0000000086100000, 0x0000000086100000|100%| O|  |TAMS 0x0000000086000000| PB 0x0000000086000000| Untracked 
|  97|0x0000000086100000, 0x0000000086200000, 0x0000000086200000|100%| O|  |TAMS 0x0000000086100000| PB 0x0000000086100000| Untracked 
|  98|0x0000000086200000, 0x0000000086300000, 0x0000000086300000|100%| O|  |TAMS 0x0000000086200000| PB 0x0000000086200000| Untracked 
|  99|0x0000000086300000, 0x0000000086400000, 0x0000000086400000|100%| O|  |TAMS 0x0000000086300000| PB 0x0000000086300000| Untracked 
| 100|0x0000000086400000, 0x0000000086500000, 0x0000000086500000|100%| O|  |TAMS 0x0000000086400000| PB 0x0000000086400000| Untracked 
| 101|0x0000000086500000, 0x0000000086600000, 0x0000000086600000|100%| O|  |TAMS 0x0000000086500000| PB 0x0000000086500000| Untracked 
| 102|0x0000000086600000, 0x0000000086700000, 0x0000000086700000|100%| O|  |TAMS 0x0000000086600000| PB 0x0000000086600000| Untracked 
| 103|0x0000000086700000, 0x0000000086800000, 0x0000000086800000|100%| O|  |TAMS 0x0000000086700000| PB 0x0000000086700000| Untracked 
| 104|0x0000000086800000, 0x0000000086900000, 0x0000000086900000|100%| O|  |TAMS 0x0000000086800000| PB 0x0000000086800000| Untracked 
| 105|0x0000000086900000, 0x0000000086a00000, 0x0000000086a00000|100%| O|  |TAMS 0x0000000086900000| PB 0x0000000086900000| Untracked 
| 106|0x0000000086a00000, 0x0000000086b00000, 0x0000000086b00000|100%| O|  |TAMS 0x0000000086a00000| PB 0x0000000086a00000| Untracked 
| 107|0x0000000086b00000, 0x0000000086c00000, 0x0000000086c00000|100%| O|  |TAMS 0x0000000086b00000| PB 0x0000000086b00000| Untracked 
| 108|0x0000000086c00000, 0x0000000086d00000, 0x0000000086d00000|100%| O|  |TAMS 0x0000000086c00000| PB 0x0000000086c00000| Untracked 
| 109|0x0000000086d00000, 0x0000000086e00000, 0x0000000086e00000|100%| O|  |TAMS 0x0000000086d00000| PB 0x0000000086d00000| Untracked 
| 110|0x0000000086e00000, 0x0000000086f00000, 0x0000000086f00000|100%| O|  |TAMS 0x0000000086e00000| PB 0x0000000086e00000| Untracked 
| 111|0x0000000086f00000, 0x0000000087000000, 0x0000000087000000|100%| O|  |TAMS 0x0000000086f00000| PB 0x0000000086f00000| Untracked 
| 112|0x0000000087000000, 0x0000000087100000, 0x0000000087100000|100%| O|  |TAMS 0x0000000087000000| PB 0x0000000087000000| Untracked 
| 113|0x0000000087100000, 0x0000000087200000, 0x0000000087200000|100%| O|  |TAMS 0x0000000087100000| PB 0x0000000087100000| Untracked 
| 114|0x0000000087200000, 0x0000000087300000, 0x0000000087300000|100%| O|  |TAMS 0x0000000087200000| PB 0x0000000087200000| Untracked 
| 115|0x0000000087300000, 0x0000000087400000, 0x0000000087400000|100%| O|  |TAMS 0x0000000087300000| PB 0x0000000087300000| Untracked 
| 116|0x0000000087400000, 0x0000000087500000, 0x0000000087500000|100%| O|  |TAMS 0x0000000087400000| PB 0x0000000087400000| Untracked 
| 117|0x0000000087500000, 0x0000000087600000, 0x0000000087600000|100%| O|  |TAMS 0x0000000087500000| PB 0x0000000087500000| Untracked 
| 118|0x0000000087600000, 0x0000000087700000, 0x0000000087700000|100%| O|  |TAMS 0x0000000087600000| PB 0x0000000087600000| Untracked 
| 119|0x0000000087700000, 0x0000000087800000, 0x0000000087800000|100%| O|  |TAMS 0x0000000087700000| PB 0x0000000087700000| Untracked 
| 120|0x0000000087800000, 0x0000000087900000, 0x0000000087900000|100%| O|  |TAMS 0x0000000087800000| PB 0x0000000087800000| Untracked 
| 121|0x0000000087900000, 0x0000000087a00000, 0x0000000087a00000|100%| O|  |TAMS 0x0000000087900000| PB 0x0000000087900000| Untracked 
| 122|0x0000000087a00000, 0x0000000087b00000, 0x0000000087b00000|100%| O|  |TAMS 0x0000000087a00000| PB 0x0000000087a00000| Untracked 
| 123|0x0000000087b00000, 0x0000000087c00000, 0x0000000087c00000|100%| O|  |TAMS 0x0000000087b00000| PB 0x0000000087b00000| Untracked 
| 124|0x0000000087c00000, 0x0000000087d00000, 0x0000000087d00000|100%| O|  |TAMS 0x0000000087c00000| PB 0x0000000087c00000| Untracked 
| 125|0x0000000087d00000, 0x0000000087e00000, 0x0000000087e00000|100%| O|  |TAMS 0x0000000087d00000| PB 0x0000000087d00000| Untracked 
| 126|0x0000000087e00000, 0x0000000087f00000, 0x0000000087f00000|100%| O|  |TAMS 0x0000000087e00000| PB 0x0000000087e00000| Untracked 
| 127|0x0000000087f00000, 0x0000000088000000, 0x0000000088000000|100%| O|  |TAMS 0x0000000087f00000| PB 0x0000000087f00000| Untracked 
| 128|0x0000000088000000, 0x0000000088100000, 0x0000000088100000|100%| O|Cm|TAMS 0x0000000088000000| PB 0x0000000088000000| Complete 
| 129|0x0000000088100000, 0x0000000088200000, 0x0000000088200000|100%| O|Cm|TAMS 0x0000000088100000| PB 0x0000000088100000| Complete 
| 130|0x0000000088200000, 0x0000000088200000, 0x0000000088300000|  0%| F|  |TAMS 0x0000000088200000| PB 0x0000000088200000| Untracked 
| 131|0x0000000088300000, 0x0000000088400000, 0x0000000088400000|100%| O|Cm|TAMS 0x0000000088300000| PB 0x0000000088300000| Complete 
| 132|0x0000000088400000, 0x0000000088500000, 0x0000000088500000|100%| O|  |TAMS 0x0000000088400000| PB 0x0000000088400000| Untracked 
| 133|0x0000000088500000, 0x0000000088600000, 0x0000000088600000|100%| O|  |TAMS 0x0000000088500000| PB 0x0000000088500000| Untracked 
| 134|0x0000000088600000, 0x0000000088700000, 0x0000000088700000|100%|HS|  |TAMS 0x0000000088600000| PB 0x0000000088600000| Complete 
| 135|0x0000000088700000, 0x0000000088800000, 0x0000000088800000|100%|HC|  |TAMS 0x0000000088700000| PB 0x0000000088700000| Complete 
| 136|0x0000000088800000, 0x0000000088900000, 0x0000000088900000|100%|HS|  |TAMS 0x0000000088800000| PB 0x0000000088800000| Complete 
| 137|0x0000000088900000, 0x0000000088a00000, 0x0000000088a00000|100%|HS|  |TAMS 0x0000000088900000| PB 0x0000000088900000| Complete 
| 138|0x0000000088a00000, 0x0000000088b00000, 0x0000000088b00000|100%|HS|  |TAMS 0x0000000088a00000| PB 0x0000000088a00000| Complete 
| 139|0x0000000088b00000, 0x0000000088c00000, 0x0000000088c00000|100%|HS|  |TAMS 0x0000000088b00000| PB 0x0000000088b00000| Complete 
| 140|0x0000000088c00000, 0x0000000088d00000, 0x0000000088d00000|100%|HS|  |TAMS 0x0000000088c00000| PB 0x0000000088c00000| Complete 
| 141|0x0000000088d00000, 0x0000000088e00000, 0x0000000088e00000|100%|HC|  |TAMS 0x0000000088d00000| PB 0x0000000088d00000| Complete 
| 142|0x0000000088e00000, 0x0000000088f00000, 0x0000000088f00000|100%|HS|  |TAMS 0x0000000088e00000| PB 0x0000000088e00000| Complete 
| 143|0x0000000088f00000, 0x0000000089000000, 0x0000000089000000|100%|HS|  |TAMS 0x0000000088f00000| PB 0x0000000088f00000| Complete 
| 144|0x0000000089000000, 0x0000000089100000, 0x0000000089100000|100%|HC|  |TAMS 0x0000000089000000| PB 0x0000000089000000| Complete 
| 145|0x0000000089100000, 0x0000000089200000, 0x0000000089200000|100%|HS|  |TAMS 0x0000000089100000| PB 0x0000000089100000| Complete 
| 146|0x0000000089200000, 0x0000000089300000, 0x0000000089300000|100%|HC|  |TAMS 0x0000000089200000| PB 0x0000000089200000| Complete 
| 147|0x0000000089300000, 0x0000000089400000, 0x0000000089400000|100%|HS|  |TAMS 0x0000000089300000| PB 0x0000000089300000| Complete 
| 148|0x0000000089400000, 0x0000000089500000, 0x0000000089500000|100%|HC|  |TAMS 0x0000000089400000| PB 0x0000000089400000| Complete 
| 149|0x0000000089500000, 0x0000000089600000, 0x0000000089600000|100%|HS|  |TAMS 0x0000000089500000| PB 0x0000000089500000| Complete 
| 150|0x0000000089600000, 0x0000000089700000, 0x0000000089700000|100%|HS|  |TAMS 0x0000000089600000| PB 0x0000000089600000| Complete 
| 151|0x0000000089700000, 0x0000000089800000, 0x0000000089800000|100%|HC|  |TAMS 0x0000000089700000| PB 0x0000000089700000| Complete 
| 152|0x0000000089800000, 0x0000000089900000, 0x0000000089900000|100%|HC|  |TAMS 0x0000000089800000| PB 0x0000000089800000| Complete 
| 153|0x0000000089900000, 0x0000000089a00000, 0x0000000089a00000|100%| O|  |TAMS 0x0000000089900000| PB 0x0000000089900000| Untracked 
| 154|0x0000000089a00000, 0x0000000089b00000, 0x0000000089b00000|100%| O|  |TAMS 0x0000000089a00000| PB 0x0000000089a00000| Untracked 
| 155|0x0000000089b00000, 0x0000000089c00000, 0x0000000089c00000|100%| O|  |TAMS 0x0000000089b00000| PB 0x0000000089b00000| Untracked 
| 156|0x0000000089c00000, 0x0000000089d00000, 0x0000000089d00000|100%|HS|  |TAMS 0x0000000089c00000| PB 0x0000000089c00000| Complete 
| 157|0x0000000089d00000, 0x0000000089e00000, 0x0000000089e00000|100%|HC|  |TAMS 0x0000000089d00000| PB 0x0000000089d00000| Complete 
| 158|0x0000000089e00000, 0x0000000089f00000, 0x0000000089f00000|100%|HS|  |TAMS 0x0000000089e00000| PB 0x0000000089e00000| Complete 
| 159|0x0000000089f00000, 0x000000008a000000, 0x000000008a000000|100%|HC|  |TAMS 0x0000000089f00000| PB 0x0000000089f00000| Complete 
| 160|0x000000008a000000, 0x000000008a100000, 0x000000008a100000|100%|HC|  |TAMS 0x000000008a000000| PB 0x000000008a000000| Complete 
| 161|0x000000008a100000, 0x000000008a200000, 0x000000008a200000|100%|HS|  |TAMS 0x000000008a100000| PB 0x000000008a100000| Complete 
| 162|0x000000008a200000, 0x000000008a300000, 0x000000008a300000|100%|HS|  |TAMS 0x000000008a200000| PB 0x000000008a200000| Complete 
| 163|0x000000008a300000, 0x000000008a400000, 0x000000008a400000|100%| O|  |TAMS 0x000000008a300000| PB 0x000000008a300000| Untracked 
| 164|0x000000008a400000, 0x000000008a500000, 0x000000008a500000|100%| O|  |TAMS 0x000000008a400000| PB 0x000000008a400000| Untracked 
| 165|0x000000008a500000, 0x000000008a600000, 0x000000008a600000|100%| O|  |TAMS 0x000000008a500000| PB 0x000000008a500000| Untracked 
| 166|0x000000008a600000, 0x000000008a700000, 0x000000008a700000|100%| O|  |TAMS 0x000000008a600000| PB 0x000000008a600000| Untracked 
| 167|0x000000008a700000, 0x000000008a800000, 0x000000008a800000|100%| O|  |TAMS 0x000000008a700000| PB 0x000000008a700000| Untracked 
| 168|0x000000008a800000, 0x000000008a900000, 0x000000008a900000|100%| O|  |TAMS 0x000000008a800000| PB 0x000000008a800000| Untracked 
| 169|0x000000008a900000, 0x000000008aa00000, 0x000000008aa00000|100%| O|  |TAMS 0x000000008a900000| PB 0x000000008a900000| Untracked 
| 170|0x000000008aa00000, 0x000000008ab00000, 0x000000008ab00000|100%| O|  |TAMS 0x000000008aa00000| PB 0x000000008aa00000| Untracked 
| 171|0x000000008ab00000, 0x000000008ac00000, 0x000000008ac00000|100%| O|  |TAMS 0x000000008ab00000| PB 0x000000008ab00000| Untracked 
| 172|0x000000008ac00000, 0x000000008ad00000, 0x000000008ad00000|100%| O|  |TAMS 0x000000008ac00000| PB 0x000000008ac00000| Untracked 
| 173|0x000000008ad00000, 0x000000008ae00000, 0x000000008ae00000|100%| O|  |TAMS 0x000000008ad00000| PB 0x000000008ad00000| Untracked 
| 174|0x000000008ae00000, 0x000000008af00000, 0x000000008af00000|100%| O|  |TAMS 0x000000008ae00000| PB 0x000000008ae00000| Untracked 
| 175|0x000000008af00000, 0x000000008b000000, 0x000000008b000000|100%| O|  |TAMS 0x000000008af00000| PB 0x000000008af00000| Untracked 
| 176|0x000000008b000000, 0x000000008b100000, 0x000000008b100000|100%| O|  |TAMS 0x000000008b000000| PB 0x000000008b000000| Untracked 
| 177|0x000000008b100000, 0x000000008b200000, 0x000000008b200000|100%|HS|  |TAMS 0x000000008b100000| PB 0x000000008b100000| Complete 
| 178|0x000000008b200000, 0x000000008b300000, 0x000000008b300000|100%|HC|  |TAMS 0x000000008b200000| PB 0x000000008b200000| Complete 
| 179|0x000000008b300000, 0x000000008b400000, 0x000000008b400000|100%| O|  |TAMS 0x000000008b300000| PB 0x000000008b300000| Untracked 
| 180|0x000000008b400000, 0x000000008b500000, 0x000000008b500000|100%|HS|  |TAMS 0x000000008b400000| PB 0x000000008b400000| Complete 
| 181|0x000000008b500000, 0x000000008b600000, 0x000000008b600000|100%| O|  |TAMS 0x000000008b500000| PB 0x000000008b500000| Untracked 
| 182|0x000000008b600000, 0x000000008b700000, 0x000000008b700000|100%|HS|  |TAMS 0x000000008b600000| PB 0x000000008b600000| Complete 
| 183|0x000000008b700000, 0x000000008b800000, 0x000000008b800000|100%| O|  |TAMS 0x000000008b700000| PB 0x000000008b700000| Untracked 
| 184|0x000000008b800000, 0x000000008b900000, 0x000000008b900000|100%|HS|  |TAMS 0x000000008b800000| PB 0x000000008b800000| Complete 
| 185|0x000000008b900000, 0x000000008ba00000, 0x000000008ba00000|100%| O|  |TAMS 0x000000008b900000| PB 0x000000008b900000| Untracked 
| 186|0x000000008ba00000, 0x000000008bb00000, 0x000000008bb00000|100%|HS|  |TAMS 0x000000008ba00000| PB 0x000000008ba00000| Complete 
| 187|0x000000008bb00000, 0x000000008bc00000, 0x000000008bc00000|100%| O|  |TAMS 0x000000008bb00000| PB 0x000000008bb00000| Untracked 
| 188|0x000000008bc00000, 0x000000008bd00000, 0x000000008bd00000|100%| O|  |TAMS 0x000000008bc00000| PB 0x000000008bc00000| Untracked 
| 189|0x000000008bd00000, 0x000000008be00000, 0x000000008be00000|100%| O|  |TAMS 0x000000008bd00000| PB 0x000000008bd00000| Untracked 
| 190|0x000000008be00000, 0x000000008bf00000, 0x000000008bf00000|100%|HS|  |TAMS 0x000000008be00000| PB 0x000000008be00000| Complete 
| 191|0x000000008bf00000, 0x000000008c000000, 0x000000008c000000|100%|HC|  |TAMS 0x000000008bf00000| PB 0x000000008bf00000| Complete 
| 192|0x000000008c000000, 0x000000008c100000, 0x000000008c100000|100%| O|  |TAMS 0x000000008c000000| PB 0x000000008c000000| Untracked 
| 193|0x000000008c100000, 0x000000008c200000, 0x000000008c200000|100%|HS|  |TAMS 0x000000008c100000| PB 0x000000008c100000| Complete 
| 194|0x000000008c200000, 0x000000008c300000, 0x000000008c300000|100%| O|  |TAMS 0x000000008c200000| PB 0x000000008c200000| Untracked 
| 195|0x000000008c300000, 0x000000008c400000, 0x000000008c400000|100%| O|  |TAMS 0x000000008c300000| PB 0x000000008c300000| Untracked 
| 196|0x000000008c400000, 0x000000008c500000, 0x000000008c500000|100%| O|  |TAMS 0x000000008c400000| PB 0x000000008c400000| Untracked 
| 197|0x000000008c500000, 0x000000008c600000, 0x000000008c600000|100%|HS|  |TAMS 0x000000008c500000| PB 0x000000008c500000| Complete 
| 198|0x000000008c600000, 0x000000008c700000, 0x000000008c700000|100%|HC|  |TAMS 0x000000008c600000| PB 0x000000008c600000| Complete 
| 199|0x000000008c700000, 0x000000008c800000, 0x000000008c800000|100%| O|  |TAMS 0x000000008c700000| PB 0x000000008c700000| Untracked 
| 200|0x000000008c800000, 0x000000008c900000, 0x000000008c900000|100%| O|  |TAMS 0x000000008c800000| PB 0x000000008c800000| Untracked 
| 201|0x000000008c900000, 0x000000008ca00000, 0x000000008ca00000|100%| O|  |TAMS 0x000000008c900000| PB 0x000000008c900000| Untracked 
| 202|0x000000008ca00000, 0x000000008cb00000, 0x000000008cb00000|100%|HS|  |TAMS 0x000000008ca00000| PB 0x000000008ca00000| Complete 
| 203|0x000000008cb00000, 0x000000008cc00000, 0x000000008cc00000|100%|HC|  |TAMS 0x000000008cb00000| PB 0x000000008cb00000| Complete 
| 204|0x000000008cc00000, 0x000000008cd00000, 0x000000008cd00000|100%| O|  |TAMS 0x000000008cc00000| PB 0x000000008cc00000| Untracked 
| 205|0x000000008cd00000, 0x000000008ce00000, 0x000000008ce00000|100%| O|  |TAMS 0x000000008cd00000| PB 0x000000008cd00000| Untracked 
| 206|0x000000008ce00000, 0x000000008cf00000, 0x000000008cf00000|100%| O|  |TAMS 0x000000008ce00000| PB 0x000000008ce00000| Untracked 
| 207|0x000000008cf00000, 0x000000008d000000, 0x000000008d000000|100%|HS|  |TAMS 0x000000008cf00000| PB 0x000000008cf00000| Complete 
| 208|0x000000008d000000, 0x000000008d100000, 0x000000008d100000|100%|HC|  |TAMS 0x000000008d000000| PB 0x000000008d000000| Complete 
| 209|0x000000008d100000, 0x000000008d200000, 0x000000008d200000|100%| O|  |TAMS 0x000000008d100000| PB 0x000000008d100000| Untracked 
| 210|0x000000008d200000, 0x000000008d300000, 0x000000008d300000|100%|HS|  |TAMS 0x000000008d200000| PB 0x000000008d200000| Complete 
| 211|0x000000008d300000, 0x000000008d400000, 0x000000008d400000|100%| O|  |TAMS 0x000000008d300000| PB 0x000000008d300000| Untracked 
| 212|0x000000008d400000, 0x000000008d500000, 0x000000008d500000|100%| O|  |TAMS 0x000000008d400000| PB 0x000000008d400000| Untracked 
| 213|0x000000008d500000, 0x000000008d600000, 0x000000008d600000|100%| O|  |TAMS 0x000000008d500000| PB 0x000000008d500000| Untracked 
| 214|0x000000008d600000, 0x000000008d700000, 0x000000008d700000|100%| O|  |TAMS 0x000000008d600000| PB 0x000000008d600000| Untracked 
| 215|0x000000008d700000, 0x000000008d800000, 0x000000008d800000|100%| O|  |TAMS 0x000000008d700000| PB 0x000000008d700000| Untracked 
| 216|0x000000008d800000, 0x000000008d900000, 0x000000008d900000|100%| O|  |TAMS 0x000000008d800000| PB 0x000000008d800000| Untracked 
| 217|0x000000008d900000, 0x000000008da00000, 0x000000008da00000|100%|HS|  |TAMS 0x000000008d900000| PB 0x000000008d900000| Complete 
| 218|0x000000008da00000, 0x000000008db00000, 0x000000008db00000|100%|HC|  |TAMS 0x000000008da00000| PB 0x000000008da00000| Complete 
| 219|0x000000008db00000, 0x000000008dc00000, 0x000000008dc00000|100%|HC|  |TAMS 0x000000008db00000| PB 0x000000008db00000| Complete 
| 220|0x000000008dc00000, 0x000000008dd00000, 0x000000008dd00000|100%| O|  |TAMS 0x000000008dc00000| PB 0x000000008dc00000| Untracked 
| 221|0x000000008dd00000, 0x000000008de00000, 0x000000008de00000|100%| O|  |TAMS 0x000000008dd00000| PB 0x000000008dd00000| Untracked 
| 222|0x000000008de00000, 0x000000008df00000, 0x000000008df00000|100%| O|  |TAMS 0x000000008de00000| PB 0x000000008de00000| Untracked 
| 223|0x000000008df00000, 0x000000008e000000, 0x000000008e000000|100%|HS|  |TAMS 0x000000008df00000| PB 0x000000008df00000| Complete 
| 224|0x000000008e000000, 0x000000008e100000, 0x000000008e100000|100%|HC|  |TAMS 0x000000008e000000| PB 0x000000008e000000| Complete 
| 225|0x000000008e100000, 0x000000008e200000, 0x000000008e200000|100%| O|  |TAMS 0x000000008e100000| PB 0x000000008e100000| Untracked 
| 226|0x000000008e200000, 0x000000008e300000, 0x000000008e300000|100%| O|  |TAMS 0x000000008e200000| PB 0x000000008e200000| Untracked 
| 227|0x000000008e300000, 0x000000008e400000, 0x000000008e400000|100%| O|  |TAMS 0x000000008e300000| PB 0x000000008e300000| Untracked 
| 228|0x000000008e400000, 0x000000008e500000, 0x000000008e500000|100%| O|  |TAMS 0x000000008e400000| PB 0x000000008e400000| Untracked 
| 229|0x000000008e500000, 0x000000008e600000, 0x000000008e600000|100%| O|  |TAMS 0x000000008e500000| PB 0x000000008e500000| Untracked 
| 230|0x000000008e600000, 0x000000008e700000, 0x000000008e700000|100%| O|  |TAMS 0x000000008e600000| PB 0x000000008e600000| Untracked 
| 231|0x000000008e700000, 0x000000008e800000, 0x000000008e800000|100%|HS|  |TAMS 0x000000008e700000| PB 0x000000008e700000| Complete 
| 232|0x000000008e800000, 0x000000008e900000, 0x000000008e900000|100%|HC|  |TAMS 0x000000008e800000| PB 0x000000008e800000| Complete 
| 233|0x000000008e900000, 0x000000008ea00000, 0x000000008ea00000|100%|HC|  |TAMS 0x000000008e900000| PB 0x000000008e900000| Complete 
| 234|0x000000008ea00000, 0x000000008eb00000, 0x000000008eb00000|100%| O|  |TAMS 0x000000008ea00000| PB 0x000000008ea00000| Untracked 
| 235|0x000000008eb00000, 0x000000008ec00000, 0x000000008ec00000|100%|HS|  |TAMS 0x000000008eb00000| PB 0x000000008eb00000| Complete 
| 236|0x000000008ec00000, 0x000000008ed00000, 0x000000008ed00000|100%| O|  |TAMS 0x000000008ec00000| PB 0x000000008ec00000| Untracked 
| 237|0x000000008ed00000, 0x000000008ee00000, 0x000000008ee00000|100%|HS|  |TAMS 0x000000008ed00000| PB 0x000000008ed00000| Complete 
| 238|0x000000008ee00000, 0x000000008ee00000, 0x000000008ef00000|  0%| F|  |TAMS 0x000000008ee00000| PB 0x000000008ee00000| Untracked 
| 239|0x000000008ef00000, 0x000000008ef00000, 0x000000008f000000|  0%| F|  |TAMS 0x000000008ef00000| PB 0x000000008ef00000| Untracked 
| 240|0x000000008f000000, 0x000000008f100000, 0x000000008f100000|100%|HS|  |TAMS 0x000000008f000000| PB 0x000000008f000000| Complete 
| 241|0x000000008f100000, 0x000000008f200000, 0x000000008f200000|100%|HC|  |TAMS 0x000000008f100000| PB 0x000000008f100000| Complete 
| 242|0x000000008f200000, 0x000000008f300000, 0x000000008f300000|100%|HS|  |TAMS 0x000000008f200000| PB 0x000000008f200000| Complete 
| 243|0x000000008f300000, 0x000000008f400000, 0x000000008f400000|100%|HC|  |TAMS 0x000000008f300000| PB 0x000000008f300000| Complete 
| 244|0x000000008f400000, 0x000000008f500000, 0x000000008f500000|100%|HS|  |TAMS 0x000000008f400000| PB 0x000000008f400000| Complete 
| 245|0x000000008f500000, 0x000000008f600000, 0x000000008f600000|100%| O|  |TAMS 0x000000008f500000| PB 0x000000008f500000| Untracked 
| 246|0x000000008f600000, 0x000000008f700000, 0x000000008f700000|100%| O|  |TAMS 0x000000008f600000| PB 0x000000008f600000| Untracked 
| 247|0x000000008f700000, 0x000000008f800000, 0x000000008f800000|100%| O|  |TAMS 0x000000008f700000| PB 0x000000008f700000| Untracked 
| 248|0x000000008f800000, 0x000000008f900000, 0x000000008f900000|100%| O|  |TAMS 0x000000008f800000| PB 0x000000008f800000| Untracked 
| 249|0x000000008f900000, 0x000000008fa00000, 0x000000008fa00000|100%| O|  |TAMS 0x000000008f900000| PB 0x000000008f900000| Untracked 
| 250|0x000000008fa00000, 0x000000008fb00000, 0x000000008fb00000|100%| O|  |TAMS 0x000000008fa00000| PB 0x000000008fa00000| Untracked 
| 251|0x000000008fb00000, 0x000000008fc00000, 0x000000008fc00000|100%| O|  |TAMS 0x000000008fb00000| PB 0x000000008fb00000| Untracked 
| 252|0x000000008fc00000, 0x000000008fd00000, 0x000000008fd00000|100%| O|  |TAMS 0x000000008fc00000| PB 0x000000008fc00000| Untracked 
| 253|0x000000008fd00000, 0x000000008fe00000, 0x000000008fe00000|100%| O|  |TAMS 0x000000008fd00000| PB 0x000000008fd00000| Untracked 
| 254|0x000000008fe00000, 0x000000008ff00000, 0x000000008ff00000|100%| O|  |TAMS 0x000000008fe00000| PB 0x000000008fe00000| Untracked 
| 255|0x000000008ff00000, 0x0000000090000000, 0x0000000090000000|100%| O|  |TAMS 0x000000008ff00000| PB 0x000000008ff00000| Untracked 
| 256|0x0000000090000000, 0x0000000090100000, 0x0000000090100000|100%| O|  |TAMS 0x0000000090000000| PB 0x0000000090000000| Untracked 
| 257|0x0000000090100000, 0x0000000090200000, 0x0000000090200000|100%|HS|  |TAMS 0x0000000090100000| PB 0x0000000090100000| Complete 
| 258|0x0000000090200000, 0x0000000090300000, 0x0000000090300000|100%|HS|  |TAMS 0x0000000090200000| PB 0x0000000090200000| Complete 
| 259|0x0000000090300000, 0x0000000090400000, 0x0000000090400000|100%|HC|  |TAMS 0x0000000090300000| PB 0x0000000090300000| Complete 
| 260|0x0000000090400000, 0x0000000090500000, 0x0000000090500000|100%|HS|  |TAMS 0x0000000090400000| PB 0x0000000090400000| Complete 
| 261|0x0000000090500000, 0x0000000090600000, 0x0000000090600000|100%| O|  |TAMS 0x0000000090500000| PB 0x0000000090500000| Untracked 
| 262|0x0000000090600000, 0x0000000090700000, 0x0000000090700000|100%| O|  |TAMS 0x0000000090600000| PB 0x0000000090600000| Untracked 
| 263|0x0000000090700000, 0x0000000090800000, 0x0000000090800000|100%| O|  |TAMS 0x0000000090700000| PB 0x0000000090700000| Untracked 
| 264|0x0000000090800000, 0x0000000090900000, 0x0000000090900000|100%| O|  |TAMS 0x0000000090800000| PB 0x0000000090800000| Untracked 
| 265|0x0000000090900000, 0x0000000090a00000, 0x0000000090a00000|100%| O|  |TAMS 0x0000000090900000| PB 0x0000000090900000| Untracked 
| 266|0x0000000090a00000, 0x0000000090b00000, 0x0000000090b00000|100%| O|  |TAMS 0x0000000090a00000| PB 0x0000000090a00000| Untracked 
| 267|0x0000000090b00000, 0x0000000090c00000, 0x0000000090c00000|100%| O|  |TAMS 0x0000000090b00000| PB 0x0000000090b00000| Untracked 
| 268|0x0000000090c00000, 0x0000000090d00000, 0x0000000090d00000|100%| O|  |TAMS 0x0000000090c00000| PB 0x0000000090c00000| Untracked 
| 269|0x0000000090d00000, 0x0000000090e00000, 0x0000000090e00000|100%| O|  |TAMS 0x0000000090d00000| PB 0x0000000090d00000| Untracked 
| 270|0x0000000090e00000, 0x0000000090f00000, 0x0000000090f00000|100%| O|  |TAMS 0x0000000090e00000| PB 0x0000000090e00000| Untracked 
| 271|0x0000000090f00000, 0x0000000091000000, 0x0000000091000000|100%| O|  |TAMS 0x0000000090f00000| PB 0x0000000090f00000| Untracked 
| 272|0x0000000091000000, 0x0000000091100000, 0x0000000091100000|100%| O|  |TAMS 0x0000000091000000| PB 0x0000000091000000| Untracked 
| 273|0x0000000091100000, 0x0000000091200000, 0x0000000091200000|100%| O|  |TAMS 0x0000000091100000| PB 0x0000000091100000| Untracked 
| 274|0x0000000091200000, 0x0000000091300000, 0x0000000091300000|100%| O|  |TAMS 0x0000000091200000| PB 0x0000000091200000| Untracked 
| 275|0x0000000091300000, 0x0000000091400000, 0x0000000091400000|100%| O|  |TAMS 0x0000000091300000| PB 0x0000000091300000| Untracked 
| 276|0x0000000091400000, 0x0000000091500000, 0x0000000091500000|100%| O|  |TAMS 0x0000000091400000| PB 0x0000000091400000| Untracked 
| 277|0x0000000091500000, 0x0000000091600000, 0x0000000091600000|100%| O|  |TAMS 0x0000000091500000| PB 0x0000000091500000| Untracked 
| 278|0x0000000091600000, 0x0000000091700000, 0x0000000091700000|100%| O|  |TAMS 0x0000000091600000| PB 0x0000000091600000| Untracked 
| 279|0x0000000091700000, 0x0000000091800000, 0x0000000091800000|100%| O|  |TAMS 0x0000000091700000| PB 0x0000000091700000| Untracked 
| 280|0x0000000091800000, 0x0000000091900000, 0x0000000091900000|100%| O|  |TAMS 0x0000000091800000| PB 0x0000000091800000| Untracked 
| 281|0x0000000091900000, 0x0000000091a00000, 0x0000000091a00000|100%| O|  |TAMS 0x0000000091900000| PB 0x0000000091900000| Untracked 
| 282|0x0000000091a00000, 0x0000000091b00000, 0x0000000091b00000|100%| O|  |TAMS 0x0000000091a00000| PB 0x0000000091a00000| Untracked 
| 283|0x0000000091b00000, 0x0000000091c00000, 0x0000000091c00000|100%| O|  |TAMS 0x0000000091b00000| PB 0x0000000091b00000| Untracked 
| 284|0x0000000091c00000, 0x0000000091d00000, 0x0000000091d00000|100%| O|  |TAMS 0x0000000091c00000| PB 0x0000000091c00000| Untracked 
| 285|0x0000000091d00000, 0x0000000091e00000, 0x0000000091e00000|100%|HS|  |TAMS 0x0000000091d00000| PB 0x0000000091d00000| Complete 
| 286|0x0000000091e00000, 0x0000000091f00000, 0x0000000091f00000|100%|HS|  |TAMS 0x0000000091e00000| PB 0x0000000091e00000| Complete 
| 287|0x0000000091f00000, 0x0000000092000000, 0x0000000092000000|100%|HC|  |TAMS 0x0000000091f00000| PB 0x0000000091f00000| Complete 
| 288|0x0000000092000000, 0x0000000092000000, 0x0000000092100000|  0%| F|  |TAMS 0x0000000092000000| PB 0x0000000092000000| Untracked 
| 289|0x0000000092100000, 0x0000000092100000, 0x0000000092200000|  0%| F|  |TAMS 0x0000000092100000| PB 0x0000000092100000| Untracked 
| 290|0x0000000092200000, 0x0000000092200000, 0x0000000092300000|  0%| F|  |TAMS 0x0000000092200000| PB 0x0000000092200000| Untracked 
| 291|0x0000000092300000, 0x0000000092300000, 0x0000000092400000|  0%| F|  |TAMS 0x0000000092300000| PB 0x0000000092300000| Untracked 
| 292|0x0000000092400000, 0x0000000092400000, 0x0000000092500000|  0%| F|  |TAMS 0x0000000092400000| PB 0x0000000092400000| Untracked 
| 293|0x0000000092500000, 0x0000000092500000, 0x0000000092600000|  0%| F|  |TAMS 0x0000000092500000| PB 0x0000000092500000| Untracked 
| 294|0x0000000092600000, 0x0000000092600000, 0x0000000092700000|  0%| F|  |TAMS 0x0000000092600000| PB 0x0000000092600000| Untracked 
| 295|0x0000000092700000, 0x0000000092800000, 0x0000000092800000|100%| O|  |TAMS 0x0000000092700000| PB 0x0000000092700000| Untracked 
| 296|0x0000000092800000, 0x0000000092900000, 0x0000000092900000|100%| O|  |TAMS 0x0000000092800000| PB 0x0000000092800000| Untracked 
| 297|0x0000000092900000, 0x0000000092a00000, 0x0000000092a00000|100%| O|  |TAMS 0x0000000092900000| PB 0x0000000092900000| Untracked 
| 298|0x0000000092a00000, 0x0000000092b00000, 0x0000000092b00000|100%| O|  |TAMS 0x0000000092a00000| PB 0x0000000092a00000| Untracked 
| 299|0x0000000092b00000, 0x0000000092c00000, 0x0000000092c00000|100%| O|  |TAMS 0x0000000092b00000| PB 0x0000000092b00000| Untracked 
| 300|0x0000000092c00000, 0x0000000092d00000, 0x0000000092d00000|100%| O|  |TAMS 0x0000000092c00000| PB 0x0000000092c00000| Untracked 
| 301|0x0000000092d00000, 0x0000000092e00000, 0x0000000092e00000|100%| O|  |TAMS 0x0000000092d00000| PB 0x0000000092d00000| Untracked 
| 302|0x0000000092e00000, 0x0000000092f00000, 0x0000000092f00000|100%| O|  |TAMS 0x0000000092e00000| PB 0x0000000092e00000| Untracked 
| 303|0x0000000092f00000, 0x0000000093000000, 0x0000000093000000|100%| O|  |TAMS 0x0000000092f00000| PB 0x0000000092f00000| Untracked 
| 304|0x0000000093000000, 0x0000000093100000, 0x0000000093100000|100%| O|  |TAMS 0x0000000093000000| PB 0x0000000093000000| Untracked 
| 305|0x0000000093100000, 0x0000000093200000, 0x0000000093200000|100%| O|  |TAMS 0x0000000093100000| PB 0x0000000093100000| Untracked 
| 306|0x0000000093200000, 0x0000000093300000, 0x0000000093300000|100%| O|  |TAMS 0x0000000093200000| PB 0x0000000093200000| Untracked 
| 307|0x0000000093300000, 0x0000000093400000, 0x0000000093400000|100%| O|  |TAMS 0x0000000093300000| PB 0x0000000093300000| Untracked 
| 308|0x0000000093400000, 0x0000000093500000, 0x0000000093500000|100%| O|  |TAMS 0x0000000093400000| PB 0x0000000093400000| Untracked 
| 309|0x0000000093500000, 0x0000000093600000, 0x0000000093600000|100%| O|  |TAMS 0x0000000093500000| PB 0x0000000093500000| Untracked 
| 310|0x0000000093600000, 0x0000000093700000, 0x0000000093700000|100%| O|  |TAMS 0x0000000093600000| PB 0x0000000093600000| Untracked 
| 311|0x0000000093700000, 0x0000000093800000, 0x0000000093800000|100%| O|  |TAMS 0x0000000093700000| PB 0x0000000093700000| Untracked 
| 312|0x0000000093800000, 0x0000000093900000, 0x0000000093900000|100%| O|  |TAMS 0x0000000093800000| PB 0x0000000093800000| Untracked 
| 313|0x0000000093900000, 0x0000000093a00000, 0x0000000093a00000|100%| O|  |TAMS 0x0000000093900000| PB 0x0000000093900000| Untracked 
| 314|0x0000000093a00000, 0x0000000093b00000, 0x0000000093b00000|100%| O|  |TAMS 0x0000000093a00000| PB 0x0000000093a00000| Untracked 
| 315|0x0000000093b00000, 0x0000000093c00000, 0x0000000093c00000|100%| O|  |TAMS 0x0000000093b00000| PB 0x0000000093b00000| Untracked 
| 316|0x0000000093c00000, 0x0000000093d00000, 0x0000000093d00000|100%| O|  |TAMS 0x0000000093c00000| PB 0x0000000093c00000| Untracked 
| 317|0x0000000093d00000, 0x0000000093e00000, 0x0000000093e00000|100%| O|  |TAMS 0x0000000093d00000| PB 0x0000000093d00000| Untracked 
| 318|0x0000000093e00000, 0x0000000093f00000, 0x0000000093f00000|100%| O|  |TAMS 0x0000000093e00000| PB 0x0000000093e00000| Untracked 
| 319|0x0000000093f00000, 0x0000000094000000, 0x0000000094000000|100%| O|  |TAMS 0x0000000093f00000| PB 0x0000000093f00000| Untracked 
| 320|0x0000000094000000, 0x0000000094100000, 0x0000000094100000|100%| O|  |TAMS 0x0000000094000000| PB 0x0000000094000000| Untracked 
| 321|0x0000000094100000, 0x0000000094200000, 0x0000000094200000|100%| O|  |TAMS 0x0000000094100000| PB 0x0000000094100000| Untracked 
| 322|0x0000000094200000, 0x0000000094300000, 0x0000000094300000|100%| O|  |TAMS 0x0000000094200000| PB 0x0000000094200000| Untracked 
| 323|0x0000000094300000, 0x0000000094400000, 0x0000000094400000|100%| O|  |TAMS 0x0000000094300000| PB 0x0000000094300000| Untracked 
| 324|0x0000000094400000, 0x0000000094500000, 0x0000000094500000|100%| O|  |TAMS 0x0000000094400000| PB 0x0000000094400000| Untracked 
| 325|0x0000000094500000, 0x0000000094600000, 0x0000000094600000|100%| O|  |TAMS 0x0000000094500000| PB 0x0000000094500000| Untracked 
| 326|0x0000000094600000, 0x0000000094700000, 0x0000000094700000|100%| O|  |TAMS 0x0000000094600000| PB 0x0000000094600000| Untracked 
| 327|0x0000000094700000, 0x0000000094800000, 0x0000000094800000|100%| O|  |TAMS 0x0000000094700000| PB 0x0000000094700000| Untracked 
| 328|0x0000000094800000, 0x0000000094900000, 0x0000000094900000|100%| S|CS|TAMS 0x0000000094800000| PB 0x0000000094800000| Complete 
| 329|0x0000000094900000, 0x0000000094a00000, 0x0000000094a00000|100%| S|CS|TAMS 0x0000000094900000| PB 0x0000000094900000| Complete 
| 330|0x0000000094a00000, 0x0000000094b00000, 0x0000000094b00000|100%| S|CS|TAMS 0x0000000094a00000| PB 0x0000000094a00000| Complete 
| 331|0x0000000094b00000, 0x0000000094c00000, 0x0000000094c00000|100%| S|CS|TAMS 0x0000000094b00000| PB 0x0000000094b00000| Complete 
| 332|0x0000000094c00000, 0x0000000094d00000, 0x0000000094d00000|100%| S|CS|TAMS 0x0000000094c00000| PB 0x0000000094c00000| Complete 
| 333|0x0000000094d00000, 0x0000000094e00000, 0x0000000094e00000|100%| S|CS|TAMS 0x0000000094d00000| PB 0x0000000094d00000| Complete 
| 334|0x0000000094e00000, 0x0000000094f00000, 0x0000000094f00000|100%| S|CS|TAMS 0x0000000094e00000| PB 0x0000000094e00000| Complete 
| 335|0x0000000094f00000, 0x0000000095000000, 0x0000000095000000|100%| S|CS|TAMS 0x0000000094f00000| PB 0x0000000094f00000| Complete 
| 336|0x0000000095000000, 0x0000000095100000, 0x0000000095100000|100%| S|CS|TAMS 0x0000000095000000| PB 0x0000000095000000| Complete 
| 337|0x0000000095100000, 0x0000000095200000, 0x0000000095200000|100%| S|CS|TAMS 0x0000000095100000| PB 0x0000000095100000| Complete 
| 338|0x0000000095200000, 0x0000000095300000, 0x0000000095300000|100%| S|CS|TAMS 0x0000000095200000| PB 0x0000000095200000| Complete 
| 339|0x0000000095300000, 0x0000000095400000, 0x0000000095400000|100%| S|CS|TAMS 0x0000000095300000| PB 0x0000000095300000| Complete 
| 340|0x0000000095400000, 0x0000000095500000, 0x0000000095500000|100%| S|CS|TAMS 0x0000000095400000| PB 0x0000000095400000| Complete 
| 341|0x0000000095500000, 0x0000000095600000, 0x0000000095600000|100%| S|CS|TAMS 0x0000000095500000| PB 0x0000000095500000| Complete 
| 342|0x0000000095600000, 0x0000000095700000, 0x0000000095700000|100%| S|CS|TAMS 0x0000000095600000| PB 0x0000000095600000| Complete 
| 343|0x0000000095700000, 0x0000000095800000, 0x0000000095800000|100%| S|CS|TAMS 0x0000000095700000| PB 0x0000000095700000| Complete 
| 344|0x0000000095800000, 0x0000000095900000, 0x0000000095900000|100%| S|CS|TAMS 0x0000000095800000| PB 0x0000000095800000| Complete 
| 345|0x0000000095900000, 0x0000000095a00000, 0x0000000095a00000|100%| S|CS|TAMS 0x0000000095900000| PB 0x0000000095900000| Complete 
| 346|0x0000000095a00000, 0x0000000095b00000, 0x0000000095b00000|100%| S|CS|TAMS 0x0000000095a00000| PB 0x0000000095a00000| Complete 
| 347|0x0000000095b00000, 0x0000000095c00000, 0x0000000095c00000|100%| S|CS|TAMS 0x0000000095b00000| PB 0x0000000095b00000| Complete 
| 348|0x0000000095c00000, 0x0000000095d00000, 0x0000000095d00000|100%| S|CS|TAMS 0x0000000095c00000| PB 0x0000000095c00000| Complete 
| 349|0x0000000095d00000, 0x0000000095e00000, 0x0000000095e00000|100%| S|CS|TAMS 0x0000000095d00000| PB 0x0000000095d00000| Complete 
| 350|0x0000000095e00000, 0x0000000095f00000, 0x0000000095f00000|100%| S|CS|TAMS 0x0000000095e00000| PB 0x0000000095e00000| Complete 
| 351|0x0000000095f00000, 0x0000000096000000, 0x0000000096000000|100%| S|CS|TAMS 0x0000000095f00000| PB 0x0000000095f00000| Complete 
| 352|0x0000000096000000, 0x0000000096100000, 0x0000000096100000|100%| S|CS|TAMS 0x0000000096000000| PB 0x0000000096000000| Complete 
| 353|0x0000000096100000, 0x0000000096200000, 0x0000000096200000|100%| S|CS|TAMS 0x0000000096100000| PB 0x0000000096100000| Complete 
| 354|0x0000000096200000, 0x0000000096300000, 0x0000000096300000|100%| S|CS|TAMS 0x0000000096200000| PB 0x0000000096200000| Complete 
| 355|0x0000000096300000, 0x0000000096400000, 0x0000000096400000|100%| S|CS|TAMS 0x0000000096300000| PB 0x0000000096300000| Complete 
| 356|0x0000000096400000, 0x0000000096500000, 0x0000000096500000|100%| S|CS|TAMS 0x0000000096400000| PB 0x0000000096400000| Complete 
| 357|0x0000000096500000, 0x0000000096600000, 0x0000000096600000|100%| S|CS|TAMS 0x0000000096500000| PB 0x0000000096500000| Complete 
| 358|0x0000000096600000, 0x0000000096700000, 0x0000000096700000|100%| S|CS|TAMS 0x0000000096600000| PB 0x0000000096600000| Complete 
| 359|0x0000000096700000, 0x0000000096800000, 0x0000000096800000|100%| S|CS|TAMS 0x0000000096700000| PB 0x0000000096700000| Complete 
| 360|0x0000000096800000, 0x0000000096800000, 0x0000000096900000|  0%| F|  |TAMS 0x0000000096800000| PB 0x0000000096800000| Untracked 
| 361|0x0000000096900000, 0x0000000096900000, 0x0000000096a00000|  0%| F|  |TAMS 0x0000000096900000| PB 0x0000000096900000| Untracked 
| 362|0x0000000096a00000, 0x0000000096a00000, 0x0000000096b00000|  0%| F|  |TAMS 0x0000000096a00000| PB 0x0000000096a00000| Untracked 
| 363|0x0000000096b00000, 0x0000000096b00000, 0x0000000096c00000|  0%| F|  |TAMS 0x0000000096b00000| PB 0x0000000096b00000| Untracked 
| 364|0x0000000096c00000, 0x0000000096c00000, 0x0000000096d00000|  0%| F|  |TAMS 0x0000000096c00000| PB 0x0000000096c00000| Untracked 
| 365|0x0000000096d00000, 0x0000000096d00000, 0x0000000096e00000|  0%| F|  |TAMS 0x0000000096d00000| PB 0x0000000096d00000| Untracked 
| 366|0x0000000096e00000, 0x0000000096e00000, 0x0000000096f00000|  0%| F|  |TAMS 0x0000000096e00000| PB 0x0000000096e00000| Untracked 
| 367|0x0000000096f00000, 0x0000000096f00000, 0x0000000097000000|  0%| F|  |TAMS 0x0000000096f00000| PB 0x0000000096f00000| Untracked 
| 368|0x0000000097000000, 0x0000000097000000, 0x0000000097100000|  0%| F|  |TAMS 0x0000000097000000| PB 0x0000000097000000| Untracked 
| 369|0x0000000097100000, 0x0000000097100000, 0x0000000097200000|  0%| F|  |TAMS 0x0000000097100000| PB 0x0000000097100000| Untracked 
| 370|0x0000000097200000, 0x0000000097200000, 0x0000000097300000|  0%| F|  |TAMS 0x0000000097200000| PB 0x0000000097200000| Untracked 
| 371|0x0000000097300000, 0x0000000097300000, 0x0000000097400000|  0%| F|  |TAMS 0x0000000097300000| PB 0x0000000097300000| Untracked 
| 372|0x0000000097400000, 0x0000000097400000, 0x0000000097500000|  0%| F|  |TAMS 0x0000000097400000| PB 0x0000000097400000| Untracked 
| 373|0x0000000097500000, 0x0000000097500000, 0x0000000097600000|  0%| F|  |TAMS 0x0000000097500000| PB 0x0000000097500000| Untracked 
| 374|0x0000000097600000, 0x0000000097600000, 0x0000000097700000|  0%| F|  |TAMS 0x0000000097600000| PB 0x0000000097600000| Untracked 
| 375|0x0000000097700000, 0x0000000097700000, 0x0000000097800000|  0%| F|  |TAMS 0x0000000097700000| PB 0x0000000097700000| Untracked 
| 376|0x0000000097800000, 0x0000000097800000, 0x0000000097900000|  0%| F|  |TAMS 0x0000000097800000| PB 0x0000000097800000| Untracked 
| 377|0x0000000097900000, 0x0000000097900000, 0x0000000097a00000|  0%| F|  |TAMS 0x0000000097900000| PB 0x0000000097900000| Untracked 
| 378|0x0000000097a00000, 0x0000000097a00000, 0x0000000097b00000|  0%| F|  |TAMS 0x0000000097a00000| PB 0x0000000097a00000| Untracked 
| 379|0x0000000097b00000, 0x0000000097b00000, 0x0000000097c00000|  0%| F|  |TAMS 0x0000000097b00000| PB 0x0000000097b00000| Untracked 
| 380|0x0000000097c00000, 0x0000000097c00000, 0x0000000097d00000|  0%| F|  |TAMS 0x0000000097c00000| PB 0x0000000097c00000| Untracked 
| 381|0x0000000097d00000, 0x0000000097d00000, 0x0000000097e00000|  0%| F|  |TAMS 0x0000000097d00000| PB 0x0000000097d00000| Untracked 
| 382|0x0000000097e00000, 0x0000000097e00000, 0x0000000097f00000|  0%| F|  |TAMS 0x0000000097e00000| PB 0x0000000097e00000| Untracked 
| 383|0x0000000097f00000, 0x0000000097f00000, 0x0000000098000000|  0%| F|  |TAMS 0x0000000097f00000| PB 0x0000000097f00000| Untracked 
| 384|0x0000000098000000, 0x0000000098000000, 0x0000000098100000|  0%| F|  |TAMS 0x0000000098000000| PB 0x0000000098000000| Untracked 
| 385|0x0000000098100000, 0x0000000098100000, 0x0000000098200000|  0%| F|  |TAMS 0x0000000098100000| PB 0x0000000098100000| Untracked 
| 386|0x0000000098200000, 0x0000000098200000, 0x0000000098300000|  0%| F|  |TAMS 0x0000000098200000| PB 0x0000000098200000| Untracked 
| 387|0x0000000098300000, 0x0000000098300000, 0x0000000098400000|  0%| F|  |TAMS 0x0000000098300000| PB 0x0000000098300000| Untracked 
| 388|0x0000000098400000, 0x0000000098400000, 0x0000000098500000|  0%| F|  |TAMS 0x0000000098400000| PB 0x0000000098400000| Untracked 
| 389|0x0000000098500000, 0x0000000098500000, 0x0000000098600000|  0%| F|  |TAMS 0x0000000098500000| PB 0x0000000098500000| Untracked 
| 390|0x0000000098600000, 0x0000000098600000, 0x0000000098700000|  0%| F|  |TAMS 0x0000000098600000| PB 0x0000000098600000| Untracked 
| 391|0x0000000098700000, 0x0000000098700000, 0x0000000098800000|  0%| F|  |TAMS 0x0000000098700000| PB 0x0000000098700000| Untracked 
| 392|0x0000000098800000, 0x0000000098800000, 0x0000000098900000|  0%| F|  |TAMS 0x0000000098800000| PB 0x0000000098800000| Untracked 
| 393|0x0000000098900000, 0x0000000098900000, 0x0000000098a00000|  0%| F|  |TAMS 0x0000000098900000| PB 0x0000000098900000| Untracked 
| 394|0x0000000098a00000, 0x0000000098a00000, 0x0000000098b00000|  0%| F|  |TAMS 0x0000000098a00000| PB 0x0000000098a00000| Untracked 
| 395|0x0000000098b00000, 0x0000000098b00000, 0x0000000098c00000|  0%| F|  |TAMS 0x0000000098b00000| PB 0x0000000098b00000| Untracked 
| 396|0x0000000098c00000, 0x0000000098c00000, 0x0000000098d00000|  0%| F|  |TAMS 0x0000000098c00000| PB 0x0000000098c00000| Untracked 
| 397|0x0000000098d00000, 0x0000000098d00000, 0x0000000098e00000|  0%| F|  |TAMS 0x0000000098d00000| PB 0x0000000098d00000| Untracked 
| 398|0x0000000098e00000, 0x0000000098e00000, 0x0000000098f00000|  0%| F|  |TAMS 0x0000000098e00000| PB 0x0000000098e00000| Untracked 
| 399|0x0000000098f00000, 0x0000000098f00000, 0x0000000099000000|  0%| F|  |TAMS 0x0000000098f00000| PB 0x0000000098f00000| Untracked 
| 400|0x0000000099000000, 0x0000000099000000, 0x0000000099100000|  0%| F|  |TAMS 0x0000000099000000| PB 0x0000000099000000| Untracked 
| 401|0x0000000099100000, 0x0000000099100000, 0x0000000099200000|  0%| F|  |TAMS 0x0000000099100000| PB 0x0000000099100000| Untracked 
| 402|0x0000000099200000, 0x0000000099200000, 0x0000000099300000|  0%| F|  |TAMS 0x0000000099200000| PB 0x0000000099200000| Untracked 
| 403|0x0000000099300000, 0x0000000099300000, 0x0000000099400000|  0%| F|  |TAMS 0x0000000099300000| PB 0x0000000099300000| Untracked 
| 404|0x0000000099400000, 0x0000000099400000, 0x0000000099500000|  0%| F|  |TAMS 0x0000000099400000| PB 0x0000000099400000| Untracked 
| 405|0x0000000099500000, 0x0000000099500000, 0x0000000099600000|  0%| F|  |TAMS 0x0000000099500000| PB 0x0000000099500000| Untracked 
| 406|0x0000000099600000, 0x0000000099600000, 0x0000000099700000|  0%| F|  |TAMS 0x0000000099600000| PB 0x0000000099600000| Untracked 
| 407|0x0000000099700000, 0x0000000099700000, 0x0000000099800000|  0%| F|  |TAMS 0x0000000099700000| PB 0x0000000099700000| Untracked 
| 408|0x0000000099800000, 0x0000000099800000, 0x0000000099900000|  0%| F|  |TAMS 0x0000000099800000| PB 0x0000000099800000| Untracked 
| 409|0x0000000099900000, 0x0000000099900000, 0x0000000099a00000|  0%| F|  |TAMS 0x0000000099900000| PB 0x0000000099900000| Untracked 
| 410|0x0000000099a00000, 0x0000000099a00000, 0x0000000099b00000|  0%| F|  |TAMS 0x0000000099a00000| PB 0x0000000099a00000| Untracked 
| 411|0x0000000099b00000, 0x0000000099b00000, 0x0000000099c00000|  0%| F|  |TAMS 0x0000000099b00000| PB 0x0000000099b00000| Untracked 
| 412|0x0000000099c00000, 0x0000000099c00000, 0x0000000099d00000|  0%| F|  |TAMS 0x0000000099c00000| PB 0x0000000099c00000| Untracked 
| 413|0x0000000099d00000, 0x0000000099d00000, 0x0000000099e00000|  0%| F|  |TAMS 0x0000000099d00000| PB 0x0000000099d00000| Untracked 
| 414|0x0000000099e00000, 0x0000000099e00000, 0x0000000099f00000|  0%| F|  |TAMS 0x0000000099e00000| PB 0x0000000099e00000| Untracked 
| 415|0x0000000099f00000, 0x0000000099f00000, 0x000000009a000000|  0%| F|  |TAMS 0x0000000099f00000| PB 0x0000000099f00000| Untracked 
| 416|0x000000009a000000, 0x000000009a000000, 0x000000009a100000|  0%| F|  |TAMS 0x000000009a000000| PB 0x000000009a000000| Untracked 
| 417|0x000000009a100000, 0x000000009a100000, 0x000000009a200000|  0%| F|  |TAMS 0x000000009a100000| PB 0x000000009a100000| Untracked 
| 418|0x000000009a200000, 0x000000009a200000, 0x000000009a300000|  0%| F|  |TAMS 0x000000009a200000| PB 0x000000009a200000| Untracked 
| 419|0x000000009a300000, 0x000000009a300000, 0x000000009a400000|  0%| F|  |TAMS 0x000000009a300000| PB 0x000000009a300000| Untracked 
| 420|0x000000009a400000, 0x000000009a400000, 0x000000009a500000|  0%| F|  |TAMS 0x000000009a400000| PB 0x000000009a400000| Untracked 
| 421|0x000000009a500000, 0x000000009a500000, 0x000000009a600000|  0%| F|  |TAMS 0x000000009a500000| PB 0x000000009a500000| Untracked 
| 422|0x000000009a600000, 0x000000009a600000, 0x000000009a700000|  0%| F|  |TAMS 0x000000009a600000| PB 0x000000009a600000| Untracked 
| 423|0x000000009a700000, 0x000000009a700000, 0x000000009a800000|  0%| F|  |TAMS 0x000000009a700000| PB 0x000000009a700000| Untracked 
| 424|0x000000009a800000, 0x000000009a800000, 0x000000009a900000|  0%| F|  |TAMS 0x000000009a800000| PB 0x000000009a800000| Untracked 
| 425|0x000000009a900000, 0x000000009a900000, 0x000000009aa00000|  0%| F|  |TAMS 0x000000009a900000| PB 0x000000009a900000| Untracked 
| 426|0x000000009aa00000, 0x000000009aa00000, 0x000000009ab00000|  0%| F|  |TAMS 0x000000009aa00000| PB 0x000000009aa00000| Untracked 
| 427|0x000000009ab00000, 0x000000009ab00000, 0x000000009ac00000|  0%| F|  |TAMS 0x000000009ab00000| PB 0x000000009ab00000| Untracked 
| 428|0x000000009ac00000, 0x000000009ac00000, 0x000000009ad00000|  0%| F|  |TAMS 0x000000009ac00000| PB 0x000000009ac00000| Untracked 
| 429|0x000000009ad00000, 0x000000009ad00000, 0x000000009ae00000|  0%| F|  |TAMS 0x000000009ad00000| PB 0x000000009ad00000| Untracked 
| 430|0x000000009ae00000, 0x000000009ae00000, 0x000000009af00000|  0%| F|  |TAMS 0x000000009ae00000| PB 0x000000009ae00000| Untracked 
| 431|0x000000009af00000, 0x000000009af00000, 0x000000009b000000|  0%| F|  |TAMS 0x000000009af00000| PB 0x000000009af00000| Untracked 
| 432|0x000000009b000000, 0x000000009b000000, 0x000000009b100000|  0%| F|  |TAMS 0x000000009b000000| PB 0x000000009b000000| Untracked 
| 433|0x000000009b100000, 0x000000009b100000, 0x000000009b200000|  0%| F|  |TAMS 0x000000009b100000| PB 0x000000009b100000| Untracked 
| 434|0x000000009b200000, 0x000000009b200000, 0x000000009b300000|  0%| F|  |TAMS 0x000000009b200000| PB 0x000000009b200000| Untracked 
| 435|0x000000009b300000, 0x000000009b300000, 0x000000009b400000|  0%| F|  |TAMS 0x000000009b300000| PB 0x000000009b300000| Untracked 
| 436|0x000000009b400000, 0x000000009b400000, 0x000000009b500000|  0%| F|  |TAMS 0x000000009b400000| PB 0x000000009b400000| Untracked 
| 437|0x000000009b500000, 0x000000009b500000, 0x000000009b600000|  0%| F|  |TAMS 0x000000009b500000| PB 0x000000009b500000| Untracked 
| 438|0x000000009b600000, 0x000000009b600000, 0x000000009b700000|  0%| F|  |TAMS 0x000000009b600000| PB 0x000000009b600000| Untracked 
| 439|0x000000009b700000, 0x000000009b700000, 0x000000009b800000|  0%| F|  |TAMS 0x000000009b700000| PB 0x000000009b700000| Untracked 
| 440|0x000000009b800000, 0x000000009b800000, 0x000000009b900000|  0%| F|  |TAMS 0x000000009b800000| PB 0x000000009b800000| Untracked 
| 441|0x000000009b900000, 0x000000009b900000, 0x000000009ba00000|  0%| F|  |TAMS 0x000000009b900000| PB 0x000000009b900000| Untracked 
| 442|0x000000009ba00000, 0x000000009ba00000, 0x000000009bb00000|  0%| F|  |TAMS 0x000000009ba00000| PB 0x000000009ba00000| Untracked 
| 443|0x000000009bb00000, 0x000000009bb00000, 0x000000009bc00000|  0%| F|  |TAMS 0x000000009bb00000| PB 0x000000009bb00000| Untracked 
| 444|0x000000009bc00000, 0x000000009bc00000, 0x000000009bd00000|  0%| F|  |TAMS 0x000000009bc00000| PB 0x000000009bc00000| Untracked 
| 445|0x000000009bd00000, 0x000000009bd00000, 0x000000009be00000|  0%| F|  |TAMS 0x000000009bd00000| PB 0x000000009bd00000| Untracked 
| 446|0x000000009be00000, 0x000000009be00000, 0x000000009bf00000|  0%| F|  |TAMS 0x000000009be00000| PB 0x000000009be00000| Untracked 
| 447|0x000000009bf00000, 0x000000009bf00000, 0x000000009c000000|  0%| F|  |TAMS 0x000000009bf00000| PB 0x000000009bf00000| Untracked 
| 448|0x000000009c000000, 0x000000009c000000, 0x000000009c100000|  0%| F|  |TAMS 0x000000009c000000| PB 0x000000009c000000| Untracked 
| 449|0x000000009c100000, 0x000000009c100000, 0x000000009c200000|  0%| F|  |TAMS 0x000000009c100000| PB 0x000000009c100000| Untracked 
| 450|0x000000009c200000, 0x000000009c200000, 0x000000009c300000|  0%| F|  |TAMS 0x000000009c200000| PB 0x000000009c200000| Untracked 
| 451|0x000000009c300000, 0x000000009c300000, 0x000000009c400000|  0%| F|  |TAMS 0x000000009c300000| PB 0x000000009c300000| Untracked 
| 452|0x000000009c400000, 0x000000009c400000, 0x000000009c500000|  0%| F|  |TAMS 0x000000009c400000| PB 0x000000009c400000| Untracked 
| 453|0x000000009c500000, 0x000000009c500000, 0x000000009c600000|  0%| F|  |TAMS 0x000000009c500000| PB 0x000000009c500000| Untracked 
| 454|0x000000009c600000, 0x000000009c600000, 0x000000009c700000|  0%| F|  |TAMS 0x000000009c600000| PB 0x000000009c600000| Untracked 
| 455|0x000000009c700000, 0x000000009c700000, 0x000000009c800000|  0%| F|  |TAMS 0x000000009c700000| PB 0x000000009c700000| Untracked 
| 456|0x000000009c800000, 0x000000009c800000, 0x000000009c900000|  0%| F|  |TAMS 0x000000009c800000| PB 0x000000009c800000| Untracked 
| 457|0x000000009c900000, 0x000000009c900000, 0x000000009ca00000|  0%| F|  |TAMS 0x000000009c900000| PB 0x000000009c900000| Untracked 
| 458|0x000000009ca00000, 0x000000009ca00000, 0x000000009cb00000|  0%| F|  |TAMS 0x000000009ca00000| PB 0x000000009ca00000| Untracked 
| 459|0x000000009cb00000, 0x000000009cb00000, 0x000000009cc00000|  0%| F|  |TAMS 0x000000009cb00000| PB 0x000000009cb00000| Untracked 
| 460|0x000000009cc00000, 0x000000009cc00000, 0x000000009cd00000|  0%| F|  |TAMS 0x000000009cc00000| PB 0x000000009cc00000| Untracked 
| 461|0x000000009cd00000, 0x000000009cd00000, 0x000000009ce00000|  0%| F|  |TAMS 0x000000009cd00000| PB 0x000000009cd00000| Untracked 
| 462|0x000000009ce00000, 0x000000009ce00000, 0x000000009cf00000|  0%| F|  |TAMS 0x000000009ce00000| PB 0x000000009ce00000| Untracked 
| 463|0x000000009cf00000, 0x000000009cf00000, 0x000000009d000000|  0%| F|  |TAMS 0x000000009cf00000| PB 0x000000009cf00000| Untracked 
| 464|0x000000009d000000, 0x000000009d000000, 0x000000009d100000|  0%| F|  |TAMS 0x000000009d000000| PB 0x000000009d000000| Untracked 
| 465|0x000000009d100000, 0x000000009d100000, 0x000000009d200000|  0%| F|  |TAMS 0x000000009d100000| PB 0x000000009d100000| Untracked 
| 466|0x000000009d200000, 0x000000009d200000, 0x000000009d300000|  0%| F|  |TAMS 0x000000009d200000| PB 0x000000009d200000| Untracked 
| 467|0x000000009d300000, 0x000000009d300000, 0x000000009d400000|  0%| F|  |TAMS 0x000000009d300000| PB 0x000000009d300000| Untracked 
| 468|0x000000009d400000, 0x000000009d400000, 0x000000009d500000|  0%| F|  |TAMS 0x000000009d400000| PB 0x000000009d400000| Untracked 
| 469|0x000000009d500000, 0x000000009d500000, 0x000000009d600000|  0%| F|  |TAMS 0x000000009d500000| PB 0x000000009d500000| Untracked 
| 470|0x000000009d600000, 0x000000009d600000, 0x000000009d700000|  0%| F|  |TAMS 0x000000009d600000| PB 0x000000009d600000| Untracked 
| 471|0x000000009d700000, 0x000000009d700000, 0x000000009d800000|  0%| F|  |TAMS 0x000000009d700000| PB 0x000000009d700000| Untracked 
| 472|0x000000009d800000, 0x000000009d800000, 0x000000009d900000|  0%| F|  |TAMS 0x000000009d800000| PB 0x000000009d800000| Untracked 
| 473|0x000000009d900000, 0x000000009d900000, 0x000000009da00000|  0%| F|  |TAMS 0x000000009d900000| PB 0x000000009d900000| Untracked 
| 474|0x000000009da00000, 0x000000009da00000, 0x000000009db00000|  0%| F|  |TAMS 0x000000009da00000| PB 0x000000009da00000| Untracked 
| 475|0x000000009db00000, 0x000000009db00000, 0x000000009dc00000|  0%| F|  |TAMS 0x000000009db00000| PB 0x000000009db00000| Untracked 
| 476|0x000000009dc00000, 0x000000009dc00000, 0x000000009dd00000|  0%| F|  |TAMS 0x000000009dc00000| PB 0x000000009dc00000| Untracked 
| 477|0x000000009dd00000, 0x000000009dd00000, 0x000000009de00000|  0%| F|  |TAMS 0x000000009dd00000| PB 0x000000009dd00000| Untracked 
| 478|0x000000009de00000, 0x000000009de00000, 0x000000009df00000|  0%| F|  |TAMS 0x000000009de00000| PB 0x000000009de00000| Untracked 
| 479|0x000000009df00000, 0x000000009df00000, 0x000000009e000000|  0%| F|  |TAMS 0x000000009df00000| PB 0x000000009df00000| Untracked 
| 480|0x000000009e000000, 0x000000009e000000, 0x000000009e100000|  0%| F|  |TAMS 0x000000009e000000| PB 0x000000009e000000| Untracked 
| 481|0x000000009e100000, 0x000000009e100000, 0x000000009e200000|  0%| F|  |TAMS 0x000000009e100000| PB 0x000000009e100000| Untracked 
| 482|0x000000009e200000, 0x000000009e200000, 0x000000009e300000|  0%| F|  |TAMS 0x000000009e200000| PB 0x000000009e200000| Untracked 
| 483|0x000000009e300000, 0x000000009e300000, 0x000000009e400000|  0%| F|  |TAMS 0x000000009e300000| PB 0x000000009e300000| Untracked 
| 484|0x000000009e400000, 0x000000009e400000, 0x000000009e500000|  0%| F|  |TAMS 0x000000009e400000| PB 0x000000009e400000| Untracked 
| 485|0x000000009e500000, 0x000000009e500000, 0x000000009e600000|  0%| F|  |TAMS 0x000000009e500000| PB 0x000000009e500000| Untracked 
| 486|0x000000009e600000, 0x000000009e600000, 0x000000009e700000|  0%| F|  |TAMS 0x000000009e600000| PB 0x000000009e600000| Untracked 
| 487|0x000000009e700000, 0x000000009e700000, 0x000000009e800000|  0%| F|  |TAMS 0x000000009e700000| PB 0x000000009e700000| Untracked 
| 488|0x000000009e800000, 0x000000009e800000, 0x000000009e900000|  0%| F|  |TAMS 0x000000009e800000| PB 0x000000009e800000| Untracked 
| 489|0x000000009e900000, 0x000000009e900000, 0x000000009ea00000|  0%| F|  |TAMS 0x000000009e900000| PB 0x000000009e900000| Untracked 
| 490|0x000000009ea00000, 0x000000009ea00000, 0x000000009eb00000|  0%| F|  |TAMS 0x000000009ea00000| PB 0x000000009ea00000| Untracked 
| 491|0x000000009eb00000, 0x000000009eb00000, 0x000000009ec00000|  0%| F|  |TAMS 0x000000009eb00000| PB 0x000000009eb00000| Untracked 
| 492|0x000000009ec00000, 0x000000009ec00000, 0x000000009ed00000|  0%| F|  |TAMS 0x000000009ec00000| PB 0x000000009ec00000| Untracked 
| 493|0x000000009ed00000, 0x000000009ed00000, 0x000000009ee00000|  0%| F|  |TAMS 0x000000009ed00000| PB 0x000000009ed00000| Untracked 
| 494|0x000000009ee00000, 0x000000009ee00000, 0x000000009ef00000|  0%| F|  |TAMS 0x000000009ee00000| PB 0x000000009ee00000| Untracked 
| 495|0x000000009ef00000, 0x000000009ef00000, 0x000000009f000000|  0%| F|  |TAMS 0x000000009ef00000| PB 0x000000009ef00000| Untracked 
| 496|0x000000009f000000, 0x000000009f000000, 0x000000009f100000|  0%| F|  |TAMS 0x000000009f000000| PB 0x000000009f000000| Untracked 
| 497|0x000000009f100000, 0x000000009f100000, 0x000000009f200000|  0%| F|  |TAMS 0x000000009f100000| PB 0x000000009f100000| Untracked 
| 498|0x000000009f200000, 0x000000009f200000, 0x000000009f300000|  0%| F|  |TAMS 0x000000009f200000| PB 0x000000009f200000| Untracked 
| 499|0x000000009f300000, 0x000000009f300000, 0x000000009f400000|  0%| F|  |TAMS 0x000000009f300000| PB 0x000000009f300000| Untracked 
| 500|0x000000009f400000, 0x000000009f400000, 0x000000009f500000|  0%| F|  |TAMS 0x000000009f400000| PB 0x000000009f400000| Untracked 
| 501|0x000000009f500000, 0x000000009f500000, 0x000000009f600000|  0%| F|  |TAMS 0x000000009f500000| PB 0x000000009f500000| Untracked 
| 502|0x000000009f600000, 0x000000009f600000, 0x000000009f700000|  0%| F|  |TAMS 0x000000009f600000| PB 0x000000009f600000| Untracked 
| 503|0x000000009f700000, 0x000000009f700000, 0x000000009f800000|  0%| F|  |TAMS 0x000000009f700000| PB 0x000000009f700000| Untracked 
| 504|0x000000009f800000, 0x000000009f800000, 0x000000009f900000|  0%| F|  |TAMS 0x000000009f800000| PB 0x000000009f800000| Untracked 
| 505|0x000000009f900000, 0x000000009f900000, 0x000000009fa00000|  0%| F|  |TAMS 0x000000009f900000| PB 0x000000009f900000| Untracked 
| 506|0x000000009fa00000, 0x000000009fa00000, 0x000000009fb00000|  0%| F|  |TAMS 0x000000009fa00000| PB 0x000000009fa00000| Untracked 
| 507|0x000000009fb00000, 0x000000009fb00000, 0x000000009fc00000|  0%| F|  |TAMS 0x000000009fb00000| PB 0x000000009fb00000| Untracked 
| 508|0x000000009fc00000, 0x000000009fc00000, 0x000000009fd00000|  0%| F|  |TAMS 0x000000009fc00000| PB 0x000000009fc00000| Untracked 
| 509|0x000000009fd00000, 0x000000009fd00000, 0x000000009fe00000|  0%| F|  |TAMS 0x000000009fd00000| PB 0x000000009fd00000| Untracked 
| 510|0x000000009fe00000, 0x000000009fe00000, 0x000000009ff00000|  0%| F|  |TAMS 0x000000009fe00000| PB 0x000000009fe00000| Untracked 
| 511|0x000000009ff00000, 0x000000009ff00000, 0x00000000a0000000|  0%| F|  |TAMS 0x000000009ff00000| PB 0x000000009ff00000| Untracked 
| 512|0x00000000a0000000, 0x00000000a0000000, 0x00000000a0100000|  0%| F|  |TAMS 0x00000000a0000000| PB 0x00000000a0000000| Untracked 
| 513|0x00000000a0100000, 0x00000000a0100000, 0x00000000a0200000|  0%| F|  |TAMS 0x00000000a0100000| PB 0x00000000a0100000| Untracked 
| 514|0x00000000a0200000, 0x00000000a0200000, 0x00000000a0300000|  0%| F|  |TAMS 0x00000000a0200000| PB 0x00000000a0200000| Untracked 
| 515|0x00000000a0300000, 0x00000000a0300000, 0x00000000a0400000|  0%| F|  |TAMS 0x00000000a0300000| PB 0x00000000a0300000| Untracked 
| 516|0x00000000a0400000, 0x00000000a0400000, 0x00000000a0500000|  0%| F|  |TAMS 0x00000000a0400000| PB 0x00000000a0400000| Untracked 
| 517|0x00000000a0500000, 0x00000000a0500000, 0x00000000a0600000|  0%| F|  |TAMS 0x00000000a0500000| PB 0x00000000a0500000| Untracked 
| 518|0x00000000a0600000, 0x00000000a0600000, 0x00000000a0700000|  0%| F|  |TAMS 0x00000000a0600000| PB 0x00000000a0600000| Untracked 
| 519|0x00000000a0700000, 0x00000000a0700000, 0x00000000a0800000|  0%| F|  |TAMS 0x00000000a0700000| PB 0x00000000a0700000| Untracked 
| 520|0x00000000a0800000, 0x00000000a0800000, 0x00000000a0900000|  0%| F|  |TAMS 0x00000000a0800000| PB 0x00000000a0800000| Untracked 
| 521|0x00000000a0900000, 0x00000000a0900000, 0x00000000a0a00000|  0%| F|  |TAMS 0x00000000a0900000| PB 0x00000000a0900000| Untracked 
| 522|0x00000000a0a00000, 0x00000000a0a00000, 0x00000000a0b00000|  0%| F|  |TAMS 0x00000000a0a00000| PB 0x00000000a0a00000| Untracked 
| 523|0x00000000a0b00000, 0x00000000a0b00000, 0x00000000a0c00000|  0%| F|  |TAMS 0x00000000a0b00000| PB 0x00000000a0b00000| Untracked 
| 524|0x00000000a0c00000, 0x00000000a0c00000, 0x00000000a0d00000|  0%| F|  |TAMS 0x00000000a0c00000| PB 0x00000000a0c00000| Untracked 
| 525|0x00000000a0d00000, 0x00000000a0d00000, 0x00000000a0e00000|  0%| F|  |TAMS 0x00000000a0d00000| PB 0x00000000a0d00000| Untracked 
| 526|0x00000000a0e00000, 0x00000000a0e00000, 0x00000000a0f00000|  0%| F|  |TAMS 0x00000000a0e00000| PB 0x00000000a0e00000| Untracked 
| 527|0x00000000a0f00000, 0x00000000a0f00000, 0x00000000a1000000|  0%| F|  |TAMS 0x00000000a0f00000| PB 0x00000000a0f00000| Untracked 
| 528|0x00000000a1000000, 0x00000000a1000000, 0x00000000a1100000|  0%| F|  |TAMS 0x00000000a1000000| PB 0x00000000a1000000| Untracked 
| 529|0x00000000a1100000, 0x00000000a1100000, 0x00000000a1200000|  0%| F|  |TAMS 0x00000000a1100000| PB 0x00000000a1100000| Untracked 
| 530|0x00000000a1200000, 0x00000000a1200000, 0x00000000a1300000|  0%| F|  |TAMS 0x00000000a1200000| PB 0x00000000a1200000| Untracked 
| 531|0x00000000a1300000, 0x00000000a1300000, 0x00000000a1400000|  0%| F|  |TAMS 0x00000000a1300000| PB 0x00000000a1300000| Untracked 
| 532|0x00000000a1400000, 0x00000000a1400000, 0x00000000a1500000|  0%| F|  |TAMS 0x00000000a1400000| PB 0x00000000a1400000| Untracked 
| 533|0x00000000a1500000, 0x00000000a1500000, 0x00000000a1600000|  0%| F|  |TAMS 0x00000000a1500000| PB 0x00000000a1500000| Untracked 
| 534|0x00000000a1600000, 0x00000000a1600000, 0x00000000a1700000|  0%| F|  |TAMS 0x00000000a1600000| PB 0x00000000a1600000| Untracked 
| 535|0x00000000a1700000, 0x00000000a1700000, 0x00000000a1800000|  0%| F|  |TAMS 0x00000000a1700000| PB 0x00000000a1700000| Untracked 
| 536|0x00000000a1800000, 0x00000000a1800000, 0x00000000a1900000|  0%| F|  |TAMS 0x00000000a1800000| PB 0x00000000a1800000| Untracked 
| 537|0x00000000a1900000, 0x00000000a1900000, 0x00000000a1a00000|  0%| F|  |TAMS 0x00000000a1900000| PB 0x00000000a1900000| Untracked 
| 538|0x00000000a1a00000, 0x00000000a1a00000, 0x00000000a1b00000|  0%| F|  |TAMS 0x00000000a1a00000| PB 0x00000000a1a00000| Untracked 
| 539|0x00000000a1b00000, 0x00000000a1b00000, 0x00000000a1c00000|  0%| F|  |TAMS 0x00000000a1b00000| PB 0x00000000a1b00000| Untracked 
| 540|0x00000000a1c00000, 0x00000000a1c00000, 0x00000000a1d00000|  0%| F|  |TAMS 0x00000000a1c00000| PB 0x00000000a1c00000| Untracked 
| 541|0x00000000a1d00000, 0x00000000a1d00000, 0x00000000a1e00000|  0%| F|  |TAMS 0x00000000a1d00000| PB 0x00000000a1d00000| Untracked 
| 542|0x00000000a1e00000, 0x00000000a1e00000, 0x00000000a1f00000|  0%| F|  |TAMS 0x00000000a1e00000| PB 0x00000000a1e00000| Untracked 
| 543|0x00000000a1f00000, 0x00000000a1f00000, 0x00000000a2000000|  0%| F|  |TAMS 0x00000000a1f00000| PB 0x00000000a1f00000| Untracked 
| 544|0x00000000a2000000, 0x00000000a2000000, 0x00000000a2100000|  0%| F|  |TAMS 0x00000000a2000000| PB 0x00000000a2000000| Untracked 
| 545|0x00000000a2100000, 0x00000000a2100000, 0x00000000a2200000|  0%| F|  |TAMS 0x00000000a2100000| PB 0x00000000a2100000| Untracked 
| 546|0x00000000a2200000, 0x00000000a2200000, 0x00000000a2300000|  0%| F|  |TAMS 0x00000000a2200000| PB 0x00000000a2200000| Untracked 
| 547|0x00000000a2300000, 0x00000000a2300000, 0x00000000a2400000|  0%| F|  |TAMS 0x00000000a2300000| PB 0x00000000a2300000| Untracked 
| 548|0x00000000a2400000, 0x00000000a2400000, 0x00000000a2500000|  0%| F|  |TAMS 0x00000000a2400000| PB 0x00000000a2400000| Untracked 
| 549|0x00000000a2500000, 0x00000000a2500000, 0x00000000a2600000|  0%| F|  |TAMS 0x00000000a2500000| PB 0x00000000a2500000| Untracked 
| 550|0x00000000a2600000, 0x00000000a2600000, 0x00000000a2700000|  0%| F|  |TAMS 0x00000000a2600000| PB 0x00000000a2600000| Untracked 
| 551|0x00000000a2700000, 0x00000000a2700000, 0x00000000a2800000|  0%| F|  |TAMS 0x00000000a2700000| PB 0x00000000a2700000| Untracked 
| 552|0x00000000a2800000, 0x00000000a2800000, 0x00000000a2900000|  0%| F|  |TAMS 0x00000000a2800000| PB 0x00000000a2800000| Untracked 
| 553|0x00000000a2900000, 0x00000000a2900000, 0x00000000a2a00000|  0%| F|  |TAMS 0x00000000a2900000| PB 0x00000000a2900000| Untracked 
| 554|0x00000000a2a00000, 0x00000000a2a00000, 0x00000000a2b00000|  0%| F|  |TAMS 0x00000000a2a00000| PB 0x00000000a2a00000| Untracked 
| 555|0x00000000a2b00000, 0x00000000a2b00000, 0x00000000a2c00000|  0%| F|  |TAMS 0x00000000a2b00000| PB 0x00000000a2b00000| Untracked 
| 556|0x00000000a2c00000, 0x00000000a2c00000, 0x00000000a2d00000|  0%| F|  |TAMS 0x00000000a2c00000| PB 0x00000000a2c00000| Untracked 
| 557|0x00000000a2d00000, 0x00000000a2d00000, 0x00000000a2e00000|  0%| F|  |TAMS 0x00000000a2d00000| PB 0x00000000a2d00000| Untracked 
| 558|0x00000000a2e00000, 0x00000000a2e00000, 0x00000000a2f00000|  0%| F|  |TAMS 0x00000000a2e00000| PB 0x00000000a2e00000| Untracked 
| 559|0x00000000a2f00000, 0x00000000a2f00000, 0x00000000a3000000|  0%| F|  |TAMS 0x00000000a2f00000| PB 0x00000000a2f00000| Untracked 
| 560|0x00000000a3000000, 0x00000000a3000000, 0x00000000a3100000|  0%| F|  |TAMS 0x00000000a3000000| PB 0x00000000a3000000| Untracked 
| 561|0x00000000a3100000, 0x00000000a3100000, 0x00000000a3200000|  0%| F|  |TAMS 0x00000000a3100000| PB 0x00000000a3100000| Untracked 
| 562|0x00000000a3200000, 0x00000000a3200000, 0x00000000a3300000|  0%| F|  |TAMS 0x00000000a3200000| PB 0x00000000a3200000| Untracked 
| 563|0x00000000a3300000, 0x00000000a3300000, 0x00000000a3400000|  0%| F|  |TAMS 0x00000000a3300000| PB 0x00000000a3300000| Untracked 
| 564|0x00000000a3400000, 0x00000000a3500000, 0x00000000a3500000|100%| E|CS|TAMS 0x00000000a3400000| PB 0x00000000a3400000| Complete 
| 565|0x00000000a3500000, 0x00000000a3600000, 0x00000000a3600000|100%| E|CS|TAMS 0x00000000a3500000| PB 0x00000000a3500000| Complete 
| 566|0x00000000a3600000, 0x00000000a3700000, 0x00000000a3700000|100%| E|CS|TAMS 0x00000000a3600000| PB 0x00000000a3600000| Complete 
| 567|0x00000000a3700000, 0x00000000a3800000, 0x00000000a3800000|100%| E|CS|TAMS 0x00000000a3700000| PB 0x00000000a3700000| Complete 
| 568|0x00000000a3800000, 0x00000000a3900000, 0x00000000a3900000|100%| E|CS|TAMS 0x00000000a3800000| PB 0x00000000a3800000| Complete 
| 569|0x00000000a3900000, 0x00000000a3a00000, 0x00000000a3a00000|100%| E|CS|TAMS 0x00000000a3900000| PB 0x00000000a3900000| Complete 
| 570|0x00000000a3a00000, 0x00000000a3b00000, 0x00000000a3b00000|100%| E|CS|TAMS 0x00000000a3a00000| PB 0x00000000a3a00000| Complete 
| 571|0x00000000a3b00000, 0x00000000a3c00000, 0x00000000a3c00000|100%| E|CS|TAMS 0x00000000a3b00000| PB 0x00000000a3b00000| Complete 
| 572|0x00000000a3c00000, 0x00000000a3d00000, 0x00000000a3d00000|100%| E|CS|TAMS 0x00000000a3c00000| PB 0x00000000a3c00000| Complete 
| 573|0x00000000a3d00000, 0x00000000a3e00000, 0x00000000a3e00000|100%| E|CS|TAMS 0x00000000a3d00000| PB 0x00000000a3d00000| Complete 
| 574|0x00000000a3e00000, 0x00000000a3f00000, 0x00000000a3f00000|100%| E|CS|TAMS 0x00000000a3e00000| PB 0x00000000a3e00000| Complete 
| 575|0x00000000a3f00000, 0x00000000a4000000, 0x00000000a4000000|100%| E|CS|TAMS 0x00000000a3f00000| PB 0x00000000a3f00000| Complete 
| 576|0x00000000a4000000, 0x00000000a4100000, 0x00000000a4100000|100%| E|CS|TAMS 0x00000000a4000000| PB 0x00000000a4000000| Complete 
| 577|0x00000000a4100000, 0x00000000a4200000, 0x00000000a4200000|100%| E|CS|TAMS 0x00000000a4100000| PB 0x00000000a4100000| Complete 
| 578|0x00000000a4200000, 0x00000000a4300000, 0x00000000a4300000|100%| E|CS|TAMS 0x00000000a4200000| PB 0x00000000a4200000| Complete 
| 579|0x00000000a4300000, 0x00000000a4400000, 0x00000000a4400000|100%| E|CS|TAMS 0x00000000a4300000| PB 0x00000000a4300000| Complete 
| 580|0x00000000a4400000, 0x00000000a4500000, 0x00000000a4500000|100%| E|CS|TAMS 0x00000000a4400000| PB 0x00000000a4400000| Complete 
| 581|0x00000000a4500000, 0x00000000a4600000, 0x00000000a4600000|100%| E|CS|TAMS 0x00000000a4500000| PB 0x00000000a4500000| Complete 
| 582|0x00000000a4600000, 0x00000000a4700000, 0x00000000a4700000|100%| E|CS|TAMS 0x00000000a4600000| PB 0x00000000a4600000| Complete 
| 583|0x00000000a4700000, 0x00000000a4800000, 0x00000000a4800000|100%| E|CS|TAMS 0x00000000a4700000| PB 0x00000000a4700000| Complete 
| 584|0x00000000a4800000, 0x00000000a4900000, 0x00000000a4900000|100%| E|CS|TAMS 0x00000000a4800000| PB 0x00000000a4800000| Complete 
| 585|0x00000000a4900000, 0x00000000a4a00000, 0x00000000a4a00000|100%| E|CS|TAMS 0x00000000a4900000| PB 0x00000000a4900000| Complete 
| 586|0x00000000a4a00000, 0x00000000a4b00000, 0x00000000a4b00000|100%| E|CS|TAMS 0x00000000a4a00000| PB 0x00000000a4a00000| Complete 
| 587|0x00000000a4b00000, 0x00000000a4c00000, 0x00000000a4c00000|100%| E|CS|TAMS 0x00000000a4b00000| PB 0x00000000a4b00000| Complete 
| 588|0x00000000a4c00000, 0x00000000a4d00000, 0x00000000a4d00000|100%| E|CS|TAMS 0x00000000a4c00000| PB 0x00000000a4c00000| Complete 
| 589|0x00000000a4d00000, 0x00000000a4e00000, 0x00000000a4e00000|100%| E|CS|TAMS 0x00000000a4d00000| PB 0x00000000a4d00000| Complete 
| 590|0x00000000a4e00000, 0x00000000a4f00000, 0x00000000a4f00000|100%| E|CS|TAMS 0x00000000a4e00000| PB 0x00000000a4e00000| Complete 
| 591|0x00000000a4f00000, 0x00000000a5000000, 0x00000000a5000000|100%| E|CS|TAMS 0x00000000a4f00000| PB 0x00000000a4f00000| Complete 
| 592|0x00000000a5000000, 0x00000000a5100000, 0x00000000a5100000|100%| E|CS|TAMS 0x00000000a5000000| PB 0x00000000a5000000| Complete 
| 593|0x00000000a5100000, 0x00000000a5200000, 0x00000000a5200000|100%| E|CS|TAMS 0x00000000a5100000| PB 0x00000000a5100000| Complete 
| 594|0x00000000a5200000, 0x00000000a5300000, 0x00000000a5300000|100%| E|CS|TAMS 0x00000000a5200000| PB 0x00000000a5200000| Complete 
| 595|0x00000000a5300000, 0x00000000a5400000, 0x00000000a5400000|100%| E|CS|TAMS 0x00000000a5300000| PB 0x00000000a5300000| Complete 
| 596|0x00000000a5400000, 0x00000000a5400000, 0x00000000a5500000|  0%| F|  |TAMS 0x00000000a5400000| PB 0x00000000a5400000| Untracked 
| 597|0x00000000a5500000, 0x00000000a5500000, 0x00000000a5600000|  0%| F|  |TAMS 0x00000000a5500000| PB 0x00000000a5500000| Untracked 
| 598|0x00000000a5600000, 0x00000000a5600000, 0x00000000a5700000|  0%| F|  |TAMS 0x00000000a5600000| PB 0x00000000a5600000| Untracked 
| 599|0x00000000a5700000, 0x00000000a5700000, 0x00000000a5800000|  0%| F|  |TAMS 0x00000000a5700000| PB 0x00000000a5700000| Untracked 
| 600|0x00000000a5800000, 0x00000000a5800000, 0x00000000a5900000|  0%| F|  |TAMS 0x00000000a5800000| PB 0x00000000a5800000| Untracked 
| 601|0x00000000a5900000, 0x00000000a5900000, 0x00000000a5a00000|  0%| F|  |TAMS 0x00000000a5900000| PB 0x00000000a5900000| Untracked 
| 602|0x00000000a5a00000, 0x00000000a5a00000, 0x00000000a5b00000|  0%| F|  |TAMS 0x00000000a5a00000| PB 0x00000000a5a00000| Untracked 
| 603|0x00000000a5b00000, 0x00000000a5b00000, 0x00000000a5c00000|  0%| F|  |TAMS 0x00000000a5b00000| PB 0x00000000a5b00000| Untracked 
| 604|0x00000000a5c00000, 0x00000000a5c00000, 0x00000000a5d00000|  0%| F|  |TAMS 0x00000000a5c00000| PB 0x00000000a5c00000| Untracked 
| 605|0x00000000a5d00000, 0x00000000a5d00000, 0x00000000a5e00000|  0%| F|  |TAMS 0x00000000a5d00000| PB 0x00000000a5d00000| Untracked 
| 606|0x00000000a5e00000, 0x00000000a5e00000, 0x00000000a5f00000|  0%| F|  |TAMS 0x00000000a5e00000| PB 0x00000000a5e00000| Untracked 
| 607|0x00000000a5f00000, 0x00000000a5f00000, 0x00000000a6000000|  0%| F|  |TAMS 0x00000000a5f00000| PB 0x00000000a5f00000| Untracked 
| 608|0x00000000a6000000, 0x00000000a6000000, 0x00000000a6100000|  0%| F|  |TAMS 0x00000000a6000000| PB 0x00000000a6000000| Untracked 
| 609|0x00000000a6100000, 0x00000000a6100000, 0x00000000a6200000|  0%| F|  |TAMS 0x00000000a6100000| PB 0x00000000a6100000| Untracked 
| 610|0x00000000a6200000, 0x00000000a6200000, 0x00000000a6300000|  0%| F|  |TAMS 0x00000000a6200000| PB 0x00000000a6200000| Untracked 
| 611|0x00000000a6300000, 0x00000000a6300000, 0x00000000a6400000|  0%| F|  |TAMS 0x00000000a6300000| PB 0x00000000a6300000| Untracked 
| 612|0x00000000a6400000, 0x00000000a6400000, 0x00000000a6500000|  0%| F|  |TAMS 0x00000000a6400000| PB 0x00000000a6400000| Untracked 
| 613|0x00000000a6500000, 0x00000000a6500000, 0x00000000a6600000|  0%| F|  |TAMS 0x00000000a6500000| PB 0x00000000a6500000| Untracked 
| 614|0x00000000a6600000, 0x00000000a6600000, 0x00000000a6700000|  0%| F|  |TAMS 0x00000000a6600000| PB 0x00000000a6600000| Untracked 
| 615|0x00000000a6700000, 0x00000000a6700000, 0x00000000a6800000|  0%| F|  |TAMS 0x00000000a6700000| PB 0x00000000a6700000| Untracked 
| 616|0x00000000a6800000, 0x00000000a6800000, 0x00000000a6900000|  0%| F|  |TAMS 0x00000000a6800000| PB 0x00000000a6800000| Untracked 
| 617|0x00000000a6900000, 0x00000000a6900000, 0x00000000a6a00000|  0%| F|  |TAMS 0x00000000a6900000| PB 0x00000000a6900000| Untracked 
| 618|0x00000000a6a00000, 0x00000000a6a00000, 0x00000000a6b00000|  0%| F|  |TAMS 0x00000000a6a00000| PB 0x00000000a6a00000| Untracked 
| 619|0x00000000a6b00000, 0x00000000a6b00000, 0x00000000a6c00000|  0%| F|  |TAMS 0x00000000a6b00000| PB 0x00000000a6b00000| Untracked 
| 620|0x00000000a6c00000, 0x00000000a6c00000, 0x00000000a6d00000|  0%| F|  |TAMS 0x00000000a6c00000| PB 0x00000000a6c00000| Untracked 
| 621|0x00000000a6d00000, 0x00000000a6d00000, 0x00000000a6e00000|  0%| F|  |TAMS 0x00000000a6d00000| PB 0x00000000a6d00000| Untracked 
| 622|0x00000000a6e00000, 0x00000000a6e00000, 0x00000000a6f00000|  0%| F|  |TAMS 0x00000000a6e00000| PB 0x00000000a6e00000| Untracked 
| 623|0x00000000a6f00000, 0x00000000a7000000, 0x00000000a7000000|100%| E|  |TAMS 0x00000000a6f00000| PB 0x00000000a6f00000| Complete 
| 624|0x00000000a7000000, 0x00000000a7100000, 0x00000000a7100000|100%| E|CS|TAMS 0x00000000a7000000| PB 0x00000000a7000000| Complete 
| 625|0x00000000a7100000, 0x00000000a7200000, 0x00000000a7200000|100%| E|CS|TAMS 0x00000000a7100000| PB 0x00000000a7100000| Complete 
| 626|0x00000000a7200000, 0x00000000a7300000, 0x00000000a7300000|100%| E|CS|TAMS 0x00000000a7200000| PB 0x00000000a7200000| Complete 
| 627|0x00000000a7300000, 0x00000000a7400000, 0x00000000a7400000|100%| E|CS|TAMS 0x00000000a7300000| PB 0x00000000a7300000| Complete 
| 628|0x00000000a7400000, 0x00000000a7500000, 0x00000000a7500000|100%| E|CS|TAMS 0x00000000a7400000| PB 0x00000000a7400000| Complete 
| 629|0x00000000a7500000, 0x00000000a7600000, 0x00000000a7600000|100%| E|CS|TAMS 0x00000000a7500000| PB 0x00000000a7500000| Complete 
| 630|0x00000000a7600000, 0x00000000a7700000, 0x00000000a7700000|100%| E|CS|TAMS 0x00000000a7600000| PB 0x00000000a7600000| Complete 
| 631|0x00000000a7700000, 0x00000000a7800000, 0x00000000a7800000|100%| E|CS|TAMS 0x00000000a7700000| PB 0x00000000a7700000| Complete 
|1968|0x00000000fb000000, 0x00000000fb080000, 0x00000000fb100000| 50%| O|  |TAMS 0x00000000fb000000| PB 0x00000000fb000000| Untracked 
|1969|0x00000000fb100000, 0x00000000fb200000, 0x00000000fb200000|100%| O|  |TAMS 0x00000000fb100000| PB 0x00000000fb100000| Untracked 
|1970|0x00000000fb200000, 0x00000000fb300000, 0x00000000fb300000|100%| O|  |TAMS 0x00000000fb200000| PB 0x00000000fb200000| Untracked 
|1971|0x00000000fb300000, 0x00000000fb400000, 0x00000000fb400000|100%| O|  |TAMS 0x00000000fb300000| PB 0x00000000fb300000| Untracked 
|1972|0x00000000fb400000, 0x00000000fb500000, 0x00000000fb500000|100%| O|  |TAMS 0x00000000fb400000| PB 0x00000000fb400000| Untracked 
|1973|0x00000000fb500000, 0x00000000fb600000, 0x00000000fb600000|100%| O|  |TAMS 0x00000000fb500000| PB 0x00000000fb500000| Untracked 
|1974|0x00000000fb600000, 0x00000000fb700000, 0x00000000fb700000|100%| O|  |TAMS 0x00000000fb600000| PB 0x00000000fb600000| Untracked 
|1975|0x00000000fb700000, 0x00000000fb800000, 0x00000000fb800000|100%| O|  |TAMS 0x00000000fb700000| PB 0x00000000fb700000| Untracked 
|1976|0x00000000fb800000, 0x00000000fb900000, 0x00000000fb900000|100%| O|  |TAMS 0x00000000fb800000| PB 0x00000000fb800000| Untracked 
|1977|0x00000000fb900000, 0x00000000fba00000, 0x00000000fba00000|100%| O|  |TAMS 0x00000000fb900000| PB 0x00000000fb900000| Untracked 
|1978|0x00000000fba00000, 0x00000000fbb00000, 0x00000000fbb00000|100%| O|  |TAMS 0x00000000fba00000| PB 0x00000000fba00000| Untracked 
|1979|0x00000000fbb00000, 0x00000000fbc00000, 0x00000000fbc00000|100%| O|Cm|TAMS 0x00000000fbb00000| PB 0x00000000fbb00000| Complete 
|1980|0x00000000fbc00000, 0x00000000fbd00000, 0x00000000fbd00000|100%| O|  |TAMS 0x00000000fbc00000| PB 0x00000000fbc00000| Untracked 
|1981|0x00000000fbd00000, 0x00000000fbe00000, 0x00000000fbe00000|100%| O|  |TAMS 0x00000000fbd00000| PB 0x00000000fbd00000| Untracked 
|1982|0x00000000fbe00000, 0x00000000fbf00000, 0x00000000fbf00000|100%| O|  |TAMS 0x00000000fbe00000| PB 0x00000000fbe00000| Untracked 
|1983|0x00000000fbf00000, 0x00000000fc000000, 0x00000000fc000000|100%| O|  |TAMS 0x00000000fbf00000| PB 0x00000000fbf00000| Untracked 
|1984|0x00000000fc000000, 0x00000000fc100000, 0x00000000fc100000|100%| O|  |TAMS 0x00000000fc000000| PB 0x00000000fc000000| Untracked 
|1985|0x00000000fc100000, 0x00000000fc200000, 0x00000000fc200000|100%| O|  |TAMS 0x00000000fc100000| PB 0x00000000fc100000| Untracked 
|1986|0x00000000fc200000, 0x00000000fc300000, 0x00000000fc300000|100%| O|  |TAMS 0x00000000fc200000| PB 0x00000000fc200000| Untracked 
|1987|0x00000000fc300000, 0x00000000fc400000, 0x00000000fc400000|100%| O|  |TAMS 0x00000000fc300000| PB 0x00000000fc300000| Untracked 
|1988|0x00000000fc400000, 0x00000000fc500000, 0x00000000fc500000|100%| O|  |TAMS 0x00000000fc400000| PB 0x00000000fc400000| Untracked 
|1989|0x00000000fc500000, 0x00000000fc600000, 0x00000000fc600000|100%| O|  |TAMS 0x00000000fc500000| PB 0x00000000fc500000| Untracked 
|1990|0x00000000fc600000, 0x00000000fc700000, 0x00000000fc700000|100%| O|  |TAMS 0x00000000fc600000| PB 0x00000000fc600000| Untracked 
|1991|0x00000000fc700000, 0x00000000fc800000, 0x00000000fc800000|100%| O|  |TAMS 0x00000000fc700000| PB 0x00000000fc700000| Untracked 
|1992|0x00000000fc800000, 0x00000000fc900000, 0x00000000fc900000|100%| O|  |TAMS 0x00000000fc800000| PB 0x00000000fc800000| Untracked 
|1993|0x00000000fc900000, 0x00000000fca00000, 0x00000000fca00000|100%| O|  |TAMS 0x00000000fc900000| PB 0x00000000fc900000| Untracked 
|1994|0x00000000fca00000, 0x00000000fcb00000, 0x00000000fcb00000|100%| O|  |TAMS 0x00000000fca00000| PB 0x00000000fca00000| Untracked 
|1995|0x00000000fcb00000, 0x00000000fcc00000, 0x00000000fcc00000|100%| O|  |TAMS 0x00000000fcb00000| PB 0x00000000fcb00000| Untracked 
|1996|0x00000000fcc00000, 0x00000000fcd00000, 0x00000000fcd00000|100%| O|  |TAMS 0x00000000fcc00000| PB 0x00000000fcc00000| Untracked 
|1997|0x00000000fcd00000, 0x00000000fce00000, 0x00000000fce00000|100%| O|  |TAMS 0x00000000fcd00000| PB 0x00000000fcd00000| Untracked 
|1998|0x00000000fce00000, 0x00000000fcf00000, 0x00000000fcf00000|100%| O|  |TAMS 0x00000000fce00000| PB 0x00000000fce00000| Untracked 
|1999|0x00000000fcf00000, 0x00000000fd000000, 0x00000000fd000000|100%| O|  |TAMS 0x00000000fcf00000| PB 0x00000000fcf00000| Untracked 
|2000|0x00000000fd000000, 0x00000000fd100000, 0x00000000fd100000|100%| O|  |TAMS 0x00000000fd000000| PB 0x00000000fd000000| Untracked 
|2001|0x00000000fd100000, 0x00000000fd200000, 0x00000000fd200000|100%| O|  |TAMS 0x00000000fd100000| PB 0x00000000fd100000| Untracked 
|2002|0x00000000fd200000, 0x00000000fd300000, 0x00000000fd300000|100%| O|  |TAMS 0x00000000fd200000| PB 0x00000000fd200000| Untracked 
|2003|0x00000000fd300000, 0x00000000fd400000, 0x00000000fd400000|100%| O|  |TAMS 0x00000000fd300000| PB 0x00000000fd300000| Untracked 
|2004|0x00000000fd400000, 0x00000000fd500000, 0x00000000fd500000|100%| O|  |TAMS 0x00000000fd400000| PB 0x00000000fd400000| Untracked 
|2005|0x00000000fd500000, 0x00000000fd600000, 0x00000000fd600000|100%| O|  |TAMS 0x00000000fd500000| PB 0x00000000fd500000| Untracked 
|2006|0x00000000fd600000, 0x00000000fd700000, 0x00000000fd700000|100%| O|  |TAMS 0x00000000fd600000| PB 0x00000000fd600000| Untracked 
|2007|0x00000000fd700000, 0x00000000fd800000, 0x00000000fd800000|100%| O|  |TAMS 0x00000000fd700000| PB 0x00000000fd700000| Untracked 
|2008|0x00000000fd800000, 0x00000000fd900000, 0x00000000fd900000|100%| O|  |TAMS 0x00000000fd800000| PB 0x00000000fd800000| Untracked 
|2009|0x00000000fd900000, 0x00000000fda00000, 0x00000000fda00000|100%| O|  |TAMS 0x00000000fd900000| PB 0x00000000fd900000| Untracked 
|2010|0x00000000fda00000, 0x00000000fdb00000, 0x00000000fdb00000|100%| O|  |TAMS 0x00000000fda00000| PB 0x00000000fda00000| Untracked 
|2011|0x00000000fdb00000, 0x00000000fdc00000, 0x00000000fdc00000|100%| O|  |TAMS 0x00000000fdb00000| PB 0x00000000fdb00000| Untracked 
|2012|0x00000000fdc00000, 0x00000000fdd00000, 0x00000000fdd00000|100%| O|  |TAMS 0x00000000fdc00000| PB 0x00000000fdc00000| Untracked 
|2013|0x00000000fdd00000, 0x00000000fde00000, 0x00000000fde00000|100%| O|  |TAMS 0x00000000fdd00000| PB 0x00000000fdd00000| Untracked 
|2014|0x00000000fde00000, 0x00000000fdf00000, 0x00000000fdf00000|100%| O|  |TAMS 0x00000000fde00000| PB 0x00000000fde00000| Untracked 
|2015|0x00000000fdf00000, 0x00000000fe000000, 0x00000000fe000000|100%| O|  |TAMS 0x00000000fdf00000| PB 0x00000000fdf00000| Untracked 
|2016|0x00000000fe000000, 0x00000000fe100000, 0x00000000fe100000|100%| O|  |TAMS 0x00000000fe000000| PB 0x00000000fe000000| Untracked 
|2017|0x00000000fe100000, 0x00000000fe200000, 0x00000000fe200000|100%| O|  |TAMS 0x00000000fe100000| PB 0x00000000fe100000| Untracked 
|2018|0x00000000fe200000, 0x00000000fe300000, 0x00000000fe300000|100%| O|  |TAMS 0x00000000fe200000| PB 0x00000000fe200000| Untracked 
|2019|0x00000000fe300000, 0x00000000fe400000, 0x00000000fe400000|100%| O|  |TAMS 0x00000000fe300000| PB 0x00000000fe300000| Untracked 
|2020|0x00000000fe400000, 0x00000000fe500000, 0x00000000fe500000|100%| O|  |TAMS 0x00000000fe400000| PB 0x00000000fe400000| Untracked 
|2021|0x00000000fe500000, 0x00000000fe600000, 0x00000000fe600000|100%| O|  |TAMS 0x00000000fe500000| PB 0x00000000fe500000| Untracked 
|2022|0x00000000fe600000, 0x00000000fe700000, 0x00000000fe700000|100%| O|  |TAMS 0x00000000fe600000| PB 0x00000000fe600000| Untracked 
|2023|0x00000000fe700000, 0x00000000fe800000, 0x00000000fe800000|100%| O|  |TAMS 0x00000000fe700000| PB 0x00000000fe700000| Untracked 
|2024|0x00000000fe800000, 0x00000000fe900000, 0x00000000fe900000|100%| O|  |TAMS 0x00000000fe800000| PB 0x00000000fe800000| Untracked 
|2025|0x00000000fe900000, 0x00000000fea00000, 0x00000000fea00000|100%| O|  |TAMS 0x00000000fe900000| PB 0x00000000fe900000| Untracked 
|2026|0x00000000fea00000, 0x00000000feb00000, 0x00000000feb00000|100%| O|  |TAMS 0x00000000fea00000| PB 0x00000000fea00000| Untracked 
|2027|0x00000000feb00000, 0x00000000fec00000, 0x00000000fec00000|100%| O|  |TAMS 0x00000000feb00000| PB 0x00000000feb00000| Untracked 
|2028|0x00000000fec00000, 0x00000000fed00000, 0x00000000fed00000|100%| O|  |TAMS 0x00000000fec00000| PB 0x00000000fec00000| Untracked 
|2029|0x00000000fed00000, 0x00000000fee00000, 0x00000000fee00000|100%| O|  |TAMS 0x00000000fed00000| PB 0x00000000fed00000| Untracked 
|2030|0x00000000fee00000, 0x00000000fef00000, 0x00000000fef00000|100%| O|  |TAMS 0x00000000fee00000| PB 0x00000000fee00000| Untracked 
|2031|0x00000000fef00000, 0x00000000ff000000, 0x00000000ff000000|100%| O|  |TAMS 0x00000000fef00000| PB 0x00000000fef00000| Untracked 
|2032|0x00000000ff000000, 0x00000000ff100000, 0x00000000ff100000|100%| O|  |TAMS 0x00000000ff000000| PB 0x00000000ff000000| Untracked 
|2033|0x00000000ff100000, 0x00000000ff200000, 0x00000000ff200000|100%| O|  |TAMS 0x00000000ff100000| PB 0x00000000ff100000| Untracked 
|2034|0x00000000ff200000, 0x00000000ff300000, 0x00000000ff300000|100%| O|  |TAMS 0x00000000ff200000| PB 0x00000000ff200000| Untracked 
|2035|0x00000000ff300000, 0x00000000ff400000, 0x00000000ff400000|100%| O|  |TAMS 0x00000000ff300000| PB 0x00000000ff300000| Untracked 
|2036|0x00000000ff400000, 0x00000000ff500000, 0x00000000ff500000|100%| O|  |TAMS 0x00000000ff400000| PB 0x00000000ff400000| Untracked 
|2037|0x00000000ff500000, 0x00000000ff600000, 0x00000000ff600000|100%| O|  |TAMS 0x00000000ff500000| PB 0x00000000ff500000| Untracked 
|2038|0x00000000ff600000, 0x00000000ff700000, 0x00000000ff700000|100%| O|  |TAMS 0x00000000ff600000| PB 0x00000000ff600000| Untracked 
|2039|0x00000000ff700000, 0x00000000ff800000, 0x00000000ff800000|100%| O|  |TAMS 0x00000000ff700000| PB 0x00000000ff700000| Untracked 
|2040|0x00000000ff800000, 0x00000000ff900000, 0x00000000ff900000|100%| O|  |TAMS 0x00000000ff800000| PB 0x00000000ff800000| Untracked 
|2041|0x00000000ff900000, 0x00000000ffa00000, 0x00000000ffa00000|100%| O|  |TAMS 0x00000000ff900000| PB 0x00000000ff900000| Untracked 
|2042|0x00000000ffa00000, 0x00000000ffb00000, 0x00000000ffb00000|100%| O|  |TAMS 0x00000000ffa00000| PB 0x00000000ffa00000| Untracked 
|2043|0x00000000ffb00000, 0x00000000ffc00000, 0x00000000ffc00000|100%| E|CS|TAMS 0x00000000ffb00000| PB 0x00000000ffb00000| Complete 
|2044|0x00000000ffc00000, 0x00000000ffd00000, 0x00000000ffd00000|100%| O|  |TAMS 0x00000000ffc00000| PB 0x00000000ffc00000| Untracked 
|2045|0x00000000ffd00000, 0x00000000ffe00000, 0x00000000ffe00000|100%| O|  |TAMS 0x00000000ffd00000| PB 0x00000000ffd00000| Untracked 
|2046|0x00000000ffe00000, 0x00000000fff00000, 0x00000000fff00000|100%| E|CS|TAMS 0x00000000ffe00000| PB 0x00000000ffe00000| Complete 
|2047|0x00000000fff00000, 0x0000000100000000, 0x0000000100000000|100%| E|CS|TAMS 0x00000000fff00000| PB 0x00000000fff00000| Complete 

Card table byte_map: [0x000001fc57810000,0x000001fc57c10000] _byte_map_base: 0x000001fc57410000

Marking Bits: (CMBitMap*) 0x000001fc44db5870
 Bits: [0x000001fc57c10000, 0x000001fc59c10000)

Polling page: 0x000001fc42b70000

Metaspace:

Usage:
  Non-class:    104.41 MB used.
      Class:     17.22 MB used.
       Both:    121.64 MB used.

Virtual space:
  Non-class space:      128.00 MB reserved,     105.62 MB ( 83%) committed,  2 nodes.
      Class space:        1.00 GB reserved,      18.31 MB (  2%) committed,  1 nodes.
             Both:        1.12 GB reserved,     123.94 MB ( 11%) committed. 

Chunk freelists:
   Non-Class:  5.92 MB
       Class:  13.69 MB
        Both:  19.61 MB

MaxMetaspaceSize: unlimited
CompressedClassSpaceSize: 1.00 GB
Initial GC threshold: 21.00 MB
Current GC threshold: 205.00 MB
CDS: off
 - commit_granule_bytes: 65536.
 - commit_granule_words: 8192.
 - virtual_space_node_default_size: 8388608.
 - enlarge_chunks_in_place: 1.
 - use_allocation_guard: 0.


Internal statistics:

num_allocs_failed_limit: 9.
num_arena_births: 4676.
num_arena_deaths: 0.
num_vsnodes_births: 3.
num_vsnodes_deaths: 0.
num_space_committed: 1981.
num_space_uncommitted: 0.
num_chunks_returned_to_freelist: 9.
num_chunks_taken_from_freelist: 10143.
num_chunk_merges: 6.
num_chunk_splits: 6599.
num_chunks_enlarged: 4119.
num_inconsistent_stats: 0.

CodeHeap 'non-profiled nmethods': size=120000Kb used=9081Kb max_used=9081Kb free=110918Kb
 bounds [0x000001fc4f990000, 0x000001fc50280000, 0x000001fc56ec0000]
CodeHeap 'profiled nmethods': size=120000Kb used=23570Kb max_used=23812Kb free=96430Kb
 bounds [0x000001fc47ec0000, 0x000001fc49610000, 0x000001fc4f3f0000]
CodeHeap 'non-nmethods': size=5760Kb used=2025Kb max_used=2079Kb free=3734Kb
 bounds [0x000001fc4f3f0000, 0x000001fc4f660000, 0x000001fc4f990000]
CodeCache: size=245760Kb, used=34676Kb, max_used=34972Kb, free=211082Kb
 total_blobs=14164, nmethods=13262, adapters=806, full_count=0
Compilation: enabled, stopped_count=0, restarted_count=0

Compilation events (20 events):
Event: 23.382 Thread 0x000001fc6147c7b0 nmethod 16452 0x000001fc50267290 code [0x000001fc50267440, 0x000001fc50267968]
Event: 23.383 Thread 0x000001fc6147c7b0 16453       4       java.util.concurrent.ConcurrentHashMap$EntryIterator::next (51 bytes)
Event: 23.383 Thread 0x000001fc5ca15bf0 16455   !   3       java.util.concurrent.ConcurrentHashMap::clear (176 bytes)
Event: 23.383 Thread 0x000001fc5ca15bf0 nmethod 16455 0x000001fc495fac90 code [0x000001fc495faec0, 0x000001fc495fb760]
Event: 23.388 Thread 0x000001fc6147c7b0 nmethod 16453 0x000001fc50267c10 code [0x000001fc50267dc0, 0x000001fc502682e8]
Event: 23.388 Thread 0x000001fc6147c7b0 16391       4       com.android.tools.r8.internal.uk0::a (65 bytes)
Event: 23.406 Thread 0x000001fc6147c7b0 nmethod 16391 0x000001fc50268590 code [0x000001fc502687c0, 0x000001fc50269778]
Event: 23.406 Thread 0x000001fc6147c7b0 16456 % !   4       java.util.concurrent.ConcurrentHashMap::clear @ 10 (176 bytes)
Event: 23.411 Thread 0x000001fc6147c7b0 nmethod 16456% 0x000001fc5026a190 code [0x000001fc5026a360, 0x000001fc5026a8f0]
Event: 23.411 Thread 0x000001fc6147c7b0 15893 %     4       com.android.tools.r8.dex.z::a @ 150 (880 bytes)
Event: 23.431 Thread 0x000001fc5ca15bf0 16458   !   2       java.util.concurrent.ConcurrentHashMap::merge (545 bytes)
Event: 23.432 Thread 0x000001fc5ca15bf0 nmethod 16458 0x000001fc495fbb10 code [0x000001fc495fbe40, 0x000001fc495fced8]
Event: 23.433 Thread 0x000001fc5ca15bf0 16459       1       com.android.tools.r8.graph.d2::getType (5 bytes)
Event: 23.433 Thread 0x000001fc5ca15bf0 nmethod 16459 0x000001fc5026ac90 code [0x000001fc5026ae20, 0x000001fc5026aee8]
Event: 23.433 Thread 0x000001fc5ca15bf0 16460       2       com.android.tools.r8.internal.i83$$Lambda/0x000000010121d940::<init> (10 bytes)
Event: 23.433 Thread 0x000001fc5ca15bf0 nmethod 16460 0x000001fc495fdb90 code [0x000001fc495fdd20, 0x000001fc495fde70]
Event: 23.433 Thread 0x000001fc5ca15bf0 16461   !   3       java.util.concurrent.ConcurrentHashMap::merge (545 bytes)
Event: 23.435 Thread 0x000001fc5ca15bf0 nmethod 16461 0x000001fc495fdf10 code [0x000001fc495fe300, 0x000001fc49600028]
Event: 23.435 Thread 0x000001fc5ca15bf0 16462       3       com.android.tools.r8.internal.i83$$Lambda/0x000000010121d940::<init> (10 bytes)
Event: 23.435 Thread 0x000001fc5ca15bf0 nmethod 16462 0x000001fc49600e90 code [0x000001fc49601040, 0x000001fc496011f8]

GC Heap History (20 events):
Event: 20.144 GC heap before
{Heap before GC invocations=69 (full 0):
 garbage-first heap   total 444416K, used 383323K [0x0000000080000000, 0x0000000100000000)
  region size 1024K, 260 young (266240K), 21 survivors (21504K)
 Metaspace       used 114947K, committed 117376K, reserved 1179648K
  class space    used 16074K, committed 17280K, reserved 1048576K
}
Event: 20.153 GC heap after
{Heap after GC invocations=70 (full 0):
 garbage-first heap   total 444416K, used 142541K [0x0000000080000000, 0x0000000100000000)
  region size 1024K, 21 young (21504K), 21 survivors (21504K)
 Metaspace       used 114947K, committed 117376K, reserved 1179648K
  class space    used 16074K, committed 17280K, reserved 1048576K
}
Event: 20.290 GC heap before
{Heap before GC invocations=70 (full 0):
 garbage-first heap   total 444416K, used 386253K [0x0000000080000000, 0x0000000100000000)
  region size 1024K, 260 young (266240K), 21 survivors (21504K)
 Metaspace       used 114949K, committed 117376K, reserved 1179648K
  class space    used 16074K, committed 17280K, reserved 1048576K
}
Event: 20.299 GC heap after
{Heap after GC invocations=71 (full 0):
 garbage-first heap   total 444416K, used 146382K [0x0000000080000000, 0x0000000100000000)
  region size 1024K, 21 young (21504K), 21 survivors (21504K)
 Metaspace       used 114949K, committed 117376K, reserved 1179648K
  class space    used 16074K, committed 17280K, reserved 1048576K
}
Event: 20.497 GC heap before
{Heap before GC invocations=72 (full 0):
 garbage-first heap   total 444416K, used 390094K [0x0000000080000000, 0x0000000100000000)
  region size 1024K, 260 young (266240K), 21 survivors (21504K)
 Metaspace       used 114960K, committed 117440K, reserved 1179648K
  class space    used 16074K, committed 17280K, reserved 1048576K
}
Event: 20.507 GC heap after
{Heap after GC invocations=73 (full 0):
 garbage-first heap   total 444416K, used 148982K [0x0000000080000000, 0x0000000100000000)
  region size 1024K, 20 young (20480K), 20 survivors (20480K)
 Metaspace       used 114960K, committed 117440K, reserved 1179648K
  class space    used 16074K, committed 17280K, reserved 1048576K
}
Event: 20.797 GC heap before
{Heap before GC invocations=73 (full 0):
 garbage-first heap   total 444416K, used 393718K [0x0000000080000000, 0x0000000100000000)
  region size 1024K, 260 young (266240K), 20 survivors (20480K)
 Metaspace       used 115256K, committed 117632K, reserved 1179648K
  class space    used 16119K, committed 17280K, reserved 1048576K
}
Event: 20.815 GC heap after
{Heap after GC invocations=74 (full 0):
 garbage-first heap   total 444416K, used 154788K [0x0000000080000000, 0x0000000100000000)
  region size 1024K, 24 young (24576K), 24 survivors (24576K)
 Metaspace       used 115256K, committed 117632K, reserved 1179648K
  class space    used 16119K, committed 17280K, reserved 1048576K
}
Event: 20.877 GC heap before
{Heap before GC invocations=74 (full 0):
 garbage-first heap   total 444416K, used 245924K [0x0000000080000000, 0x0000000100000000)
  region size 1024K, 115 young (117760K), 24 survivors (24576K)
 Metaspace       used 115368K, committed 117760K, reserved 1179648K
  class space    used 16130K, committed 17280K, reserved 1048576K
}
Event: 20.886 GC heap after
{Heap after GC invocations=75 (full 0):
 garbage-first heap   total 591872K, used 156138K [0x0000000080000000, 0x0000000100000000)
  region size 1024K, 16 young (16384K), 16 survivors (16384K)
 Metaspace       used 115368K, committed 117760K, reserved 1179648K
  class space    used 16130K, committed 17280K, reserved 1048576K
}
Event: 21.015 GC heap before
{Heap before GC invocations=75 (full 0):
 garbage-first heap   total 591872K, used 353770K [0x0000000080000000, 0x0000000100000000)
  region size 1024K, 195 young (199680K), 16 survivors (16384K)
 Metaspace       used 115402K, committed 117760K, reserved 1179648K
  class space    used 16134K, committed 17280K, reserved 1048576K
}
Event: 21.024 GC heap after
{Heap after GC invocations=76 (full 0):
 garbage-first heap   total 591872K, used 183870K [0x0000000080000000, 0x0000000100000000)
  region size 1024K, 27 young (27648K), 27 survivors (27648K)
 Metaspace       used 115402K, committed 117760K, reserved 1179648K
  class space    used 16134K, committed 17280K, reserved 1048576K
}
Event: 21.054 GC heap before
{Heap before GC invocations=76 (full 0):
 garbage-first heap   total 591872K, used 215614K [0x0000000080000000, 0x0000000100000000)
  region size 1024K, 57 young (58368K), 27 survivors (27648K)
 Metaspace       used 115420K, committed 117760K, reserved 1179648K
  class space    used 16134K, committed 17280K, reserved 1048576K
}
Event: 21.062 GC heap after
{Heap after GC invocations=77 (full 0):
 garbage-first heap   total 591872K, used 188013K [0x0000000080000000, 0x0000000100000000)
  region size 1024K, 26 young (26624K), 26 survivors (26624K)
 Metaspace       used 115420K, committed 117760K, reserved 1179648K
  class space    used 16134K, committed 17280K, reserved 1048576K
}
Event: 21.465 GC heap before
{Heap before GC invocations=78 (full 0):
 garbage-first heap   total 591872K, used 464493K [0x0000000080000000, 0x0000000100000000)
  region size 1024K, 290 young (296960K), 26 survivors (26624K)
 Metaspace       used 117724K, committed 120064K, reserved 1179648K
  class space    used 16471K, committed 17600K, reserved 1048576K
}
Event: 21.479 GC heap after
{Heap after GC invocations=79 (full 0):
 garbage-first heap   total 591872K, used 202732K [0x0000000080000000, 0x0000000100000000)
  region size 1024K, 24 young (24576K), 24 survivors (24576K)
 Metaspace       used 117724K, committed 120064K, reserved 1179648K
  class space    used 16471K, committed 17600K, reserved 1048576K
}
Event: 22.997 GC heap before
{Heap before GC invocations=79 (full 0):
 garbage-first heap   total 591872K, used 563180K [0x0000000080000000, 0x0000000100000000)
  region size 1024K, 304 young (311296K), 24 survivors (24576K)
 Metaspace       used 123242K, committed 125568K, reserved 1179648K
  class space    used 17444K, committed 18560K, reserved 1048576K
}
Event: 23.062 GC heap after
{Heap after GC invocations=80 (full 0):
 garbage-first heap   total 680960K, used 326656K [0x0000000080000000, 0x0000000100000000)
  region size 1024K, 38 young (38912K), 38 survivors (38912K)
 Metaspace       used 123242K, committed 125568K, reserved 1179648K
  class space    used 17444K, committed 18560K, reserved 1048576K
}
Event: 23.255 GC heap before
{Heap before GC invocations=80 (full 0):
 garbage-first heap   total 680960K, used 545792K [0x0000000080000000, 0x0000000100000000)
  region size 1024K, 253 young (259072K), 38 survivors (38912K)
 Metaspace       used 123311K, committed 125632K, reserved 1179648K
  class space    used 17445K, committed 18560K, reserved 1048576K
}
Event: 23.343 GC heap after
{Heap after GC invocations=81 (full 0):
 garbage-first heap   total 692224K, used 432640K [0x0000000080000000, 0x0000000100000000)
  region size 1024K, 32 young (32768K), 32 survivors (32768K)
 Metaspace       used 123311K, committed 125632K, reserved 1179648K
  class space    used 17445K, committed 18560K, reserved 1048576K
}

Dll operation events (3 events):
Event: 0.028 Loaded shared library C:\Program Files\Android\Android Studio4\jbr\bin\java.dll
Event: 0.042 Loaded shared library C:\Program Files\Android\Android Studio4\jbr\bin\zip.dll
Event: 1.048 Loaded shared library C:\Program Files\Android\Android Studio4\jbr\bin\verify.dll

Deoptimization events (20 events):
Event: 23.242 Thread 0x000001fc6d110d90 DEOPT PACKING pc=0x000001fc494fbf38 sp=0x000000d229cfe8d0
Event: 23.242 Thread 0x000001fc6d110d90 DEOPT UNPACKING pc=0x000001fc4f444b42 sp=0x000000d229cfddf0 mode 0
Event: 23.244 Thread 0x000001fc6d110d90 DEOPT PACKING pc=0x000001fc494ba1f0 sp=0x000000d229cfe750
Event: 23.244 Thread 0x000001fc6d110d90 DEOPT UNPACKING pc=0x000001fc4f444b42 sp=0x000000d229cfdc68 mode 0
Event: 23.244 Thread 0x000001fc6d110d90 DEOPT PACKING pc=0x000001fc495c3e34 sp=0x000000d229cfe710
Event: 23.244 Thread 0x000001fc6d110d90 DEOPT UNPACKING pc=0x000001fc4f444b42 sp=0x000000d229cfdc68 mode 0
Event: 23.246 Thread 0x000001fc6d110d90 DEOPT PACKING pc=0x000001fc494fbf38 sp=0x000000d229cfe8d0
Event: 23.246 Thread 0x000001fc6d110d90 DEOPT UNPACKING pc=0x000001fc4f444b42 sp=0x000000d229cfddf0 mode 0
Event: 23.249 Thread 0x000001fc6d110d90 DEOPT PACKING pc=0x000001fc494fbf38 sp=0x000000d229cfe8d0
Event: 23.249 Thread 0x000001fc6d110d90 DEOPT UNPACKING pc=0x000001fc4f444b42 sp=0x000000d229cfddf0 mode 0
Event: 23.252 Thread 0x000001fc6d111420 DEOPT PACKING pc=0x000001fc494fbf38 sp=0x000000d229dfe910
Event: 23.252 Thread 0x000001fc6d111420 DEOPT UNPACKING pc=0x000001fc4f444b42 sp=0x000000d229dfde30 mode 0
Event: 23.350 Thread 0x000001fc6d110d90 DEOPT PACKING pc=0x000001fc494fbf38 sp=0x000000d229cfe8c0
Event: 23.350 Thread 0x000001fc6d110d90 DEOPT UNPACKING pc=0x000001fc4f444b42 sp=0x000000d229cfdde0 mode 0
Event: 23.354 Thread 0x000001fc6d110d90 Uncommon trap: trap_request=0xffffff45 fr.pc=0x000001fc5025ca74 relative=0x00000000000071d4
Event: 23.354 Thread 0x000001fc6d110d90 Uncommon trap: reason=unstable_if action=reinterpret pc=0x000001fc5025ca74 method=com.android.tools.r8.internal.zf0.a(IILcom/android/tools/r8/internal/tk0;Lcom/android/tools/r8/graph/yb;)Lcom/android/tools/r8/internal/sk0; @ 505 c2
Event: 23.354 Thread 0x000001fc6d110d90 DEOPT PACKING pc=0x000001fc5025ca74 sp=0x000000d229cfe840
Event: 23.354 Thread 0x000001fc6d110d90 DEOPT UNPACKING pc=0x000001fc4f4443a2 sp=0x000000d229cfe820 mode 2
Event: 23.423 Thread 0x000001fc6d10bed0 DEOPT PACKING pc=0x000001fc495fb698 sp=0x000000d2297fd910
Event: 23.423 Thread 0x000001fc6d10bed0 DEOPT UNPACKING pc=0x000001fc4f444b42 sp=0x000000d2297fcdc0 mode 0

Classes loaded (20 events):
Event: 22.564 Loading class java/util/concurrent/ForkJoinTask$AdaptedInterruptibleCallable
Event: 22.564 Loading class java/util/concurrent/ForkJoinTask$InterruptibleTask
Event: 22.565 Loading class java/util/concurrent/ForkJoinTask$InterruptibleTask done
Event: 22.565 Loading class java/util/concurrent/ForkJoinTask$AdaptedInterruptibleCallable done
Event: 22.565 Loading class java/util/concurrent/ForkJoinTask$Aux
Event: 22.565 Loading class java/util/concurrent/ForkJoinTask$Aux done
Event: 22.565 Loading class java/util/concurrent/ForkJoinPool$DefaultForkJoinWorkerThreadFactory$1
Event: 22.565 Loading class java/util/concurrent/ForkJoinPool$DefaultForkJoinWorkerThreadFactory$1 done
Event: 22.566 Loading class java/util/concurrent/CountedCompleter
Event: 22.567 Loading class java/util/concurrent/CountedCompleter done
Event: 22.618 Loading class java/util/AbstractList$RandomAccessSubList
Event: 22.619 Loading class java/util/AbstractList$SubList
Event: 22.619 Loading class java/util/AbstractList$SubList done
Event: 22.619 Loading class java/util/AbstractList$RandomAccessSubList done
Event: 22.619 Loading class java/util/AbstractList$SubList$1
Event: 22.619 Loading class java/util/AbstractList$SubList$1 done
Event: 22.871 Loading class java/nio/ShortBuffer
Event: 22.872 Loading class java/nio/ShortBuffer done
Event: 22.872 Loading class java/nio/HeapShortBuffer
Event: 22.872 Loading class java/nio/HeapShortBuffer done

Classes unloaded (0 events):
No events

Classes redefined (0 events):
No events

Internal exceptions (20 events):
Event: 23.648 Thread 0x000001fc6d10bed0 Exception <a 'sun/nio/fs/WindowsException'{0x00000000a74365b8}> (0x00000000a74365b8) 
thrown [s\src\hotspot\share\prims\jni.cpp, line 537]
Event: 23.649 Thread 0x000001fc6d10bed0 Exception <a 'sun/nio/fs/WindowsException'{0x00000000a7442940}> (0x00000000a7442940) 
thrown [s\src\hotspot\share\prims\jni.cpp, line 537]
Event: 23.650 Thread 0x000001fc6d10bed0 Exception <a 'sun/nio/fs/WindowsException'{0x00000000a744ada8}> (0x00000000a744ada8) 
thrown [s\src\hotspot\share\prims\jni.cpp, line 537]
Event: 23.651 Thread 0x000001fc6d10bed0 Exception <a 'sun/nio/fs/WindowsException'{0x00000000a7451e78}> (0x00000000a7451e78) 
thrown [s\src\hotspot\share\prims\jni.cpp, line 537]
Event: 23.653 Thread 0x000001fc6d10bed0 Exception <a 'sun/nio/fs/WindowsException'{0x00000000a745c378}> (0x00000000a745c378) 
thrown [s\src\hotspot\share\prims\jni.cpp, line 537]
Event: 23.654 Thread 0x000001fc6d10bed0 Exception <a 'sun/nio/fs/WindowsException'{0x00000000a7465590}> (0x00000000a7465590) 
thrown [s\src\hotspot\share\prims\jni.cpp, line 537]
Event: 23.655 Thread 0x000001fc6d10bed0 Exception <a 'sun/nio/fs/WindowsException'{0x00000000a74703a0}> (0x00000000a74703a0) 
thrown [s\src\hotspot\share\prims\jni.cpp, line 537]
Event: 23.656 Thread 0x000001fc6d10bed0 Exception <a 'sun/nio/fs/WindowsException'{0x00000000a7475f30}> (0x00000000a7475f30) 
thrown [s\src\hotspot\share\prims\jni.cpp, line 537]
Event: 23.656 Thread 0x000001fc6d10bed0 Exception <a 'sun/nio/fs/WindowsException'{0x00000000a747bf78}> (0x00000000a747bf78) 
thrown [s\src\hotspot\share\prims\jni.cpp, line 537]
Event: 23.657 Thread 0x000001fc6d10bed0 Exception <a 'sun/nio/fs/WindowsException'{0x00000000a74869d0}> (0x00000000a74869d0) 
thrown [s\src\hotspot\share\prims\jni.cpp, line 537]
Event: 23.660 Thread 0x000001fc6d10bed0 Exception <a 'sun/nio/fs/WindowsException'{0x00000000a74adf10}> (0x00000000a74adf10) 
thrown [s\src\hotspot\share\prims\jni.cpp, line 537]
Event: 23.662 Thread 0x000001fc6d10bed0 Exception <a 'sun/nio/fs/WindowsException'{0x00000000a74ccb38}> (0x00000000a74ccb38) 
thrown [s\src\hotspot\share\prims\jni.cpp, line 537]
Event: 23.662 Thread 0x000001fc6d10bed0 Exception <a 'sun/nio/fs/WindowsException'{0x00000000a74d2d00}> (0x00000000a74d2d00) 
thrown [s\src\hotspot\share\prims\jni.cpp, line 537]
Event: 23.663 Thread 0x000001fc6d10bed0 Exception <a 'sun/nio/fs/WindowsException'{0x00000000a74d8f18}> (0x00000000a74d8f18) 
thrown [s\src\hotspot\share\prims\jni.cpp, line 537]
Event: 23.664 Thread 0x000001fc6d10bed0 Exception <a 'sun/nio/fs/WindowsException'{0x00000000a74e3b00}> (0x00000000a74e3b00) 
thrown [s\src\hotspot\share\prims\jni.cpp, line 537]
Event: 23.664 Thread 0x000001fc6d10bed0 Exception <a 'sun/nio/fs/WindowsException'{0x00000000a74e9688}> (0x00000000a74e9688) 
thrown [s\src\hotspot\share\prims\jni.cpp, line 537]
Event: 23.665 Thread 0x000001fc6d10bed0 Exception <a 'sun/nio/fs/WindowsException'{0x00000000a74ef5c8}> (0x00000000a74ef5c8) 
thrown [s\src\hotspot\share\prims\jni.cpp, line 537]
Event: 23.666 Thread 0x000001fc6d10bed0 Exception <a 'sun/nio/fs/WindowsException'{0x00000000a74f63c0}> (0x00000000a74f63c0) 
thrown [s\src\hotspot\share\prims\jni.cpp, line 537]
Event: 23.666 Thread 0x000001fc6d10bed0 Exception <a 'sun/nio/fs/WindowsException'{0x00000000a74fc220}> (0x00000000a74fc220) 
thrown [s\src\hotspot\share\prims\jni.cpp, line 537]
Event: 23.667 Thread 0x000001fc6d10bed0 Exception <a 'sun/nio/fs/WindowsException'{0x00000000a7304828}> (0x00000000a7304828) 
thrown [s\src\hotspot\share\prims\jni.cpp, line 537]

ZGC Phase Switch (0 events):
No events

VM Operations (20 events):
Event: 21.415 Executing non-safepoint VM operation: HandshakeAllThreads (Deoptimize)
Event: 21.415 Executing non-safepoint VM operation: HandshakeAllThreads (Deoptimize) done
Event: 21.451 Executing non-safepoint VM operation: HandshakeAllThreads (Deoptimize)
Event: 21.451 Executing non-safepoint VM operation: HandshakeAllThreads (Deoptimize) done
Event: 21.465 Executing safepoint VM operation: G1CollectForAllocation (G1 Evacuation Pause)
Event: 21.479 Executing safepoint VM operation: G1CollectForAllocation (G1 Evacuation Pause) done
Event: 21.810 Executing non-safepoint VM operation: HandshakeAllThreads (Deoptimize)
Event: 21.810 Executing non-safepoint VM operation: HandshakeAllThreads (Deoptimize) done
Event: 21.811 Executing non-safepoint VM operation: HandshakeAllThreads (Deoptimize)
Event: 21.811 Executing non-safepoint VM operation: HandshakeAllThreads (Deoptimize) done
Event: 22.815 Executing safepoint VM operation: Cleanup
Event: 22.816 Executing safepoint VM operation: Cleanup done
Event: 22.997 Executing safepoint VM operation: G1CollectForAllocation (G1 Evacuation Pause)
Event: 23.062 Executing safepoint VM operation: G1CollectForAllocation (G1 Evacuation Pause) done
Event: 23.255 Executing safepoint VM operation: G1CollectForAllocation (G1 Evacuation Pause)
Event: 23.343 Executing safepoint VM operation: G1CollectForAllocation (G1 Evacuation Pause) done
Event: 23.469 Executing safepoint VM operation: G1PauseRemark
Event: 23.543 Executing safepoint VM operation: G1PauseRemark done
Event: 23.626 Executing safepoint VM operation: G1PauseCleanup
Event: 23.626 Executing safepoint VM operation: G1PauseCleanup done

Memory protections (0 events):
No events

Nmethod flushes (20 events):
Event: 23.480 Thread 0x000001fc5c8be080 flushing  nmethod 0x000001fc48b9f210
Event: 23.480 Thread 0x000001fc5c8be080 flushing  nmethod 0x000001fc48c82690
Event: 23.480 Thread 0x000001fc5c8be080 flushing  nmethod 0x000001fc48f22110
Event: 23.480 Thread 0x000001fc5c8be080 flushing  nmethod 0x000001fc4ff7a510
Event: 23.480 Thread 0x000001fc5c8be080 flushing  nmethod 0x000001fc500f1190
Event: 23.480 Thread 0x000001fc5c8be080 flushing  nmethod 0x000001fc47f5d790
Event: 23.480 Thread 0x000001fc5c8be080 flushing  nmethod 0x000001fc488ead90
Event: 23.480 Thread 0x000001fc5c8be080 flushing  nmethod 0x000001fc48bc4590
Event: 23.480 Thread 0x000001fc5c8be080 flushing  nmethod 0x000001fc48c9a290
Event: 23.480 Thread 0x000001fc5c8be080 flushing  nmethod 0x000001fc48774b90
Event: 23.480 Thread 0x000001fc5c8be080 flushing  nmethod 0x000001fc48bac890
Event: 23.480 Thread 0x000001fc5c8be080 flushing  nmethod 0x000001fc48c6a010
Event: 23.480 Thread 0x000001fc5c8be080 flushing  nmethod 0x000001fc48c6e410
Event: 23.480 Thread 0x000001fc5c8be080 flushing  nmethod 0x000001fc48eb1990
Event: 23.480 Thread 0x000001fc5c8be080 flushing  nmethod 0x000001fc493a1990
Event: 23.480 Thread 0x000001fc5c8be080 flushing  nmethod 0x000001fc493a9590
Event: 23.480 Thread 0x000001fc5c8be080 flushing  nmethod 0x000001fc493ad410
Event: 23.480 Thread 0x000001fc5c8be080 flushing  nmethod 0x000001fc493b6110
Event: 23.480 Thread 0x000001fc5c8be080 flushing  nmethod 0x000001fc493b8410
Event: 23.480 Thread 0x000001fc5c8be080 flushing  nmethod 0x000001fc493b8f10

Events (20 events):
Event: 17.412 Thread 0x000001fc6ba9f8c0 Thread added: 0x000001fc6ca19200
Event: 17.412 Thread 0x000001fc6ba9f8c0 Thread added: 0x000001fc6ca19890
Event: 17.412 Thread 0x000001fc6ba9f8c0 Thread added: 0x000001fc668c8a60
Event: 19.377 Thread 0x000001fc6ba9aa00 Thread added: 0x000001fc6d110700
Event: 19.474 Thread 0x000001fc5ca15bf0 Thread added: 0x000001fc6147c7b0
Event: 20.724 Thread 0x000001fc6ba9a370 Thread added: 0x000001fc6d10c560
Event: 20.863 Thread 0x000001fc6d10c560 Thread added: 0x000001fc6d10bed0
Event: 20.864 Thread 0x000001fc6d10c560 Thread added: 0x000001fc6d10dfa0
Event: 22.565 Thread 0x000001fc6d10bed0 Thread added: 0x000001fc6d10b840
Event: 22.565 Thread 0x000001fc6d10bed0 Thread added: 0x000001fc6d10b1b0
Event: 22.566 Thread 0x000001fc6d10b840 Thread added: 0x000001fc6d110070
Event: 22.566 Thread 0x000001fc6d10bed0 Thread added: 0x000001fc6d110d90
Event: 22.566 Thread 0x000001fc6d10b1b0 Thread added: 0x000001fc6d111420
Event: 22.566 Thread 0x000001fc6d110070 Thread added: 0x000001fc6d10ecc0
Event: 22.566 Thread 0x000001fc6d10ecc0 Thread added: 0x000001fc6d111ab0
Event: 22.566 Thread 0x000001fc6d110d90 Thread added: 0x000001fc6d10f350
Event: 22.566 Thread 0x000001fc6d111420 Thread added: 0x000001fc6d112140
Event: 22.567 Thread 0x000001fc6d10f350 Thread added: 0x000001fc6d1127d0
Event: 22.567 Thread 0x000001fc6d1127d0 Thread added: 0x000001fc6d112e60
Event: 22.567 Thread 0x000001fc6d111ab0 Thread added: 0x000001fc6d10f9e0


Dynamic libraries:
0x00007ff777400000 - 0x00007ff77740a000 	C:\Program Files\Android\Android Studio4\jbr\bin\java.exe
0x00007ffa50900000 - 0x00007ffa50b67000 	C:\WINDOWS\SYSTEM32\ntdll.dll
0x00007ffa4f070000 - 0x00007ffa4f139000 	C:\WINDOWS\System32\KERNEL32.DLL
0x00007ffa4d290000 - 0x00007ffa4d684000 	C:\WINDOWS\System32\KERNELBASE.dll
0x00007ffa4d690000 - 0x00007ffa4d7db000 	C:\WINDOWS\System32\ucrtbase.dll
0x00007ffa1f730000 - 0x00007ffa1f74b000 	C:\Program Files\Android\Android Studio4\jbr\bin\VCRUNTIME140.dll
0x00007ffa37330000 - 0x00007ffa37348000 	C:\Program Files\Android\Android Studio4\jbr\bin\jli.dll
0x00007ffa4f1c0000 - 0x00007ffa4f385000 	C:\WINDOWS\System32\USER32.dll
0x00007ffa4e5d0000 - 0x00007ffa4e5f7000 	C:\WINDOWS\System32\win32u.dll
0x00007ffa4ff40000 - 0x00007ffa4ff6b000 	C:\WINDOWS\System32\GDI32.dll
0x00007ffa31b60000 - 0x00007ffa31df3000 	C:\WINDOWS\WinSxS\amd64_microsoft.windows.common-controls_6595b64144ccf1df_6.0.26100.8115_none_3e075c82e3354f9c\COMCTL32.dll
0x00007ffa4e3f0000 - 0x00007ffa4e51a000 	C:\WINDOWS\System32\gdi32full.dll
0x00007ffa4fe90000 - 0x00007ffa4ff39000 	C:\WINDOWS\System32\msvcrt.dll
0x00007ffa4e340000 - 0x00007ffa4e3e3000 	C:\WINDOWS\System32\msvcp_win.dll
0x00007ffa4edc0000 - 0x00007ffa4edf2000 	C:\WINDOWS\System32\IMM32.DLL
0x00007ffa45ba0000 - 0x00007ffa45bac000 	C:\Program Files\Android\Android Studio4\jbr\bin\vcruntime140_1.dll
0x00007ffa051b0000 - 0x00007ffa0523d000 	C:\Program Files\Android\Android Studio4\jbr\bin\msvcp140.dll
0x00007ff9c7bb0000 - 0x00007ff9c8846000 	C:\Program Files\Android\Android Studio4\jbr\bin\server\jvm.dll
0x00007ffa4f840000 - 0x00007ffa4f8f6000 	C:\WINDOWS\System32\ADVAPI32.dll
0x00007ffa4eaa0000 - 0x00007ffa4eb47000 	C:\WINDOWS\System32\sechost.dll
0x00007ffa4ebe0000 - 0x00007ffa4ecf8000 	C:\WINDOWS\System32\RPCRT4.dll
0x00007ffa4f5d0000 - 0x00007ffa4f650000 	C:\WINDOWS\System32\WS2_32.dll
0x00007ffa4d030000 - 0x00007ffa4d08e000 	C:\WINDOWS\SYSTEM32\POWRPROF.dll
0x00007ffa44c00000 - 0x00007ffa44c36000 	C:\WINDOWS\SYSTEM32\WINMM.dll
0x00007ffa450c0000 - 0x00007ffa450cb000 	C:\WINDOWS\SYSTEM32\VERSION.dll
0x00007ffa4d010000 - 0x00007ffa4d024000 	C:\WINDOWS\SYSTEM32\UMPDC.dll
0x00007ffa4bf60000 - 0x00007ffa4bf7b000 	C:\WINDOWS\SYSTEM32\kernel.appcore.dll
0x00007ffa1f720000 - 0x00007ffa1f72a000 	C:\Program Files\Android\Android Studio4\jbr\bin\jimage.dll
0x00007ffa40330000 - 0x00007ffa40572000 	C:\WINDOWS\SYSTEM32\DBGHELP.DLL
0x00007ffa4e710000 - 0x00007ffa4ea92000 	C:\WINDOWS\System32\combase.dll
0x00007ffa4f390000 - 0x00007ffa4f467000 	C:\WINDOWS\System32\OLEAUT32.dll
0x00007ffa32a60000 - 0x00007ffa32a9b000 	C:\WINDOWS\SYSTEM32\dbgcore.DLL
0x00007ffa4e520000 - 0x00007ffa4e5c5000 	C:\WINDOWS\System32\bcryptPrimitives.dll
0x00007ffa3ef50000 - 0x00007ffa3ef5e000 	C:\Program Files\Android\Android Studio4\jbr\bin\instrument.dll
0x00007ffa19db0000 - 0x00007ffa19dd0000 	C:\Program Files\Android\Android Studio4\jbr\bin\java.dll
0x00007ffa05020000 - 0x00007ffa05038000 	C:\Program Files\Android\Android Studio4\jbr\bin\zip.dll
0x00007ffa4ffa0000 - 0x00007ffa50706000 	C:\WINDOWS\System32\SHELL32.dll
0x00007ffa4d7e0000 - 0x00007ffa4d94a000 	C:\WINDOWS\System32\wintypes.dll
0x00007ffa4dad0000 - 0x00007ffa4e335000 	C:\WINDOWS\System32\windows.storage.dll
0x00007ffa4ef10000 - 0x00007ffa4f007000 	C:\WINDOWS\System32\SHCORE.dll
0x00007ffa4fdf0000 - 0x00007ffa4fe56000 	C:\WINDOWS\System32\shlwapi.dll
0x00007ffa4d0f0000 - 0x00007ffa4d119000 	C:\WINDOWS\SYSTEM32\profapi.dll
0x00007ffa0f350000 - 0x00007ffa0f360000 	C:\Program Files\Android\Android Studio4\jbr\bin\net.dll
0x00007ffa46e10000 - 0x00007ffa46f3d000 	C:\WINDOWS\SYSTEM32\WINHTTP.dll
0x00007ffa4c4d0000 - 0x00007ffa4c53c000 	C:\WINDOWS\system32\mswsock.dll
0x00007ffa05000000 - 0x00007ffa05016000 	C:\Program Files\Android\Android Studio4\jbr\bin\nio.dll
0x00007ffa057c0000 - 0x00007ffa057d0000 	C:\Program Files\Android\Android Studio4\jbr\bin\verify.dll
0x00007ffa1e1b0000 - 0x00007ffa1e1d7000 	C:\Users\ISHA SEN\.gradle\native\660c5614fbf4a5f2a75b1949f50a0caf5cd603558e7d8a26e50b933a0cfb79d1\windows-amd64\native-platform.dll
0x00007ff9d0ce0000 - 0x00007ff9d0d57000 	C:\Users\ISHA SEN\.gradle\native\0.2.8\x86_64-windows-gnu\gradle-fileevents.dll
0x00007ffa071f0000 - 0x00007ffa071f9000 	C:\Program Files\Android\Android Studio4\jbr\bin\management.dll
0x00007ffa06470000 - 0x00007ffa0647b000 	C:\Program Files\Android\Android Studio4\jbr\bin\management_ext.dll
0x00007ffa4f060000 - 0x00007ffa4f068000 	C:\WINDOWS\System32\PSAPI.DLL
0x00007ffa4b970000 - 0x00007ffa4b9a2000 	C:\WINDOWS\SYSTEM32\IPHLPAPI.DLL
0x00007ffa50710000 - 0x00007ffa5071a000 	C:\WINDOWS\System32\NSI.dll
0x00007ffa0a860000 - 0x00007ffa0a869000 	C:\Program Files\Android\Android Studio4\jbr\bin\extnet.dll
0x00007ffa4c7b0000 - 0x00007ffa4c7cb000 	C:\WINDOWS\SYSTEM32\CRYPTSP.dll
0x00007ffa4bec0000 - 0x00007ffa4bef9000 	C:\WINDOWS\system32\rsaenh.dll
0x00007ffa4c580000 - 0x00007ffa4c5b3000 	C:\WINDOWS\SYSTEM32\USERENV.dll
0x00007ffa4d0c0000 - 0x00007ffa4d0ea000 	C:\WINDOWS\SYSTEM32\bcrypt.dll
0x00007ffa4c7d0000 - 0x00007ffa4c7dc000 	C:\WINDOWS\SYSTEM32\CRYPTBASE.dll
0x00007ffa387a0000 - 0x00007ffa387a8000 	C:\WINDOWS\system32\wshunix.dll

JVMTI agents:
C:\Users\ISHA SEN\.gradle\wrapper\dists\gradle-9.3.1-bin\23ovyewtku6u96viwx3xl3oks\gradle-9.3.1\lib\agents\gradle-instrumentation-agent-9.3.1.jar path:C:\Program Files\Android\Android Studio4\jbr\bin\instrument.dll, loaded, initialized, instrumentlib options:none

dbghelp: loaded successfully - version: 4.0.5 - missing functions: none
symbol engine: initialized successfully - sym options: 0x614 - pdb path: .;C:\Program Files\Android\Android Studio4\jbr\bin;C:\WINDOWS\SYSTEM32;C:\WINDOWS\WinSxS\amd64_microsoft.windows.common-controls_6595b64144ccf1df_6.0.26100.8115_none_3e075c82e3354f9c;C:\Program Files\Android\Android Studio4\jbr\bin\server;C:\Users\ISHA SEN\.gradle\native\660c5614fbf4a5f2a75b1949f50a0caf5cd603558e7d8a26e50b933a0cfb79d1\windows-amd64;C:\Users\ISHA SEN\.gradle\native\0.2.8\x86_64-windows-gnu

VM Arguments:
jvm_args: --add-opens=java.base/java.lang=ALL-UNNAMED --add-opens=java.base/java.lang.invoke=ALL-UNNAMED --add-opens=java.base/java.util=ALL-UNNAMED --add-opens=java.prefs/java.util.prefs=ALL-UNNAMED --add-exports=jdk.compiler/com.sun.tools.javac.api=ALL-UNNAMED --add-exports=jdk.compiler/com.sun.tools.javac.util=ALL-UNNAMED --add-opens=java.base/java.util=ALL-UNNAMED --add-opens=java.prefs/java.util.prefs=ALL-UNNAMED --add-opens=java.base/java.nio.charset=ALL-UNNAMED --add-opens=java.base/java.net=ALL-UNNAMED --add-opens=java.base/java.util.concurrent=ALL-UNNAMED --add-opens=java.base/java.util.concurrent.atomic=ALL-UNNAMED --add-opens=java.xml/javax.xml.namespace=ALL-UNNAMED --add-opens=java.base/java.time=ALL-UNNAMED -Xmx2048m -Dfile.encoding=UTF-8 -Duser.country=US -Duser.language=en -Duser.variant -javaagent:C:\Users\ISHA SEN\.gradle\wrapper\dists\gradle-9.3.1-bin\23ovyewtku6u96viwx3xl3oks\gradle-9.3.1\lib\agents\gradle-instrumentation-agent-9.3.1.jar 
java_command: org.gradle.launcher.daemon.bootstrap.GradleDaemon 9.3.1
java_class_path (initial): C:\Users\ISHA SEN\.gradle\wrapper\dists\gradle-9.3.1-bin\23ovyewtku6u96viwx3xl3oks\gradle-9.3.1\lib\gradle-daemon-main-9.3.1.jar
Launcher Type: SUN_STANDARD

[Global flags]
     intx CICompilerCount                          = 4                                         {product} {ergonomic}
     uint ConcGCThreads                            = 3                                         {product} {ergonomic}
     uint G1ConcRefinementThreads                  = 10                                        {product} {ergonomic}
   size_t G1HeapRegionSize                         = 1048576                                   {product} {ergonomic}
    uintx GCDrainStackTargetSize                   = 64                                        {product} {ergonomic}
   size_t InitialHeapSize                          = 257949696                                 {product} {ergonomic}
   size_t MarkStackSize                            = 4194304                                   {product} {ergonomic}
   size_t MaxHeapSize                              = 2147483648                                {product} {command line}
   size_t MaxNewSize                               = 1287651328                                {product} {ergonomic}
   size_t MinHeapDeltaBytes                        = 1048576                                   {product} {ergonomic}
   size_t MinHeapSize                              = 8388608                                   {product} {ergonomic}
    uintx NonNMethodCodeHeapSize                   = 5839372                                {pd product} {ergonomic}
    uintx NonProfiledCodeHeapSize                  = 122909434                              {pd product} {ergonomic}
    uintx ProfiledCodeHeapSize                     = 122909434                              {pd product} {ergonomic}
    uintx ReservedCodeCacheSize                    = 251658240                              {pd product} {ergonomic}
     bool SegmentedCodeCache                       = true                                      {product} {ergonomic}
   size_t SoftMaxHeapSize                          = 2147483648                             {manageable} {ergonomic}
     bool UseCompressedOops                        = true                           {product lp64_product} {ergonomic}
     bool UseG1GC                                  = true                                      {product} {ergonomic}
     bool UseLargePagesIndividualAllocation        = false                                  {pd product} {ergonomic}

Logging:
Log output configuration:
 #0: stdout all=warning uptime,level,tags foldmultilines=false
 #1: stderr all=off uptime,level,tags foldmultilines=false

Release file:
JAVA_VERSION="21.0.10" 
MODULES="java.base java.compiler java.datatransfer java.xml java.prefs java.desktop java.instrument java.logging java.management java.security.sasl java.naming java.rmi java.management.rmi java.net.http java.scripting java.security.jgss java.transaction.xa java.sql java.sql.rowset java.xml.crypto java.se java.smartcardio jdk.accessibility jdk.internal.jvmstat jdk.attach jdk.charsets jdk.internal.opt jdk.zipfs jdk.compiler jdk.crypto.ec jdk.crypto.cryptoki jdk.dynalink jdk.hotspot.agent jdk.httpserver jdk.internal.ed jdk.internal.le jdk.internal.vm.ci jdk.jartool jdk.javadoc jdk.jcmd jdk.jdeps jdk.jdwp.agent jdk.jdi jdk.jfr jdk.jlink jdk.jsobject jdk.localedata jdk.management jdk.management.agent jdk.management.jfr jdk.naming.dns jdk.naming.rmi jdk.net jdk.sctp jdk.security.auth jdk.security.jgss jdk.unsupported jdk.unsupported.desktop jdk.xml.dom" 
IMPLEMENTOR="JetBrains s.r.o." 
JAVA_RUNTIME_VERSION="21.0.10+-14961533-b1163.108" 
LIBC="default" 
OS_ARCH="x86_64" 
OS_NAME="Windows" 
SOURCE=".:git:1351622c2ff2" 

Environment Variables:
PATH=C:\Program Files\Common Files\Oracle\Java\javapath;C:\Program Files (x86)\Common Files\Oracle\Java\javapath;C:\WINDOWS\system32;C:\WINDOWS;C:\WINDOWS\System32\Wbem;C:\WINDOWS\System32\WindowsPowerShell\v1.0\;C:\WINDOWS\System32\OpenSSH\;C:\Users\ISHA SEN\AppData\Local\Android\sdk\platform-tools;C:\Users\ISHA SEN\AppData\Local\Android\sdk\cmdline-tools\latest\bin;C:\Users\ISHA SEN\AppData\Local\Android\sdk\tools;C:\Users\ISHA SEN\AppData\Local\Android\sdk\tools\bin;C:\Users\ISHA SEN\Downloads\dartsdk-windows-x64-release\dart-sdk\bin;C:\Users\ISHA SEN\Downloads\flutter_windows_3.29.1-stable\flutter\bin\dart;C:\Program Files\Git LFS;C:\Program Files\Git\cmd;C:\ProgramData\chocolatey\bin;C:\Program Files\nodejs\;C:\Program Files\MySQL\MySQL Shell 8.0\bin\;C:\Users\ISHA SEN\AppData\Local\Microsoft\WindowsApps;C:\Users\ISHA SEN\AppData\Local\Programs\Microsoft VS Code\bin;C:\Users\ISHA SEN\Downloads\flutter_windows_3.29.1-stable\flutter\bin;C:\Users\ISHA SEN\cmdline-tools\latest\bin;C:\Users\ISHA SEN\platform-tools;C:\Users\ISHA SEN\Downloads\flutter_windows_3.29.1-stable\flutter\bin;C:\Users\ISHA SEN\AppData\Local\GitHubDesktop\bin;C:\Users\ISHA SEN\AppData\Roaming\npm;C:\Users\ISHA SEN\.local\bin\claude.exe;
USERNAME=ISHA SEN
OS=Windows_NT
PROCESSOR_IDENTIFIER=AMD64 Family 25 Model 80 Stepping 0, AuthenticAMD
TMP=C:\Users\ISHASE~1\AppData\Local\Temp
TEMP=C:\Users\ISHASE~1\AppData\Local\Temp




Periodic native trim disabled

JNI global refs:
JNI global refs: 30, weak refs: 119

JNI global refs memory usage: 835, weak refs: 2097

Process memory usage:
Resident Set Size: 1066668K (6% of 16087392K total physical memory with 493688K free physical memory)

OOME stack traces (most recent first):
Classloader memory used:
Loader org.gradle.internal.classloader.VisitableURLClassLoader                         : 44110K
Loader org.gradle.internal.classloader.VisitableURLClassLoader$InstrumentingVisitableURLClassLoader: 38340K
Loader bootstrap                                                                       : 27782K
Loader org.gradle.initialization.MixInLegacyTypesClassLoader                           : 13257K
Loader jdk.internal.reflect.DelegatingClassLoader                                      : 385K
Loader jdk.internal.loader.ClassLoaders$AppClassLoader                                 : 229K
Loader org.gradle.internal.classloader.VisitableURLClassLoader                         : 199K
Loader jdk.internal.loader.ClassLoaders$PlatformClassLoader                            : 149K
Loader org.gradle.groovy.scripts.internal.DefaultScriptCompilationHandler$ScriptClassLoader: 127K

Classes loaded by more than one classloader:
Class Program                                                                         : loaded 5 times (x 72B)
Class Build_gradle                                                                    : loaded 3 times (x 126B)
Class com.google.common.collect.RegularImmutableMap$KeySet                            : loaded 2 times (x 152B)
Class org.gradle.internal.classloader.FilteringClassLoader                            : loaded 2 times (x 105B)
Class com.google.common.base.CharMatcher$IsEither                                     : loaded 2 times (x 111B)
Class org.gradle.internal.classloader.ClassLoaderHierarchy                            : loaded 2 times (x 70B)
Class com.google.common.collect.ImmutableEnumSet                                      : loaded 2 times (x 146B)
Class com.google.common.util.concurrent.ExecutionError                                : loaded 2 times (x 82B)
Class com.google.common.collect.ImmutableList$1                                       : loaded 2 times (x 97B)
Class org.gradle.api.internal.classpath.ManifestUtil                                  : loaded 2 times (x 71B)
Class com.google.common.io.ByteArrayDataOutput                                        : loaded 2 times (x 70B)
Class com.google.common.collect.RegularImmutableMap                                   : loaded 2 times (x 121B)
Class com.google.common.collect.ImmutableMap$MapViewOfValuesAsSingletonSets           : loaded 2 times (x 126B)
Class [Lorg.objectweb.asm.Symbol;                                                     : loaded 2 times (x 69B)
Class org.objectweb.asm.ClassVisitor                                                  : loaded 2 times (x 88B)
Class com.google.common.collect.UnmodifiableListIterator                              : loaded 2 times (x 95B)
Class com.google.common.base.Platform$JdkPatternCompiler                              : loaded 2 times (x 75B)
Class org.objectweb.asm.MethodTooLargeException                                       : loaded 2 times (x 83B)
Class [Lcom.google.common.cache.CacheBuilder$OneWeigher;                              : loaded 2 times (x 69B)
Class com.google.common.base.Suppliers                                                : loaded 2 times (x 71B)
Class org.gradle.internal.classloader.DefaultClassLoaderFactory                       : loaded 2 times (x 82B)
Class com.google.common.io.ByteSource$ConcatenatedByteSource                          : loaded 2 times (x 85B)
Class org.gradle.internal.classloader.ClassLoaderVisitor                              : loaded 2 times (x 76B)
Class [Lcom.google.common.collect.ImmutableMapEntry;                                  : loaded 2 times (x 69B)
Class org.gradle.api.internal.classpath.EffectiveClassPath                            : loaded 2 times (x 90B)
Class com.google.common.collect.ImmutableRangeSet                                     : loaded 2 times (x 115B)
Class com.google.common.collect.CollectSpliterators$1WithCharacteristics              : loaded 2 times (x 90B)
Class com.google.common.collect.ListMultimap                                          : loaded 2 times (x 70B)
Class com.google.common.collect.ImmutableEnumMap                                      : loaded 2 times (x 126B)
Class com.google.common.collect.Sets$1                                                : loaded 2 times (x 139B)
Class org.objectweb.asm.AnnotationVisitor                                             : loaded 2 times (x 78B)
Class ijJvmDebugger1_jv98uwgtmxo5aoaum0o0niry$_run_closure1$_closure2                 : loaded 2 times (x 140B)
Class org.gradle.api.internal.DefaultClassPathProvider                                : loaded 2 times (x 76B)
Class com.google.common.collect.Sets$2                                                : loaded 2 times (x 139B)
Class [Lorg.gradle.api.internal.ClassPathProvider;                                    : loaded 2 times (x 69B)
Class org.gradle.api.internal.ClassPathProvider                                       : loaded 2 times (x 70B)
Class [Lorg.objectweb.asm.AnnotationVisitor;                                          : loaded 2 times (x 69B)
Class com.google.common.collect.Sets$3                                                : loaded 2 times (x 139B)
Class com.google.common.cache.LocalCache$LocalLoadingCache                            : loaded 2 times (x 134B)
Class ijKotlinCoroutineJvmDebugInit1_6xpudmw8efmy75ce9nk46qn7n$_run_closure1$_closure2: loaded 2 times (x 139B)
Class org.gradle.internal.service.UnknownServiceException                             : loaded 2 times (x 83B)
Class com.google.common.io.ByteArrayDataInput                                         : loaded 2 times (x 70B)
Class com.google.common.collect.Sets$4                                                : loaded 2 times (x 139B)
Class org.objectweb.asm.ModuleVisitor                                                 : loaded 2 times (x 81B)
Class com.google.common.cache.LocalCache$Strength$1                                   : loaded 2 times (x 81B)
Class ijKotlinCoroutineJvmDebugInit1_6xpudmw8efmy75ce9nk46qn7n                        : loaded 2 times (x 171B)
Class com.google.common.util.concurrent.SettableFuture                                : loaded 2 times (x 114B)
Class com.google.common.cache.LocalCache$Strength$2                                   : loaded 2 times (x 81B)
Class com.google.common.io.ByteStreams                                                : loaded 2 times (x 71B)
Class com.google.common.cache.LocalCache$Strength$3                                   : loaded 2 times (x 81B)
Class com.google.common.collect.MapDifference                                         : loaded 2 times (x 70B)
Class ijJvmDebugger1_jv98uwgtmxo5aoaum0o0niry                                         : loaded 2 times (x 171B)
Class org.objectweb.asm.FieldWriter                                                   : loaded 2 times (x 78B)
Class com.google.common.cache.CacheBuilder$NullListener                               : loaded 2 times (x 82B)
Class org.gradle.internal.classpath.TransformedClassPath                              : loaded 2 times (x 96B)
Class org.gradle.internal.classloader.InstrumentingClassLoader                        : loaded 2 times (x 70B)
Class com.google.common.collect.ImmutableRangeSet$AsSet                               : loaded 2 times (x 300B)
Class com.google.common.cache.CacheLoader$FunctionToCacheLoader                       : loaded 2 times (x 75B)
Class com.google.common.collect.Iterators$ArrayItr                                    : loaded 2 times (x 97B)
Class com.google.common.collect.ImmutableCollection$Builder                           : loaded 2 times (x 76B)
Class com.google.common.base.Joiner                                                   : loaded 2 times (x 79B)
Class com.google.common.base.Equivalence$Identity                                     : loaded 2 times (x 82B)
Class com.google.common.collect.Platform                                              : loaded 2 times (x 71B)
Class [Lorg.objectweb.asm.Type;                                                       : loaded 2 times (x 69B)
Class com.google.common.collect.UnmodifiableIterator                                  : loaded 2 times (x 80B)
Class org.gradle.internal.service.ServiceLocator                                      : loaded 2 times (x 70B)
Class com.google.common.base.Ascii                                                    : loaded 2 times (x 71B)
Class com.google.common.collect.SingletonImmutableBiMap                               : loaded 2 times (x 143B)
Class com.google.common.cache.LocalCache$1                                            : loaded 2 times (x 89B)
Class com.google.common.collect.Iterators$SingletonIterator                           : loaded 2 times (x 81B)
Class com.google.common.collect.AbstractMapEntry                                      : loaded 2 times (x 81B)
Class com.google.common.io.ByteSource$ByteArrayByteSource                             : loaded 2 times (x 85B)
Class com.google.common.collect.Sets$ImprovedAbstractSet                              : loaded 2 times (x 135B)
Class com.google.common.collect.ImmutableList$Builder                                 : loaded 2 times (x 77B)
Class com.google.common.collect.AbstractMultimap                                      : loaded 2 times (x 123B)
Class com.google.common.cache.LocalCache$2                                            : loaded 2 times (x 142B)
Class com.google.common.collect.ImmutableRangeSet$1                                   : loaded 2 times (x 210B)
Class com.google.common.collect.RegularImmutableAsList                                : loaded 2 times (x 217B)
Class com.google.common.collect.Range                                                 : loaded 2 times (x 87B)
Class com.google.common.base.Optional                                                 : loaded 2 times (x 80B)
Class com.google.common.util.concurrent.AbstractFuture$Trusted                        : loaded 2 times (x 70B)
Class com.google.common.collect.Iterators                                             : loaded 2 times (x 71B)
Class com.google.common.collect.Lists$StringAsImmutableList                           : loaded 2 times (x 207B)
Class com.google.common.util.concurrent.UncheckedExecutionException                   : loaded 2 times (x 82B)
Class org.gradle.kotlin.dsl.VersionCatalogAccessorsKt                                 : loaded 2 times (x 71B)
Class com.google.common.collect.AbstractMapBasedMultimap$KeySet$1                     : loaded 2 times (x 82B)
Class org.objectweb.asm.ClassWriter                                                   : loaded 2 times (x 106B)
Class com.google.common.base.CharMatcher$And                                          : loaded 2 times (x 112B)
Class com.google.common.cache.CacheLoader$UnsupportedLoadingOperationException        : loaded 2 times (x 82B)
Class org.gradle.internal.classloader.ClasspathUtil$1                                 : loaded 2 times (x 76B)
Class com.google.common.base.Objects                                                  : loaded 2 times (x 71B)
Class org.objectweb.asm.FieldVisitor                                                  : loaded 2 times (x 77B)
Class com.google.common.collect.IndexedImmutableSet                                   : loaded 2 times (x 152B)
Class com.google.common.collect.ImmutableMap$1                                        : loaded 2 times (x 81B)
Class com.google.common.collect.BiMap                                                 : loaded 2 times (x 70B)
Class org.gradle.api.internal.classpath.DefaultModuleRegistry$DefaultModule           : loaded 2 times (x 86B)
Class com.google.common.base.Absent                                                   : loaded 2 times (x 80B)
Class com.google.common.primitives.Ints                                               : loaded 2 times (x 71B)
Class com.google.common.collect.AbstractIterator                                      : loaded 2 times (x 82B)
Class com.google.common.collect.ObjectArrays                                          : loaded 2 times (x 71B)
Class com.google.common.math.MathPreconditions                                        : loaded 2 times (x 71B)
Class com.google.common.collect.Multiset                                              : loaded 2 times (x 70B)
Class com.google.common.collect.ArrayListMultimapGwtSerializationDependencies         : loaded 2 times (x 172B)
Class com.google.common.collect.AbstractIndexedListIterator                           : loaded 2 times (x 96B)
Class com.google.common.collect.ImmutableMapEntrySet                                  : loaded 2 times (x 152B)
Class org.gradle.api.internal.classpath.Module                                        : loaded 2 times (x 70B)
Class com.google.common.cache.Weigher                                                 : loaded 2 times (x 70B)
Class org.gradle.api.internal.classpath.UnknownModuleException                        : loaded 2 times (x 82B)
Class com.google.common.base.Stopwatch                                                : loaded 2 times (x 72B)
Class com.google.common.cache.LocalCache$Strength                                     : loaded 2 times (x 81B)
Class com.google.common.cache.Cache                                                   : loaded 2 times (x 70B)
Class com.google.common.util.concurrent.AbstractFuture$Cancellation                   : loaded 2 times (x 72B)
Class com.google.common.collect.ImmutableMap$Builder                                  : loaded 2 times (x 82B)
Class com.google.common.base.Present                                                  : loaded 2 times (x 81B)
Class com.google.common.cache.RemovalListener                                         : loaded 2 times (x 70B)
Class org.gradle.api.internal.DefaultClassPathRegistry                                : loaded 2 times (x 76B)
Class com.google.common.primitives.IntsMethodsForWeb                                  : loaded 2 times (x 71B)
Class com.google.common.collect.Multimap                                              : loaded 2 times (x 70B)
Class org.gradle.api.internal.ClassPathRegistry                                       : loaded 2 times (x 70B)
Class org.gradle.internal.classpath.DefaultClassPath$ImmutableUniqueList              : loaded 2 times (x 199B)
Class com.google.common.base.ExtraObjectsMethodsForWeb                                : loaded 2 times (x 71B)
Class com.google.common.base.MoreObjects                                              : loaded 2 times (x 71B)
Class com.google.common.io.ByteSink                                                   : loaded 2 times (x 76B)
Class com.google.common.cache.CacheBuilder                                            : loaded 2 times (x 72B)
Class com.google.common.collect.SingletonImmutableList                                : loaded 2 times (x 207B)
Class Settings_gradle$1                                                               : loaded 2 times (x 74B)
Class org.gradle.internal.classpath.ClassPath                                         : loaded 2 times (x 70B)
Class com.google.common.io.Files$FileByteSource                                       : loaded 2 times (x 85B)
Class com.google.common.base.JdkPattern                                               : loaded 2 times (x 75B)
Class com.google.common.collect.ImmutableList$ReverseImmutableList                    : loaded 2 times (x 209B)
Class org.objectweb.asm.SymbolTable$Entry                                             : loaded 2 times (x 74B)
Class org.objectweb.asm.Edge                                                          : loaded 2 times (x 72B)
Class com.google.common.base.Suppliers$SupplierOfInstance                             : loaded 2 times (x 79B)
Class com.google.common.collect.Iterators$1                                           : loaded 2 times (x 81B)
Class com.google.common.cache.LocalCache$ComputingValueReference                      : loaded 2 times (x 96B)
Class com.google.common.collect.SingletonImmutableSet                                 : loaded 2 times (x 146B)
Class com.google.common.collect.ImmutableMap$IteratorBasedImmutableMap                : loaded 2 times (x 126B)
Class com.google.common.cache.LocalCache$Segment                                      : loaded 2 times (x 154B)
Class [Lcom.google.common.base.Supplier;                                              : loaded 2 times (x 69B)
Class com.google.common.collect.SortedIterable                                        : loaded 2 times (x 70B)
Class com.google.common.collect.AbstractListMultimap                                  : loaded 2 times (x 172B)
Class [Lorg.objectweb.asm.SymbolTable$Entry;                                          : loaded 2 times (x 69B)
Class com.google.common.cache.CacheLoader                                             : loaded 2 times (x 74B)
Class com.google.common.collect.Iterators$4                                           : loaded 2 times (x 82B)
Class com.google.common.collect.ImmutableBiMap                                        : loaded 2 times (x 143B)
Class org.gradle.api.internal.classpath.ModuleRegistry                                : loaded 2 times (x 70B)
Class org.gradle.internal.installation.GradleInstallation$1                           : loaded 2 times (x 75B)
Class com.google.common.collect.ImmutableSet$JdkBackedSetBuilderImpl                  : loaded 2 times (x 76B)
Class com.google.common.util.concurrent.internal.InternalFutureFailureAccess          : loaded 2 times (x 72B)
Class com.google.common.collect.Iterators$5                                           : loaded 2 times (x 82B)
Class com.google.common.base.CharMatcher$ForPredicate                                 : loaded 2 times (x 112B)
Class com.google.common.cache.LocalCache$LocalManualCache$1                           : loaded 2 times (x 75B)
Class com.google.common.base.CharMatcher$AnyOf                                        : loaded 2 times (x 112B)
Class com.google.common.collect.ImmutableCollection                                   : loaded 2 times (x 125B)
Class org.gradle.api.internal.classpath.DefaultModuleRegistry                         : loaded 2 times (x 86B)
Class com.google.common.collect.Lists                                                 : loaded 2 times (x 71B)
Class com.google.common.util.concurrent.ListenableFuture                              : loaded 2 times (x 70B)
Class com.google.common.cache.ReferenceEntry                                          : loaded 2 times (x 70B)
Class com.google.common.base.Converter                                                : loaded 2 times (x 90B)
Class com.google.common.collect.ImmutableSet$CachingAsList                            : loaded 2 times (x 148B)
Class com.google.common.collect.AbstractMapBasedMultimap                              : loaded 2 times (x 139B)
Class com.google.common.util.concurrent.AbstractFuture                                : loaded 2 times (x 106B)
Class com.google.common.base.FunctionalEquivalence                                    : loaded 2 times (x 83B)
Class com.google.common.collect.Iterators$9                                           : loaded 2 times (x 81B)
Class com.google.common.collect.ImmutableAsList                                       : loaded 2 times (x 209B)
Class org.objectweb.asm.RecordComponentVisitor                                        : loaded 2 times (x 77B)
Class com.google.common.cache.CacheLoader$SupplierToCacheLoader                       : loaded 2 times (x 75B)
Class com.google.common.collect.Maps$EntryTransformer                                 : loaded 2 times (x 70B)
Class org.gradle.internal.service.ServiceLookupException                              : loaded 2 times (x 82B)
Class com.google.common.collect.ImmutableSortedSet                                    : loaded 2 times (x 300B)
Class [Lcom.google.common.cache.LocalCache$EntryFactory;                              : loaded 2 times (x 69B)
Class org.gradle.internal.classloader.ClassLoaderFactory                              : loaded 2 times (x 70B)
Class com.google.common.base.CommonPattern                                            : loaded 2 times (x 74B)
Class com.google.common.base.CharMatcher$IsNot                                        : loaded 2 times (x 111B)
Class com.google.common.cache.LocalCache$LocalManualCache                             : loaded 2 times (x 99B)
Class org.gradle.internal.service.CachingServiceLocator                               : loaded 2 times (x 82B)
Class com.google.common.collect.RegularImmutableSortedSet                             : loaded 2 times (x 300B)
Class com.google.common.collect.AbstractMapBasedMultimap$KeySet                       : loaded 2 times (x 137B)
Class com.google.common.math.IntMath                                                  : loaded 2 times (x 71B)
Class com.google.common.collect.ImmutableMapEntry                                     : loaded 2 times (x 85B)
Class com.google.common.base.Equivalence                                              : loaded 2 times (x 82B)
Class com.google.common.base.Function                                                 : loaded 2 times (x 70B)
Class com.google.common.collect.ImmutableMapEntry$NonTerminalImmutableMapEntry        : loaded 2 times (x 85B)
Class com.google.common.collect.IndexedImmutableSet$1                                 : loaded 2 times (x 213B)
Class com.google.common.cache.CacheBuilder$OneWeigher                                 : loaded 2 times (x 82B)
Class com.google.common.collect.RegularImmutableList                                  : loaded 2 times (x 213B)
Class org.gradle.internal.classloader.ClasspathUtil                                   : loaded 2 times (x 71B)
Class com.google.common.util.concurrent.Uninterruptibles                              : loaded 2 times (x 71B)
Class com.google.common.io.CharSource                                                 : loaded 2 times (x 85B)
Class com.google.common.util.concurrent.LazyLogger                                    : loaded 2 times (x 72B)
Class com.google.common.collect.Maps                                                  : loaded 2 times (x 71B)
Class org.gradle.api.specs.Spec                                                       : loaded 2 times (x 70B)
Class [Lcom.google.common.collect.ImmutableEntry;                                     : loaded 2 times (x 69B)
Class com.google.common.cache.LocalCache$LoadingValueReference                        : loaded 2 times (x 96B)
Class com.google.common.collect.CollectSpliterators                                   : loaded 2 times (x 71B)
Class com.google.common.base.Platform                                                 : loaded 2 times (x 71B)
Class [Lorg.objectweb.asm.AnnotationWriter;                                           : loaded 2 times (x 69B)
Class com.google.common.collect.Maps$8                                                : loaded 2 times (x 82B)
Class com.google.common.collect.ImmutableRangeSet$Builder                             : loaded 2 times (x 77B)
Class com.google.common.collect.Sets$SetView                                          : loaded 2 times (x 138B)
Class com.google.common.cache.LocalCache$StrongValueReference                         : loaded 2 times (x 90B)
Class com.google.common.graph.SuccessorsFunction                                      : loaded 2 times (x 70B)
Class org.objectweb.asm.Type                                                          : loaded 2 times (x 72B)
Class org.gradle.internal.classloader.VisitableURLClassLoader$InstrumentingVisitableURLClassLoader: loaded 2 times (x 123B)
Class com.google.common.io.Files$FileByteSink                                         : loaded 2 times (x 77B)
Class com.google.common.math.IntMath$1                                                : loaded 2 times (x 71B)
Class org.objectweb.asm.ByteVector                                                    : loaded 2 times (x 79B)
Class [Lcom.google.common.cache.CacheBuilder$NullListener;                            : loaded 2 times (x 69B)
Class org.gradle.internal.classloader.VisitableURLClassLoader$Spec                    : loaded 2 times (x 74B)
Class org.gradle.internal.classpath.DefaultClassPath                                  : loaded 2 times (x 90B)
Class org.objectweb.asm.Symbol                                                        : loaded 2 times (x 73B)
Class com.google.common.io.Closer                                                     : loaded 2 times (x 78B)
Class com.google.common.base.CharMatcher$BitSetMatcher                                : loaded 2 times (x 112B)
Class com.google.common.collect.RegularImmutableMap$Values                            : loaded 2 times (x 207B)
Class com.google.common.collect.ImmutableSet                                          : loaded 2 times (x 145B)
Class org.gradle.internal.classloader.ClassLoaderSpec                                 : loaded 2 times (x 71B)
Class com.google.common.io.ByteSource$EmptyByteSource                                 : loaded 2 times (x 85B)
Class org.objectweb.asm.AnnotationWriter                                              : loaded 2 times (x 79B)
Class com.google.common.cache.CacheStats                                              : loaded 2 times (x 71B)
Class com.google.common.io.LineProcessor                                              : loaded 2 times (x 70B)
Class com.google.common.io.Closer$Suppressor                                          : loaded 2 times (x 70B)
Class org.objectweb.asm.RecordComponentWriter                                         : loaded 2 times (x 78B)
Class com.google.common.util.concurrent.AbstractFuture$Listener                       : loaded 2 times (x 72B)
Class com.google.common.base.CharMatcher$Or                                           : loaded 2 times (x 112B)
Class Settings_gradle$1$1                                                             : loaded 2 times (x 74B)
Class org.objectweb.asm.Attribute                                                     : loaded 2 times (x 77B)
Class com.google.common.base.Supplier                                                 : loaded 2 times (x 70B)
Class org.gradle.internal.classloader.VisitableURLClassLoader                         : loaded 2 times (x 117B)
Class Settings_gradle                                                                 : loaded 2 times (x 124B)
Class org.gradle.internal.Cast                                                        : loaded 2 times (x 71B)
Class org.gradle.api.Action                                                           : loaded 2 times (x 70B)
Class com.google.common.base.Strings                                                  : loaded 2 times (x 71B)
Class com.google.common.collect.Sets                                                  : loaded 2 times (x 71B)
Class org.objectweb.asm.Handler                                                       : loaded 2 times (x 72B)
Class com.google.common.base.CharMatcher$FastMatcher                                  : loaded 2 times (x 111B)
Class com.google.common.base.Ticker                                                   : loaded 2 times (x 72B)
Class [Lcom.google.common.cache.LocalCache$Segment;                                   : loaded 2 times (x 69B)
Class com.google.common.base.Predicate                                                : loaded 2 times (x 70B)
Class [Lcom.google.common.cache.LocalCache$Strength;                                  : loaded 2 times (x 69B)
Class com.google.common.cache.CacheBuilder$1                                          : loaded 2 times (x 85B)
Class com.google.common.collect.ImmutableMap                                          : loaded 2 times (x 120B)
Class org.gradle.internal.classpath.DefaultClassPath$ImmutableUniqueList$Builder      : loaded 2 times (x 75B)
Class com.google.common.collect.AbstractRangeSet                                      : loaded 2 times (x 114B)
Class com.google.common.base.CharMatcher$NegatedFastMatcher                           : loaded 2 times (x 113B)
Class com.google.common.cache.LocalCache                                              : loaded 2 times (x 187B)
Class com.google.common.cache.CacheBuilder$2                                          : loaded 2 times (x 79B)
Class com.google.common.collect.ArrayListMultimap                                     : loaded 2 times (x 172B)
Class com.google.common.cache.CacheBuilder$3                                          : loaded 2 times (x 72B)
Class [Lcom.google.common.collect.AbstractMapEntry;                                   : loaded 2 times (x 69B)
Class com.google.common.collect.ImmutableEntry                                        : loaded 2 times (x 82B)
Class org.gradle.api.GradleException                                                  : loaded 2 times (x 82B)
Class com.google.common.base.Suppliers$MemoizingSupplier                              : loaded 2 times (x 79B)
Class com.google.common.collect.CollectPreconditions                                  : loaded 2 times (x 71B)
Class com.google.common.collect.SortedMapDifference                                   : loaded 2 times (x 70B)
Class ijKotlinCoroutineJvmDebugInit1_6xpudmw8efmy75ce9nk46qn7n$_run_closure1          : loaded 2 times (x 139B)
Class com.google.common.io.Files                                                      : loaded 2 times (x 71B)
Class com.google.common.cache.LocalCache$EntryFactory                                 : loaded 2 times (x 83B)
Class com.google.common.cache.LocalCache$AbstractReferenceEntry                       : loaded 2 times (x 107B)
Class org.gradle.internal.IoActions                                                   : loaded 2 times (x 71B)
Class com.google.common.collect.ImmutableRangeSet$ComplementRanges                    : loaded 2 times (x 207B)
Class org.objectweb.asm.SymbolTable                                                   : loaded 2 times (x 72B)
Class com.google.common.cache.CacheLoader$InvalidCacheLoadException                   : loaded 2 times (x 82B)
Class com.google.common.collect.ImmutableSet$RegularSetBuilderImpl                    : loaded 2 times (x 77B)
Class org.gradle.internal.classloader.SystemClassLoaderSpec                           : loaded 2 times (x 71B)
Class com.google.common.cache.LocalCache$StrongEntry                                  : loaded 2 times (x 108B)
Class com.google.common.util.concurrent.AbstractFuture$TrustedFuture                  : loaded 2 times (x 114B)
Class com.google.common.cache.LoadingCache                                            : loaded 2 times (x 70B)
Class com.google.common.io.ByteStreams$LimitedInputStream                             : loaded 2 times (x 92B)
Class com.google.common.base.Suppliers$NonSerializableMemoizingSupplier               : loaded 2 times (x 79B)
Class org.objectweb.asm.MethodWriter                                                  : loaded 2 times (x 106B)
Class [Lcom.google.common.cache.Weigher;                                              : loaded 2 times (x 69B)
Class com.google.common.collect.RegularImmutableMap$BucketOverflowException           : loaded 2 times (x 82B)
Class com.google.common.collect.RegularImmutableBiMap                                 : loaded 2 times (x 149B)
Class com.google.common.base.CharMatcher$Negated                                      : loaded 2 times (x 113B)
Class com.google.common.base.CharMatcher$Is                                           : loaded 2 times (x 111B)
Class com.google.common.cache.LocalCache$ValueReference                               : loaded 2 times (x 70B)
Class com.google.common.hash.PrimitiveSink                                            : loaded 2 times (x 70B)
Class com.google.common.base.PatternCompiler                                          : loaded 2 times (x 70B)
Class com.google.common.util.concurrent.AbstractFuture$Failure                        : loaded 2 times (x 72B)
Class com.google.common.base.Equivalence$Equals                                       : loaded 2 times (x 82B)
Class com.google.common.collect.Hashing                                               : loaded 2 times (x 71B)
Class com.google.common.base.Preconditions                                            : loaded 2 times (x 71B)
Class com.google.common.base.Joiner$1                                                 : loaded 2 times (x 80B)
Class org.objectweb.asm.Label                                                         : loaded 2 times (x 73B)
Class org.objectweb.asm.CurrentFrame                                                  : loaded 2 times (x 73B)
Class org.objectweb.asm.ClassTooLargeException                                        : loaded 2 times (x 83B)
Class com.google.common.base.CharMatcher                                              : loaded 2 times (x 111B)
Class com.google.common.collect.PeekingIterator                                       : loaded 2 times (x 70B)
Class com.google.common.collect.RangeGwtSerializationDependencies                     : loaded 2 times (x 71B)
Class com.google.common.io.ByteSource$AsCharSource                                    : loaded 2 times (x 86B)
Class com.google.common.collect.Maps$IteratorBasedAbstractMap                         : loaded 2 times (x 125B)
Class com.google.common.base.Joiner$2                                                 : loaded 2 times (x 79B)
Class org.objectweb.asm.Frame                                                         : loaded 2 times (x 73B)
Class org.objectweb.asm.MethodVisitor                                                 : loaded 2 times (x 105B)
Class com.google.common.base.CharMatcher$NamedFastMatcher                             : loaded 2 times (x 112B)
Class com.google.common.base.CharMatcher$1                                            : loaded 2 times (x 113B)
Class com.google.common.cache.LocalCache$EntryFactory$1                               : loaded 2 times (x 83B)
Class [Lcom.google.common.cache.RemovalListener;                                      : loaded 2 times (x 69B)
Class com.google.common.collect.RangeSet                                              : loaded 2 times (x 70B)
Class com.google.common.cache.LocalCache$EntryFactory$2                               : loaded 2 times (x 83B)
Class org.gradle.api.internal.classpath.GlobalCacheRootsProvider                      : loaded 2 times (x 70B)
Class com.google.common.collect.CollectCollectors                                     : loaded 2 times (x 71B)
Class org.objectweb.asm.ModuleWriter                                                  : loaded 2 times (x 82B)
Class com.google.common.cache.LocalCache$EntryFactory$3                               : loaded 2 times (x 83B)
Class com.google.common.base.Ticker$1                                                 : loaded 2 times (x 72B)
Class com.google.common.collect.Maps$BiMapConverter                                   : loaded 2 times (x 90B)
Class com.google.common.collect.ImmutableMapEntrySet$RegularEntrySet                  : loaded 2 times (x 152B)
Class com.google.common.collect.ImmutableSet$Builder                                  : loaded 2 times (x 85B)
Class com.google.common.base.CharMatcher$InRange                                      : loaded 2 times (x 111B)
Class com.google.common.cache.LocalCache$EntryFactory$4                               : loaded 2 times (x 83B)
Class com.google.common.io.ByteStreams$1                                              : loaded 2 times (x 85B)
Class com.google.common.cache.LocalCache$EntryFactory$5                               : loaded 2 times (x 83B)
Class com.google.common.base.PairwiseEquivalence                                      : loaded 2 times (x 83B)
Class com.google.common.cache.LocalCache$EntryFactory$6                               : loaded 2 times (x 83B)
Class org.gradle.internal.installation.CurrentGradleInstallationLocator               : loaded 2 times (x 71B)
Class com.google.common.io.ByteSource$SlicedByteSource                                : loaded 2 times (x 85B)
Class com.google.common.collect.Maps$KeySet                                           : loaded 2 times (x 137B)
Class com.google.common.collect.ImmutableSet$EmptySetBuilderImpl                      : loaded 2 times (x 76B)
Class com.google.common.cache.LocalCache$EntryFactory$7                               : loaded 2 times (x 83B)
Class com.google.common.collect.ImmutableList                                         : loaded 2 times (x 206B)
Class org.gradle.internal.service.DefaultServiceLocator                               : loaded 2 times (x 83B)
Class com.google.common.cache.LocalCache$EntryFactory$8                               : loaded 2 times (x 83B)
Class com.google.common.collect.ImmutableSet$SetBuilderImpl                           : loaded 2 times (x 76B)
Class org.gradle.internal.installation.CurrentGradleInstallation                      : loaded 2 times (x 73B)
Class com.google.common.cache.CacheLoader$1                                           : loaded 2 times (x 75B)
Class com.google.common.collect.ForwardingObject                                      : loaded 2 times (x 72B)
Class com.google.common.collect.ImmutableList$SubList                                 : loaded 2 times (x 209B)
Class org.gradle.util.internal.GUtil                                                  : loaded 2 times (x 71B)
Class com.google.common.io.ByteSource                                                 : loaded 2 times (x 84B)
Class com.google.common.cache.AbstractCache$StatsCounter                              : loaded 2 times (x 70B)
Class com.google.common.collect.Iterators$MergingIterator                             : loaded 2 times (x 81B)
Class com.google.common.collect.RegularImmutableSet                                   : loaded 2 times (x 149B)
Class org.gradle.internal.installation.GradleInstallation                             : loaded 2 times (x 75B)
Class com.google.common.collect.Iterables                                             : loaded 2 times (x 71B)
Class ijJvmDebugger1_jv98uwgtmxo5aoaum0o0niry$_run_closure1                           : loaded 2 times (x 139B)

---------------  S Y S T E M  ---------------

OS:
 Windows 11 , 64 bit Build 26100 (10.0.26100.8115)
OS uptime: 22 days 5:33 hours
Hyper-V role detected

CPU: total 12 (initial active 12) (12 cores per cpu, 2 threads per core) family 25 model 80 stepping 0 microcode 0xa50000f, cx8, cmov, fxsr, ht, mmx, 3dnowpref, sse, sse2, sse3, ssse3, sse4a, sse4.1, sse4.2, popcnt, lzcnt, tsc, tscinvbit, avx, avx2, aes, erms, clmul, bmi1, bmi2, adx, sha, fma, vzeroupper, clflush, clflushopt, hv, rdtscp, rdpid, fsrm, f16c, cet_ss
Processor Information for processor 0
  Max Mhz: 3301, Current Mhz: 1805, Mhz Limit: 3301
Processor Information for processor 1
  Max Mhz: 3301, Current Mhz: 3301, Mhz Limit: 3301
Processor Information for processor 2
  Max Mhz: 3301, Current Mhz: 1805, Mhz Limit: 3301
Processor Information for processor 3
  Max Mhz: 3301, Current Mhz: 3301, Mhz Limit: 3301
Processor Information for processor 4
  Max Mhz: 3301, Current Mhz: 1805, Mhz Limit: 3301
Processor Information for processor 5
  Max Mhz: 3301, Current Mhz: 3301, Mhz Limit: 3301
Processor Information for processor 6
  Max Mhz: 3301, Current Mhz: 1805, Mhz Limit: 3301
Processor Information for processor 7
  Max Mhz: 3301, Current Mhz: 3301, Mhz Limit: 3301
Processor Information for processor 8
  Max Mhz: 3301, Current Mhz: 1805, Mhz Limit: 3301
Processor Information for processor 9
  Max Mhz: 3301, Current Mhz: 1805, Mhz Limit: 3301
Processor Information for processor 10
  Max Mhz: 3301, Current Mhz: 3301, Mhz Limit: 3301
Processor Information for processor 11
  Max Mhz: 3301, Current Mhz: 1805, Mhz Limit: 3301

Memory: 4k page, system-wide physical 15710M (478M free)
TotalPageFile size 40710M (AvailPageFile size 17M)
current process WorkingSet (physical memory assigned to process): 1045M, peak: 1045M
current process commit charge ("private bytes"): 1141M, peak: 1146M

vm_info: OpenJDK 64-Bit Server VM (21.0.10+-14961533-b1163.108) for windows-amd64 JRE (21.0.10+-14961533-b1163.108), built on 2026-03-02T19:58:50Z by "builder" with MS VC++ 16.10 / 16.11 (VS2019)

END.
