#
# There is insufficient memory for the Java Runtime Environment to continue.
# Native memory allocation (mmap) failed to map 307232768 bytes. Error detail: G1 virtual space
# Possible reasons:
#   The system is out of physical RAM or swap space
#   This process is running with CompressedOops enabled, and the Java Heap may be blocking the growth of the native heap
# Possible solutions:
#   Reduce memory load on the system
#   Increase physical memory or swap space
#   Check if swap backing store is full
#   Decrease Java heap size (-Xmx/-Xms)
#   Decrease number of Java threads
#   Decrease Java thread stack sizes (-Xss)
#   Set larger code cache with -XX:ReservedCodeCacheSize=
#   JVM is running with Unscaled Compressed Oops mode in which the Java heap is
#     placed in the first 4GB address space. The Java Heap base address is the
#     maximum limit for the native heap growth. Please use -XX:HeapBaseMinAddress
#     to set the Java Heap base and to place the Java Heap above 4GB virtual address.
# This output file may be truncated or incomplete.
#
#  Out of Memory Error (os_windows.cpp:3926), pid=436236, tid=437608
#
# JRE version: OpenJDK Runtime Environment (21.0.10) (build 21.0.10+-14961533-b1163.108)
# Java VM: OpenJDK 64-Bit Server VM (21.0.10+-14961533-b1163.108, mixed mode, tiered, compressed oops, compressed class ptrs, g1 gc, windows-amd64)
# No core dump will be written. Minidumps are not enabled by default on client versions of Windows
#

---------------  S U M M A R Y ------------

Command Line: --add-opens=java.base/java.lang=ALL-UNNAMED --add-opens=java.base/java.lang.invoke=ALL-UNNAMED --add-opens=java.base/java.util=ALL-UNNAMED --add-opens=java.prefs/java.util.prefs=ALL-UNNAMED --add-exports=jdk.compiler/com.sun.tools.javac.api=ALL-UNNAMED --add-exports=jdk.compiler/com.sun.tools.javac.util=ALL-UNNAMED --add-opens=java.base/java.util=ALL-UNNAMED --add-opens=java.prefs/java.util.prefs=ALL-UNNAMED --add-opens=java.base/java.nio.charset=ALL-UNNAMED --add-opens=java.base/java.net=ALL-UNNAMED --add-opens=java.base/java.util.concurrent=ALL-UNNAMED --add-opens=java.base/java.util.concurrent.atomic=ALL-UNNAMED --add-opens=java.xml/javax.xml.namespace=ALL-UNNAMED --add-opens=java.base/java.time=ALL-UNNAMED -Xmx2048m -Dfile.encoding=UTF-8 -Duser.country=US -Duser.language=en -Duser.variant -javaagent:C:\Users\ISHA SEN\.gradle\wrapper\dists\gradle-9.3.1-bin\23ovyewtku6u96viwx3xl3oks\gradle-9.3.1\lib\agents\gradle-instrumentation-agent-9.3.1.jar org.gradle.launcher.daemon.bootstrap.GradleDaemon 9.3.1

Host: AMD Ryzen 5 5600H with Radeon Graphics         , 12 cores, 15G,  Windows 11 , 64 bit Build 26100 (10.0.26100.8115)
Time: Sat Apr 25 23:41:13 2026 India Standard Time elapsed time: 37.292136 seconds (0d 0h 0m 37s)

---------------  T H R E A D  ---------------

Current thread (0x000001b2face9fd0):  VMThread "VM Thread"          [id=437608, stack(0x0000004a5a200000,0x0000004a5a300000) (1024K)]

Stack: [0x0000004a5a200000,0x0000004a5a300000]
Native frames: (J=compiled Java code, j=interpreted, Vv=VM code, C=native code)
V  [jvm.dll+0x6d78a9]
V  [jvm.dll+0x8665b3]
V  [jvm.dll+0x868bde]
V  [jvm.dll+0x8692c3]
V  [jvm.dll+0x280ee6]
V  [jvm.dll+0x6d4165]
V  [jvm.dll+0x6c77fa]
V  [jvm.dll+0x358f4b]
V  [jvm.dll+0x360bc6]
V  [jvm.dll+0x3b2ea6]
V  [jvm.dll+0x3b3178]
V  [jvm.dll+0x32b65c]
V  [jvm.dll+0x32b6e7]
V  [jvm.dll+0x3715cc]
V  [jvm.dll+0x36fd7e]
V  [jvm.dll+0x32adb1]
V  [jvm.dll+0x36f480]
V  [jvm.dll+0x86f048]
V  [jvm.dll+0x870394]
V  [jvm.dll+0x8708d0]
V  [jvm.dll+0x870b63]
V  [jvm.dll+0x80fd28]
V  [jvm.dll+0x6d60fd]
C  [ucrtbase.dll+0x37b0]
C  [KERNEL32.DLL+0x2e8d7]
C  [ntdll.dll+0x8c3fc]

VM_Operation (0x0000004a679fd070): G1CollectForAllocation, mode: safepoint, requested by thread 0x000001b29faa8f80


---------------  P R O C E S S  ---------------

Threads class SMR info:
_java_thread_list=0x000001b2a1098ee0, length=215, elements={
0x000001b2efc575b0, 0x000001b2fad32710, 0x000001b2fad61ca0, 0x000001b2fad62700,
0x000001b2fad82e50, 0x000001b2fad838b0, 0x000001b2fad84310, 0x000001b2fad84d70,
0x000001b2fad69070, 0x000001b2fad69b10, 0x000001b29304a510, 0x000001b294c06100,
0x000001b295a66d90, 0x000001b2954ee5c0, 0x000001b29416eff0, 0x000001b293fe1dd0,
0x000001b293fe2440, 0x000001b295882d70, 0x000001b2958826e0, 0x000001b2958847b0,
0x000001b295883a90, 0x000001b295882050, 0x000001b295883400, 0x000001b295884120,
0x000001b297b790c0, 0x000001b297b78a30, 0x000001b297b77680, 0x000001b297b783a0,
0x000001b297b7a470, 0x000001b297b7cbd0, 0x000001b297b7ab00, 0x000001b297b7b190,
0x000001b297b7d260, 0x000001b297b79de0, 0x000001b297b7eca0, 0x000001b297b7d8f0,
0x000001b297b7df80, 0x000001b298669410, 0x000001b298668060, 0x000001b298669aa0,
0x000001b298668d80, 0x000001b2986686f0, 0x000001b29866a130, 0x000001b29866a7c0,
0x000001b29866ae50, 0x000001b29866b4e0, 0x000001b297355350, 0x000001b297353910,
0x000001b297354630, 0x000001b297353fa0, 0x000001b297354cc0, 0x000001b297351ed0,
0x000001b297352560, 0x000001b297352bf0, 0x000001b297353280, 0x000001b2975b2350,
0x000001b2975b29e0, 0x000001b2975b1cc0, 0x000001b2975b3070, 0x000001b2975b3700,
0x000001b2975b0280, 0x000001b2975b1630, 0x000001b2975b0910, 0x000001b2975b0fa0,
0x000001b296249000, 0x000001b296249d20, 0x000001b296246f30, 0x000001b2962482e0,
0x000001b296249690, 0x000001b29624a3b0, 0x000001b298dd8800, 0x000001b298dd60a0,
0x000001b298dd8e90, 0x000001b298dd7ae0, 0x000001b298ddd030, 0x000001b298ddb5f0,
0x000001b298ddd6c0, 0x000001b298ddbc80, 0x000001b298ddc310, 0x000001b298ddc9a0,
0x000001b2969de5d0, 0x000001b2969e0d30, 0x000001b2969dec60, 0x000001b2969ddf40,
0x000001b2969df980, 0x000001b2969e0010, 0x000001b2969df2f0, 0x000001b2969e06a0,
0x000001b2969dd8b0, 0x000001b2969e3490, 0x000001b2969e4840, 0x000001b2969e20e0,
0x000001b2969e13c0, 0x000001b2969e4ed0, 0x000001b2969e3b20, 0x000001b2969e2770,
0x000001b2969e1a50, 0x000001b2969e2e00, 0x000001b2969e41b0, 0x000001b29601b310,
0x000001b29601a5f0, 0x000001b296018bb0, 0x000001b29601c030, 0x000001b29601b9a0,
0x000001b29601c6c0, 0x000001b296019240, 0x000001b29601f4b0, 0x000001b29601e790,
0x000001b293da84a0, 0x000001b2941e48c0, 0x000001b2941e1440, 0x000001b2930c26f0,
0x000001b2930c4130, 0x000001b2930c2d80, 0x000001b2930c47c0, 0x000001b2930c4e50,
0x000001b2930c3aa0, 0x000001b2930c54e0, 0x000001b2930c2060, 0x000001b2930c5b70,
0x000001b2930c6200, 0x000001b2930c3410, 0x000001b2930c8960, 0x000001b2930c7c40,
0x000001b2930c9680, 0x000001b2930c82d0, 0x000001b2930c8ff0, 0x000001b2930c6890,
0x000001b2930c6f20, 0x000001b2930c75b0, 0x000001b297bcfe60, 0x000001b297bd18a0,
0x000001b297bd2c50, 0x000001b297bd1f30, 0x000001b297bd32e0, 0x000001b297bd3970,
0x000001b297bd04f0, 0x000001b297bd4000, 0x000001b297bd0b80, 0x000001b297bd4690,
0x000001b297bd1210, 0x000001b297bd4d20, 0x000001b297bd81a0, 0x000001b297bd6760,
0x000001b297bd8830, 0x000001b297bd8ec0, 0x000001b298706a30, 0x000001b298705680,
0x000001b298705d10, 0x000001b2960201d0, 0x000001b29601da70, 0x000001b29601ee20,
0x000001b29601fb40, 0x000001b296248970, 0x000001b29fa9b060, 0x000001b29fa9de50,
0x000001b29fa9c410, 0x000001b29fa9bd80, 0x000001b29fa9b6f0, 0x000001b29fa9e4e0,
0x000001b29fa9caa0, 0x000001b29fa9f890, 0x000001b29fa9d130, 0x000001b29fa9ff20,
0x000001b29fa9d7c0, 0x000001b29faa1960, 0x000001b29faa05b0, 0x000001b29faa0c40,
0x000001b29faa1ff0, 0x000001b29faa12d0, 0x000001b29fa9eb70, 0x000001b29faa2680,
0x000001b29fa9f200, 0x000001b29faa2d10, 0x000001b29faa4de0, 0x000001b29faa33a0,
0x000001b29faa6820, 0x000001b29faa5b00, 0x000001b297bd53b0, 0x000001b297bd9550,
0x000001b297bd60d0, 0x000001b297bdb620, 0x000001b297bdaf90, 0x000001b297bdc340,
0x000001b297bdd060, 0x000001b297bd9be0, 0x000001b297bda900, 0x000001b297bdeaa0,
0x000001b29faa5470, 0x000001b29faa40c0, 0x000001b297bdd6f0, 0x000001b29faa6190,
0x000001b2a0143b90, 0x000001b2a01223e0, 0x000001b2a0122a70, 0x000001b2a0123100,
0x000001b2a0121d50, 0x000001b2a31b7de0, 0x000001b29faa3a30, 0x000001b29faa4750,
0x000001b29faa7bd0, 0x000001b29faa8f80, 0x000001b299f07480, 0x000001b297bd7480,
0x000001b297bda270, 0x000001b2a33430f0, 0x000001b297bdc9d0, 0x000001b2a400a4b0,
0x000001b296b70110, 0x000001b2a22c4c80, 0x000001b2a3d35930, 0x000001b2a22c38d0,
0x000001b297bddd80, 0x000001b2a4009e20, 0x000001b2a25bb190
}

Java Threads: ( => current thread )
  0x000001b2efc575b0 JavaThread "main"                              [_thread_blocked, id=427160, stack(0x0000004a59b00000,0x0000004a59c00000) (1024K)]
  0x000001b2fad32710 JavaThread "Common-Cleaner"             daemon [_thread_blocked, id=432384, stack(0x0000004a5a300000,0x0000004a5a400000) (1024K)]
  0x000001b2fad61ca0 JavaThread "Reference Handler"          daemon [_thread_blocked, id=372468, stack(0x0000004a5a400000,0x0000004a5a500000) (1024K)]
  0x000001b2fad62700 JavaThread "Finalizer"                  daemon [_thread_blocked, id=440396, stack(0x0000004a5a500000,0x0000004a5a600000) (1024K)]
  0x000001b2fad82e50 JavaThread "Signal Dispatcher"          daemon [_thread_blocked, id=338760, stack(0x0000004a5a600000,0x0000004a5a700000) (1024K)]
  0x000001b2fad838b0 JavaThread "Attach Listener"            daemon [_thread_blocked, id=435500, stack(0x0000004a5a700000,0x0000004a5a800000) (1024K)]
  0x000001b2fad84310 JavaThread "Service Thread"             daemon [_thread_blocked, id=442352, stack(0x0000004a5a800000,0x0000004a5a900000) (1024K)]
  0x000001b2fad84d70 JavaThread "Monitor Deflation Thread"   daemon [_thread_blocked, id=435292, stack(0x0000004a5a900000,0x0000004a5aa00000) (1024K)]
  0x000001b2fad69070 JavaThread "C2 CompilerThread0"         daemon [_thread_blocked, id=434392, stack(0x0000004a5aa00000,0x0000004a5ab00000) (1024K)]
  0x000001b2fad69b10 JavaThread "C1 CompilerThread0"         daemon [_thread_blocked, id=427848, stack(0x0000004a5ab00000,0x0000004a5ac00000) (1024K)]
  0x000001b29304a510 JavaThread "Notification Thread"        daemon [_thread_blocked, id=415892, stack(0x0000004a5ac00000,0x0000004a5ad00000) (1024K)]
  0x000001b294c06100 JavaThread "Daemon health stats"               [_thread_blocked, id=429628, stack(0x0000004a5b200000,0x0000004a5b300000) (1024K)]
  0x000001b295a66d90 JavaThread "Incoming local TCP Connector on port 65163"        [_thread_in_native, id=440044, stack(0x0000004a5b300000,0x0000004a5b400000) (1024K)]
  0x000001b2954ee5c0 JavaThread "Daemon periodic checks"            [_thread_blocked, id=437760, stack(0x0000004a5b900000,0x0000004a5ba00000) (1024K)]
  0x000001b29416eff0 JavaThread "Daemon"                            [_thread_blocked, id=424192, stack(0x0000004a5ba00000,0x0000004a5bb00000) (1024K)]
  0x000001b293fe1dd0 JavaThread "Handler for socket connection from /127.0.0.1:65163 to /127.0.0.1:65164"        [_thread_in_native, id=431336, stack(0x0000004a5bb00000,0x0000004a5bc00000) (1024K)]
  0x000001b293fe2440 JavaThread "Cancel handler"                    [_thread_blocked, id=432284, stack(0x0000004a5bc00000,0x0000004a5bd00000) (1024K)]
  0x000001b295882d70 JavaThread "Daemon worker"                     [_thread_blocked, id=436920, stack(0x0000004a5bd00000,0x0000004a5be00000) (1024K)]
  0x000001b2958826e0 JavaThread "Asynchronous log dispatcher for DefaultDaemonConnection: socket connection from /127.0.0.1:65163 to /127.0.0.1:65164"        [_thread_blocked, id=438160, stack(0x0000004a5be00000,0x0000004a5bf00000) (1024K)]
  0x000001b2958847b0 JavaThread "Stdin handler"                     [_thread_blocked, id=438064, stack(0x0000004a5c100000,0x0000004a5c200000) (1024K)]
  0x000001b295883a90 JavaThread "Daemon client event forwarder"        [_thread_blocked, id=435884, stack(0x0000004a5c200000,0x0000004a5c300000) (1024K)]
  0x000001b295882050 JavaThread "Cache worker for journal cache (C:\Users\ISHA SEN\.gradle\caches\journal-1)"        [_thread_blocked, id=439624, stack(0x0000004a5c300000,0x0000004a5c400000) (1024K)]
  0x000001b295883400 JavaThread "File lock request listener"        [_thread_in_native, id=441164, stack(0x0000004a5c400000,0x0000004a5c500000) (1024K)]
  0x000001b295884120 JavaThread "Cache worker for file hash cache (C:\Users\ISHA SEN\.gradle\caches\9.3.1\fileHashes)"        [_thread_blocked, id=431736, stack(0x0000004a5c500000,0x0000004a5c600000) (1024K)]
  0x000001b297b790c0 JavaThread "Cache worker for file hash cache (C:\Users\ISHA SEN\Desktop\Smart-Seva\.gradle\9.3.1\fileHashes)"        [_thread_blocked, id=442076, stack(0x0000004a5c600000,0x0000004a5c700000) (1024K)]
  0x000001b297b78a30 JavaThread "Cache worker for Build Output Cleanup Cache (C:\Users\ISHA SEN\Desktop\Smart-Seva\.gradle\buildOutputCleanup)"        [_thread_blocked, id=437540, stack(0x0000004a5c700000,0x0000004a5c800000) (1024K)]
  0x000001b297b77680 JavaThread "File watcher server"        daemon [_thread_blocked, id=430796, stack(0x0000004a5c800000,0x0000004a5c900000) (1024K)]
  0x000001b297b783a0 JavaThread "File watcher consumer"      daemon [_thread_blocked, id=385828, stack(0x0000004a5c900000,0x0000004a5ca00000) (1024K)]
  0x000001b297b7a470 JavaThread "Cache worker for checksums cache (C:\Users\ISHA SEN\Desktop\Smart-Seva\.gradle\9.3.1\checksums)"        [_thread_blocked, id=432408, stack(0x0000004a5ca00000,0x0000004a5cb00000) (1024K)]
  0x000001b297b7cbd0 JavaThread "Cache worker for file content cache (C:\Users\ISHA SEN\.gradle\caches\9.3.1\fileContent)"        [_thread_blocked, id=432724, stack(0x0000004a5cb00000,0x0000004a5cc00000) (1024K)]
  0x000001b297b7ab00 JavaThread "Cache worker for cache directory md-supplier (C:\Users\ISHA SEN\.gradle\caches\9.3.1\md-supplier)"        [_thread_blocked, id=340060, stack(0x0000004a5cc00000,0x0000004a5cd00000) (1024K)]
  0x000001b297b7b190 JavaThread "Cache worker for cache directory md-rule (C:\Users\ISHA SEN\.gradle\caches\9.3.1\md-rule)"        [_thread_blocked, id=434620, stack(0x0000004a5cd00000,0x0000004a5ce00000) (1024K)]
  0x000001b297b7d260 JavaThread "jar transforms"                    [_thread_blocked, id=436960, stack(0x0000004a5ce00000,0x0000004a5cf00000) (1024K)]
  0x000001b297b79de0 JavaThread "jar transforms Thread 2"           [_thread_blocked, id=310008, stack(0x0000004a5cf00000,0x0000004a5d000000) (1024K)]
  0x000001b297b7eca0 JavaThread "jar transforms Thread 3"           [_thread_blocked, id=438388, stack(0x0000004a5d000000,0x0000004a5d100000) (1024K)]
  0x000001b297b7d8f0 JavaThread "Unconstrained build operations"        [_thread_blocked, id=426020, stack(0x0000004a5d100000,0x0000004a5d200000) (1024K)]
  0x000001b297b7df80 JavaThread "Unconstrained build operations Thread 2"        [_thread_blocked, id=436748, stack(0x0000004a5d200000,0x0000004a5d300000) (1024K)]
  0x000001b298669410 JavaThread "Unconstrained build operations Thread 3"        [_thread_blocked, id=429488, stack(0x0000004a5d300000,0x0000004a5d400000) (1024K)]
  0x000001b298668060 JavaThread "Unconstrained build operations Thread 4"        [_thread_blocked, id=437824, stack(0x0000004a5d400000,0x0000004a5d500000) (1024K)]
  0x000001b298669aa0 JavaThread "Unconstrained build operations Thread 5"        [_thread_blocked, id=441644, stack(0x0000004a5d500000,0x0000004a5d600000) (1024K)]
  0x000001b298668d80 JavaThread "Unconstrained build operations Thread 6"        [_thread_blocked, id=441048, stack(0x0000004a5d600000,0x0000004a5d700000) (1024K)]
  0x000001b2986686f0 JavaThread "Unconstrained build operations Thread 7"        [_thread_blocked, id=395672, stack(0x0000004a5d700000,0x0000004a5d800000) (1024K)]
  0x000001b29866a130 JavaThread "Unconstrained build operations Thread 8"        [_thread_blocked, id=407660, stack(0x0000004a5d800000,0x0000004a5d900000) (1024K)]
  0x000001b29866a7c0 JavaThread "Unconstrained build operations Thread 9"        [_thread_blocked, id=417616, stack(0x0000004a5d900000,0x0000004a5da00000) (1024K)]
  0x000001b29866ae50 JavaThread "Unconstrained build operations Thread 10"        [_thread_blocked, id=434568, stack(0x0000004a5da00000,0x0000004a5db00000) (1024K)]
  0x000001b29866b4e0 JavaThread "Unconstrained build operations Thread 11"        [_thread_blocked, id=420040, stack(0x0000004a5db00000,0x0000004a5dc00000) (1024K)]
  0x000001b297355350 JavaThread "Unconstrained build operations Thread 12"        [_thread_blocked, id=442360, stack(0x0000004a5dc00000,0x0000004a5dd00000) (1024K)]
  0x000001b297353910 JavaThread "Unconstrained build operations Thread 13"        [_thread_blocked, id=439252, stack(0x0000004a5dd00000,0x0000004a5de00000) (1024K)]
  0x000001b297354630 JavaThread "Unconstrained build operations Thread 14"        [_thread_blocked, id=433956, stack(0x0000004a5de00000,0x0000004a5df00000) (1024K)]
  0x000001b297353fa0 JavaThread "Unconstrained build operations Thread 15"        [_thread_blocked, id=438656, stack(0x0000004a5df00000,0x0000004a5e000000) (1024K)]
  0x000001b297354cc0 JavaThread "Unconstrained build operations Thread 16"        [_thread_blocked, id=435272, stack(0x0000004a5e000000,0x0000004a5e100000) (1024K)]
  0x000001b297351ed0 JavaThread "Unconstrained build operations Thread 17"        [_thread_blocked, id=438988, stack(0x0000004a5e100000,0x0000004a5e200000) (1024K)]
  0x000001b297352560 JavaThread "Unconstrained build operations Thread 18"        [_thread_blocked, id=434288, stack(0x0000004a5e200000,0x0000004a5e300000) (1024K)]
  0x000001b297352bf0 JavaThread "Unconstrained build operations Thread 19"        [_thread_blocked, id=437776, stack(0x0000004a5e300000,0x0000004a5e400000) (1024K)]
  0x000001b297353280 JavaThread "Unconstrained build operations Thread 20"        [_thread_blocked, id=434024, stack(0x0000004a5e400000,0x0000004a5e500000) (1024K)]
  0x000001b2975b2350 JavaThread "jar transforms Thread 4"           [_thread_blocked, id=436420, stack(0x0000004a5e500000,0x0000004a5e600000) (1024K)]
  0x000001b2975b29e0 JavaThread "jar transforms Thread 5"           [_thread_blocked, id=432396, stack(0x0000004a5e600000,0x0000004a5e700000) (1024K)]
  0x000001b2975b1cc0 JavaThread "Unconstrained build operations Thread 21"        [_thread_blocked, id=397328, stack(0x0000004a5e700000,0x0000004a5e800000) (1024K)]
  0x000001b2975b3070 JavaThread "Unconstrained build operations Thread 22"        [_thread_blocked, id=434932, stack(0x0000004a5e800000,0x0000004a5e900000) (1024K)]
  0x000001b2975b3700 JavaThread "Unconstrained build operations Thread 23"        [_thread_blocked, id=394744, stack(0x0000004a5e900000,0x0000004a5ea00000) (1024K)]
  0x000001b2975b0280 JavaThread "Unconstrained build operations Thread 24"        [_thread_blocked, id=440900, stack(0x0000004a5ea00000,0x0000004a5eb00000) (1024K)]
  0x000001b2975b1630 JavaThread "Unconstrained build operations Thread 25"        [_thread_blocked, id=441460, stack(0x0000004a5eb00000,0x0000004a5ec00000) (1024K)]
  0x000001b2975b0910 JavaThread "Unconstrained build operations Thread 26"        [_thread_blocked, id=424332, stack(0x0000004a5ec00000,0x0000004a5ed00000) (1024K)]
  0x000001b2975b0fa0 JavaThread "Unconstrained build operations Thread 27"        [_thread_blocked, id=418744, stack(0x0000004a5ed00000,0x0000004a5ee00000) (1024K)]
  0x000001b296249000 JavaThread "Unconstrained build operations Thread 28"        [_thread_blocked, id=425092, stack(0x0000004a5ee00000,0x0000004a5ef00000) (1024K)]
  0x000001b296249d20 JavaThread "Unconstrained build operations Thread 29"        [_thread_blocked, id=344744, stack(0x0000004a5ef00000,0x0000004a5f000000) (1024K)]
  0x000001b296246f30 JavaThread "Unconstrained build operations Thread 30"        [_thread_blocked, id=439500, stack(0x0000004a5f000000,0x0000004a5f100000) (1024K)]
  0x000001b2962482e0 JavaThread "jar transforms Thread 6"           [_thread_blocked, id=438716, stack(0x0000004a5f100000,0x0000004a5f200000) (1024K)]
  0x000001b296249690 JavaThread "jar transforms Thread 7"           [_thread_blocked, id=438284, stack(0x0000004a5f200000,0x0000004a5f300000) (1024K)]
  0x000001b29624a3b0 JavaThread "jar transforms Thread 8"           [_thread_blocked, id=441812, stack(0x0000004a5f300000,0x0000004a5f400000) (1024K)]
  0x000001b298dd8800 JavaThread "Unconstrained build operations Thread 31"        [_thread_blocked, id=436576, stack(0x0000004a5ad00000,0x0000004a5ae00000) (1024K)]
  0x000001b298dd60a0 JavaThread "Unconstrained build operations Thread 32"        [_thread_blocked, id=441864, stack(0x0000004a5f500000,0x0000004a5f600000) (1024K)]
  0x000001b298dd8e90 JavaThread "Unconstrained build operations Thread 33"        [_thread_blocked, id=439288, stack(0x0000004a5f600000,0x0000004a5f700000) (1024K)]
  0x000001b298dd7ae0 JavaThread "Unconstrained build operations Thread 34"        [_thread_blocked, id=441268, stack(0x0000004a5f800000,0x0000004a5f900000) (1024K)]
  0x000001b298ddd030 JavaThread "Unconstrained build operations Thread 35"        [_thread_blocked, id=433688, stack(0x0000004a5f900000,0x0000004a5fa00000) (1024K)]
  0x000001b298ddb5f0 JavaThread "Unconstrained build operations Thread 36"        [_thread_blocked, id=442080, stack(0x0000004a5fa00000,0x0000004a5fb00000) (1024K)]
  0x000001b298ddd6c0 JavaThread "Unconstrained build operations Thread 37"        [_thread_blocked, id=440016, stack(0x0000004a5fb00000,0x0000004a5fc00000) (1024K)]
  0x000001b298ddbc80 JavaThread "Unconstrained build operations Thread 38"        [_thread_blocked, id=431136, stack(0x0000004a5fc00000,0x0000004a5fd00000) (1024K)]
  0x000001b298ddc310 JavaThread "Unconstrained build operations Thread 39"        [_thread_blocked, id=436440, stack(0x0000004a5fd00000,0x0000004a5fe00000) (1024K)]
  0x000001b298ddc9a0 JavaThread "Unconstrained build operations Thread 40"        [_thread_blocked, id=436640, stack(0x0000004a5fe00000,0x0000004a5ff00000) (1024K)]
  0x000001b2969de5d0 JavaThread "Unconstrained build operations Thread 41"        [_thread_blocked, id=432152, stack(0x0000004a5ff00000,0x0000004a60000000) (1024K)]
  0x000001b2969e0d30 JavaThread "Unconstrained build operations Thread 42"        [_thread_blocked, id=437872, stack(0x0000004a60000000,0x0000004a60100000) (1024K)]
  0x000001b2969dec60 JavaThread "Unconstrained build operations Thread 43"        [_thread_blocked, id=438044, stack(0x0000004a60100000,0x0000004a60200000) (1024K)]
  0x000001b2969ddf40 JavaThread "Unconstrained build operations Thread 44"        [_thread_blocked, id=437412, stack(0x0000004a60200000,0x0000004a60300000) (1024K)]
  0x000001b2969df980 JavaThread "Unconstrained build operations Thread 45"        [_thread_blocked, id=430588, stack(0x0000004a60300000,0x0000004a60400000) (1024K)]
  0x000001b2969e0010 JavaThread "Unconstrained build operations Thread 46"        [_thread_blocked, id=435740, stack(0x0000004a60400000,0x0000004a60500000) (1024K)]
  0x000001b2969df2f0 JavaThread "Unconstrained build operations Thread 47"        [_thread_blocked, id=372924, stack(0x0000004a60500000,0x0000004a60600000) (1024K)]
  0x000001b2969e06a0 JavaThread "Unconstrained build operations Thread 48"        [_thread_blocked, id=430384, stack(0x0000004a60600000,0x0000004a60700000) (1024K)]
  0x000001b2969dd8b0 JavaThread "Unconstrained build operations Thread 49"        [_thread_blocked, id=433428, stack(0x0000004a60700000,0x0000004a60800000) (1024K)]
  0x000001b2969e3490 JavaThread "Unconstrained build operations Thread 50"        [_thread_blocked, id=441964, stack(0x0000004a60800000,0x0000004a60900000) (1024K)]
  0x000001b2969e4840 JavaThread "Unconstrained build operations Thread 51"        [_thread_blocked, id=437360, stack(0x0000004a60900000,0x0000004a60a00000) (1024K)]
  0x000001b2969e20e0 JavaThread "Unconstrained build operations Thread 52"        [_thread_blocked, id=437988, stack(0x0000004a60a00000,0x0000004a60b00000) (1024K)]
  0x000001b2969e13c0 JavaThread "Unconstrained build operations Thread 53"        [_thread_blocked, id=435180, stack(0x0000004a60b00000,0x0000004a60c00000) (1024K)]
  0x000001b2969e4ed0 JavaThread "Unconstrained build operations Thread 54"        [_thread_blocked, id=435596, stack(0x0000004a60c00000,0x0000004a60d00000) (1024K)]
  0x000001b2969e3b20 JavaThread "Unconstrained build operations Thread 55"        [_thread_blocked, id=437136, stack(0x0000004a60d00000,0x0000004a60e00000) (1024K)]
  0x000001b2969e2770 JavaThread "Unconstrained build operations Thread 56"        [_thread_blocked, id=414708, stack(0x0000004a60e00000,0x0000004a60f00000) (1024K)]
  0x000001b2969e1a50 JavaThread "Unconstrained build operations Thread 57"        [_thread_blocked, id=440416, stack(0x0000004a60f00000,0x0000004a61000000) (1024K)]
  0x000001b2969e2e00 JavaThread "Unconstrained build operations Thread 58"        [_thread_blocked, id=435276, stack(0x0000004a61000000,0x0000004a61100000) (1024K)]
  0x000001b2969e41b0 JavaThread "Unconstrained build operations Thread 59"        [_thread_blocked, id=442160, stack(0x0000004a61100000,0x0000004a61200000) (1024K)]
  0x000001b29601b310 JavaThread "Unconstrained build operations Thread 60"        [_thread_blocked, id=437072, stack(0x0000004a61200000,0x0000004a61300000) (1024K)]
  0x000001b29601a5f0 JavaThread "Unconstrained build operations Thread 61"        [_thread_blocked, id=438192, stack(0x0000004a61300000,0x0000004a61400000) (1024K)]
  0x000001b296018bb0 JavaThread "Unconstrained build operations Thread 62"        [_thread_blocked, id=440528, stack(0x0000004a61400000,0x0000004a61500000) (1024K)]
  0x000001b29601c030 JavaThread "Unconstrained build operations Thread 63"        [_thread_blocked, id=433540, stack(0x0000004a61500000,0x0000004a61600000) (1024K)]
  0x000001b29601b9a0 JavaThread "Unconstrained build operations Thread 64"        [_thread_blocked, id=435872, stack(0x0000004a61600000,0x0000004a61700000) (1024K)]
  0x000001b29601c6c0 JavaThread "Unconstrained build operations Thread 65"        [_thread_blocked, id=441080, stack(0x0000004a61700000,0x0000004a61800000) (1024K)]
  0x000001b296019240 JavaThread "Unconstrained build operations Thread 66"        [_thread_blocked, id=393896, stack(0x0000004a61800000,0x0000004a61900000) (1024K)]
  0x000001b29601f4b0 JavaThread "build event listener"              [_thread_blocked, id=441152, stack(0x0000004a5f700000,0x0000004a5f800000) (1024K)]
  0x000001b29601e790 JavaThread "Memory manager"                    [_thread_blocked, id=438952, stack(0x0000004a61900000,0x0000004a61a00000) (1024K)]
  0x000001b293da84a0 JavaThread "C2 CompilerThread1"         daemon [_thread_blocked, id=409280, stack(0x0000004a61a00000,0x0000004a61b00000) (1024K)]
  0x000001b2941e48c0 JavaThread "pool-3-thread-1"                   [_thread_blocked, id=432792, stack(0x0000004a61b00000,0x0000004a61c00000) (1024K)]
  0x000001b2941e1440 JavaThread "build event listener"              [_thread_blocked, id=345684, stack(0x0000004a61c00000,0x0000004a61d00000) (1024K)]
  0x000001b2930c26f0 JavaThread "included builds"                   [_thread_blocked, id=441320, stack(0x0000004a61d00000,0x0000004a61e00000) (1024K)]
  0x000001b2930c4130 JavaThread "Execution worker"                  [_thread_blocked, id=434636, stack(0x0000004a61e00000,0x0000004a61f00000) (1024K)]
  0x000001b2930c2d80 JavaThread "Execution worker Thread 2"         [_thread_blocked, id=393284, stack(0x0000004a61f00000,0x0000004a62000000) (1024K)]
  0x000001b2930c47c0 JavaThread "Execution worker Thread 3"         [_thread_blocked, id=440744, stack(0x0000004a62000000,0x0000004a62100000) (1024K)]
  0x000001b2930c4e50 JavaThread "Execution worker Thread 4"         [_thread_blocked, id=384816, stack(0x0000004a62100000,0x0000004a62200000) (1024K)]
  0x000001b2930c3aa0 JavaThread "Execution worker Thread 5"         [_thread_blocked, id=429252, stack(0x0000004a62200000,0x0000004a62300000) (1024K)]
  0x000001b2930c54e0 JavaThread "Execution worker Thread 6"         [_thread_blocked, id=434996, stack(0x0000004a62300000,0x0000004a62400000) (1024K)]
  0x000001b2930c2060 JavaThread "Execution worker Thread 7"         [_thread_blocked, id=440244, stack(0x0000004a62400000,0x0000004a62500000) (1024K)]
  0x000001b2930c5b70 JavaThread "Execution worker Thread 8"         [_thread_blocked, id=440680, stack(0x0000004a62500000,0x0000004a62600000) (1024K)]
  0x000001b2930c6200 JavaThread "Execution worker Thread 9"         [_thread_blocked, id=440876, stack(0x0000004a62600000,0x0000004a62700000) (1024K)]
  0x000001b2930c3410 JavaThread "Execution worker Thread 10"        [_thread_blocked, id=436604, stack(0x0000004a62700000,0x0000004a62800000) (1024K)]
  0x000001b2930c8960 JavaThread "Execution worker Thread 11"        [_thread_blocked, id=430300, stack(0x0000004a62800000,0x0000004a62900000) (1024K)]
  0x000001b2930c7c40 JavaThread "Cache worker for execution history cache (C:\Users\ISHA SEN\Desktop\Smart-Seva\.gradle\9.3.1\executionHistory)"        [_thread_blocked, id=332608, stack(0x0000004a62900000,0x0000004a62a00000) (1024K)]
  0x000001b2930c9680 JavaThread "Unconstrained build operations Thread 67"        [_thread_blocked, id=440388, stack(0x0000004a62a00000,0x0000004a62b00000) (1024K)]
  0x000001b2930c82d0 JavaThread "Unconstrained build operations Thread 68"        [_thread_blocked, id=440816, stack(0x0000004a62b00000,0x0000004a62c00000) (1024K)]
  0x000001b2930c8ff0 JavaThread "Unconstrained build operations Thread 69"        [_thread_blocked, id=441772, stack(0x0000004a62c00000,0x0000004a62d00000) (1024K)]
  0x000001b2930c6890 JavaThread "Unconstrained build operations Thread 70"        [_thread_blocked, id=435600, stack(0x0000004a62d00000,0x0000004a62e00000) (1024K)]
  0x000001b2930c6f20 JavaThread "Unconstrained build operations Thread 71"        [_thread_blocked, id=435300, stack(0x0000004a62e00000,0x0000004a62f00000) (1024K)]
  0x000001b2930c75b0 JavaThread "Unconstrained build operations Thread 72"        [_thread_blocked, id=441756, stack(0x0000004a62f00000,0x0000004a63000000) (1024K)]
  0x000001b297bcfe60 JavaThread "Unconstrained build operations Thread 73"        [_thread_blocked, id=431768, stack(0x0000004a63000000,0x0000004a63100000) (1024K)]
  0x000001b297bd18a0 JavaThread "Unconstrained build operations Thread 74"        [_thread_blocked, id=428000, stack(0x0000004a63100000,0x0000004a63200000) (1024K)]
  0x000001b297bd2c50 JavaThread "Unconstrained build operations Thread 75"        [_thread_blocked, id=440088, stack(0x0000004a63200000,0x0000004a63300000) (1024K)]
  0x000001b297bd1f30 JavaThread "Unconstrained build operations Thread 76"        [_thread_blocked, id=433572, stack(0x0000004a63300000,0x0000004a63400000) (1024K)]
  0x000001b297bd32e0 JavaThread "Unconstrained build operations Thread 77"        [_thread_blocked, id=434324, stack(0x0000004a63400000,0x0000004a63500000) (1024K)]
  0x000001b297bd3970 JavaThread "Unconstrained build operations Thread 78"        [_thread_blocked, id=442380, stack(0x0000004a63500000,0x0000004a63600000) (1024K)]
  0x000001b297bd04f0 JavaThread "Unconstrained build operations Thread 79"        [_thread_blocked, id=442384, stack(0x0000004a63600000,0x0000004a63700000) (1024K)]
  0x000001b297bd4000 JavaThread "Unconstrained build operations Thread 80"        [_thread_blocked, id=442388, stack(0x0000004a63700000,0x0000004a63800000) (1024K)]
  0x000001b297bd0b80 JavaThread "Unconstrained build operations Thread 81"        [_thread_blocked, id=442392, stack(0x0000004a63800000,0x0000004a63900000) (1024K)]
  0x000001b297bd4690 JavaThread "Unconstrained build operations Thread 82"        [_thread_blocked, id=442396, stack(0x0000004a63900000,0x0000004a63a00000) (1024K)]
  0x000001b297bd1210 JavaThread "Unconstrained build operations Thread 83"        [_thread_blocked, id=442400, stack(0x0000004a63a00000,0x0000004a63b00000) (1024K)]
  0x000001b297bd4d20 JavaThread "Unconstrained build operations Thread 84"        [_thread_blocked, id=442404, stack(0x0000004a63b00000,0x0000004a63c00000) (1024K)]
  0x000001b297bd81a0 JavaThread "Unconstrained build operations Thread 85"        [_thread_blocked, id=442408, stack(0x0000004a63c00000,0x0000004a63d00000) (1024K)]
  0x000001b297bd6760 JavaThread "Unconstrained build operations Thread 86"        [_thread_blocked, id=442412, stack(0x0000004a63d00000,0x0000004a63e00000) (1024K)]
  0x000001b297bd8830 JavaThread "Unconstrained build operations Thread 87"        [_thread_blocked, id=442416, stack(0x0000004a63e00000,0x0000004a63f00000) (1024K)]
  0x000001b297bd8ec0 JavaThread "Unconstrained build operations Thread 88"        [_thread_blocked, id=442420, stack(0x0000004a63f00000,0x0000004a64000000) (1024K)]
  0x000001b298706a30 JavaThread "Unconstrained build operations Thread 89"        [_thread_blocked, id=442428, stack(0x0000004a64000000,0x0000004a64100000) (1024K)]
  0x000001b298705680 JavaThread "Unconstrained build operations Thread 90"        [_thread_blocked, id=442432, stack(0x0000004a64100000,0x0000004a64200000) (1024K)]
  0x000001b298705d10 JavaThread "Unconstrained build operations Thread 91"        [_thread_blocked, id=442436, stack(0x0000004a64200000,0x0000004a64300000) (1024K)]
  0x000001b2960201d0 JavaThread "Unconstrained build operations Thread 92"        [_thread_blocked, id=442440, stack(0x0000004a64300000,0x0000004a64400000) (1024K)]
  0x000001b29601da70 JavaThread "Unconstrained build operations Thread 93"        [_thread_blocked, id=442444, stack(0x0000004a64400000,0x0000004a64500000) (1024K)]
  0x000001b29601ee20 JavaThread "Unconstrained build operations Thread 94"        [_thread_blocked, id=442448, stack(0x0000004a64500000,0x0000004a64600000) (1024K)]
  0x000001b29601fb40 JavaThread "Unconstrained build operations Thread 95"        [_thread_blocked, id=442452, stack(0x0000004a64600000,0x0000004a64700000) (1024K)]
  0x000001b296248970 JavaThread "Unconstrained build operations Thread 96"        [_thread_blocked, id=442456, stack(0x0000004a64700000,0x0000004a64800000) (1024K)]
  0x000001b29fa9b060 JavaThread "Unconstrained build operations Thread 97"        [_thread_blocked, id=442460, stack(0x0000004a64800000,0x0000004a64900000) (1024K)]
  0x000001b29fa9de50 JavaThread "Unconstrained build operations Thread 98"        [_thread_blocked, id=442464, stack(0x0000004a64900000,0x0000004a64a00000) (1024K)]
  0x000001b29fa9c410 JavaThread "Unconstrained build operations Thread 99"        [_thread_blocked, id=442468, stack(0x0000004a64a00000,0x0000004a64b00000) (1024K)]
  0x000001b29fa9bd80 JavaThread "Unconstrained build operations Thread 100"        [_thread_blocked, id=442472, stack(0x0000004a64b00000,0x0000004a64c00000) (1024K)]
  0x000001b29fa9b6f0 JavaThread "Unconstrained build operations Thread 101"        [_thread_blocked, id=442476, stack(0x0000004a64c00000,0x0000004a64d00000) (1024K)]
  0x000001b29fa9e4e0 JavaThread "Unconstrained build operations Thread 102"        [_thread_blocked, id=442480, stack(0x0000004a64d00000,0x0000004a64e00000) (1024K)]
  0x000001b29fa9caa0 JavaThread "Unconstrained build operations Thread 103"        [_thread_blocked, id=442484, stack(0x0000004a64e00000,0x0000004a64f00000) (1024K)]
  0x000001b29fa9f890 JavaThread "Unconstrained build operations Thread 104"        [_thread_blocked, id=442488, stack(0x0000004a64f00000,0x0000004a65000000) (1024K)]
  0x000001b29fa9d130 JavaThread "Unconstrained build operations Thread 105"        [_thread_blocked, id=442492, stack(0x0000004a65000000,0x0000004a65100000) (1024K)]
  0x000001b29fa9ff20 JavaThread "Unconstrained build operations Thread 106"        [_thread_blocked, id=442496, stack(0x0000004a65100000,0x0000004a65200000) (1024K)]
  0x000001b29fa9d7c0 JavaThread "Unconstrained build operations Thread 107"        [_thread_blocked, id=442500, stack(0x0000004a65200000,0x0000004a65300000) (1024K)]
  0x000001b29faa1960 JavaThread "Unconstrained build operations Thread 108"        [_thread_blocked, id=442504, stack(0x0000004a65300000,0x0000004a65400000) (1024K)]
  0x000001b29faa05b0 JavaThread "Unconstrained build operations Thread 109"        [_thread_blocked, id=442508, stack(0x0000004a65400000,0x0000004a65500000) (1024K)]
  0x000001b29faa0c40 JavaThread "Unconstrained build operations Thread 110"        [_thread_blocked, id=442512, stack(0x0000004a65500000,0x0000004a65600000) (1024K)]
  0x000001b29faa1ff0 JavaThread "Unconstrained build operations Thread 111"        [_thread_blocked, id=442516, stack(0x0000004a65600000,0x0000004a65700000) (1024K)]
  0x000001b29faa12d0 JavaThread "Unconstrained build operations Thread 112"        [_thread_blocked, id=442524, stack(0x0000004a65700000,0x0000004a65800000) (1024K)]
  0x000001b29fa9eb70 JavaThread "Unconstrained build operations Thread 113"        [_thread_blocked, id=442528, stack(0x0000004a65800000,0x0000004a65900000) (1024K)]
  0x000001b29faa2680 JavaThread "Unconstrained build operations Thread 114"        [_thread_blocked, id=442532, stack(0x0000004a65900000,0x0000004a65a00000) (1024K)]
  0x000001b29fa9f200 JavaThread "Unconstrained build operations Thread 115"        [_thread_blocked, id=442536, stack(0x0000004a65a00000,0x0000004a65b00000) (1024K)]
  0x000001b29faa2d10 JavaThread "Unconstrained build operations Thread 116"        [_thread_blocked, id=442540, stack(0x0000004a65b00000,0x0000004a65c00000) (1024K)]
  0x000001b29faa4de0 JavaThread "Unconstrained build operations Thread 117"        [_thread_blocked, id=442544, stack(0x0000004a65c00000,0x0000004a65d00000) (1024K)]
  0x000001b29faa33a0 JavaThread "Unconstrained build operations Thread 118"        [_thread_blocked, id=442548, stack(0x0000004a65d00000,0x0000004a65e00000) (1024K)]
  0x000001b29faa6820 JavaThread "Unconstrained build operations Thread 119"        [_thread_blocked, id=442552, stack(0x0000004a65e00000,0x0000004a65f00000) (1024K)]
  0x000001b29faa5b00 JavaThread "Unconstrained build operations Thread 120"        [_thread_blocked, id=442556, stack(0x0000004a65f00000,0x0000004a66000000) (1024K)]
  0x000001b297bd53b0 JavaThread "Cache worker for Java compile cache (C:\Users\ISHA SEN\.gradle\caches\9.3.1\javaCompile)"        [_thread_blocked, id=442628, stack(0x0000004a66000000,0x0000004a66100000) (1024K)]
  0x000001b297bd9550 JavaThread "Build operations"                  [_thread_blocked, id=442632, stack(0x0000004a66100000,0x0000004a66200000) (1024K)]
  0x000001b297bd60d0 JavaThread "Build operations Thread 2"         [_thread_blocked, id=442636, stack(0x0000004a66200000,0x0000004a66300000) (1024K)]
  0x000001b297bdb620 JavaThread "Build operations Thread 3"         [_thread_blocked, id=442640, stack(0x0000004a66300000,0x0000004a66400000) (1024K)]
  0x000001b297bdaf90 JavaThread "Build operations Thread 4"         [_thread_blocked, id=442644, stack(0x0000004a66400000,0x0000004a66500000) (1024K)]
  0x000001b297bdc340 JavaThread "Build operations Thread 5"         [_thread_blocked, id=442648, stack(0x0000004a66500000,0x0000004a66600000) (1024K)]
  0x000001b297bdd060 JavaThread "Build operations Thread 6"         [_thread_blocked, id=442652, stack(0x0000004a66600000,0x0000004a66700000) (1024K)]
  0x000001b297bd9be0 JavaThread "Build operations Thread 7"         [_thread_blocked, id=442656, stack(0x0000004a66700000,0x0000004a66800000) (1024K)]
  0x000001b297bda900 JavaThread "Build operations Thread 8"         [_thread_blocked, id=442660, stack(0x0000004a66800000,0x0000004a66900000) (1024K)]
  0x000001b297bdeaa0 JavaThread "Build operations Thread 9"         [_thread_blocked, id=442664, stack(0x0000004a66900000,0x0000004a66a00000) (1024K)]
  0x000001b29faa5470 JavaThread "Build operations Thread 10"        [_thread_blocked, id=442668, stack(0x0000004a66a00000,0x0000004a66b00000) (1024K)]
  0x000001b29faa40c0 JavaThread "Build operations Thread 11"        [_thread_blocked, id=442672, stack(0x0000004a66b00000,0x0000004a66c00000) (1024K)]
  0x000001b297bdd6f0 JavaThread "Problems report writer"            [_thread_blocked, id=442812, stack(0x0000004a66c00000,0x0000004a66d00000) (1024K)]
  0x000001b29faa6190 JavaThread "WorkerExecutor Queue"              [_thread_blocked, id=442832, stack(0x0000004a66d00000,0x0000004a66e00000) (1024K)]
  0x000001b2a0143b90 JavaThread "WorkerExecutor Queue Thread 3"        [_thread_blocked, id=442876, stack(0x0000004a66f00000,0x0000004a67000000) (1024K)]
  0x000001b2a01223e0 JavaThread "WorkerExecutor Queue Thread 4"        [_thread_blocked, id=442880, stack(0x0000004a67000000,0x0000004a67100000) (1024K)]
  0x000001b2a0122a70 JavaThread "WorkerExecutor Queue Thread 5"        [_thread_blocked, id=442884, stack(0x0000004a67100000,0x0000004a67200000) (1024K)]
  0x000001b2a0123100 JavaThread "WorkerExecutor Queue Thread 6"        [_thread_blocked, id=442888, stack(0x0000004a67200000,0x0000004a67300000) (1024K)]
  0x000001b2a0121d50 JavaThread "WorkerExecutor Queue Thread 7"        [_thread_blocked, id=442892, stack(0x0000004a67300000,0x0000004a67400000) (1024K)]
  0x000001b2a31b7de0 JavaThread "WorkerExecutor Queue Thread 8"        [_thread_blocked, id=442896, stack(0x0000004a67400000,0x0000004a67500000) (1024K)]
  0x000001b29faa3a30 JavaThread "WorkerExecutor Queue Thread 9"        [_thread_blocked, id=442900, stack(0x0000004a67500000,0x0000004a67600000) (1024K)]
  0x000001b29faa4750 JavaThread "WorkerExecutor Queue Thread 11"        [_thread_blocked, id=442908, stack(0x0000004a67700000,0x0000004a67800000) (1024K)]
  0x000001b29faa7bd0 JavaThread "WorkerExecutor Queue Thread 12"        [_thread_blocked, id=442912, stack(0x0000004a67800000,0x0000004a67900000) (1024K)]
  0x000001b29faa8f80 JavaThread "WorkerExecutor Queue Thread 13"        [_thread_blocked, id=442916, stack(0x0000004a67900000,0x0000004a67a00000) (1024K)]
  0x000001b299f07480 JavaThread "WorkerExecutor Queue Thread 14"        [_thread_blocked, id=443296, stack(0x0000004a59800000,0x0000004a59900000) (1024K)]
  0x000001b297bd7480 JavaThread "ForkJoinPool-1-worker-1"    daemon [_thread_blocked, id=443332, stack(0x0000004a67600000,0x0000004a67700000) (1024K)]
  0x000001b297bda270 JavaThread "ForkJoinPool-1-worker-2"    daemon [_thread_blocked, id=443336, stack(0x0000004a67a00000,0x0000004a67b00000) (1024K)]
  0x000001b2a33430f0 JavaThread "ForkJoinPool-1-worker-3"    daemon [_thread_blocked, id=443340, stack(0x0000004a67b00000,0x0000004a67c00000) (1024K)]
  0x000001b297bdc9d0 JavaThread "ForkJoinPool-1-worker-4"    daemon [_thread_blocked, id=443344, stack(0x0000004a67c00000,0x0000004a67d00000) (1024K)]
  0x000001b2a400a4b0 JavaThread "ForkJoinPool-1-worker-5"    daemon [_thread_blocked, id=443348, stack(0x0000004a67d00000,0x0000004a67e00000) (1024K)]
  0x000001b296b70110 JavaThread "ForkJoinPool-1-worker-6"    daemon [_thread_blocked, id=443352, stack(0x0000004a67e00000,0x0000004a67f00000) (1024K)]
  0x000001b2a22c4c80 JavaThread "ForkJoinPool-1-worker-7"    daemon [_thread_blocked, id=443356, stack(0x0000004a67f00000,0x0000004a68000000) (1024K)]
  0x000001b2a3d35930 JavaThread "ForkJoinPool-1-worker-8"    daemon [_thread_blocked, id=443360, stack(0x0000004a68000000,0x0000004a68100000) (1024K)]
  0x000001b2a22c38d0 JavaThread "ForkJoinPool-1-worker-9"    daemon [_thread_blocked, id=443364, stack(0x0000004a68100000,0x0000004a68200000) (1024K)]
  0x000001b297bddd80 JavaThread "ForkJoinPool-1-worker-10"   daemon [_thread_blocked, id=443368, stack(0x0000004a68200000,0x0000004a68300000) (1024K)]
  0x000001b2a4009e20 JavaThread "ForkJoinPool-1-worker-11"   daemon [_thread_blocked, id=443372, stack(0x0000004a68300000,0x0000004a68400000) (1024K)]
  0x000001b2a25bb190 JavaThread "ForkJoinPool-1-worker-12"   daemon [_thread_blocked, id=443376, stack(0x0000004a68400000,0x0000004a68500000) (1024K)]
Total: 215

Other Threads:
=>0x000001b2face9fd0 VMThread "VM Thread"                           [id=437608, stack(0x0000004a5a200000,0x0000004a5a300000) (1024K)]
  0x000001b2facd09d0 WatcherThread "VM Periodic Task Thread"        [id=437660, stack(0x0000004a5a100000,0x0000004a5a200000) (1024K)]
  0x000001b2f2146050 WorkerThread "GC Thread#0"                     [id=436356, stack(0x0000004a59c00000,0x0000004a59d00000) (1024K)]
  0x000001b2933fed70 WorkerThread "GC Thread#1"                     [id=399460, stack(0x0000004a5ae00000,0x0000004a5af00000) (1024K)]
  0x000001b2933ff120 WorkerThread "GC Thread#2"                     [id=438180, stack(0x0000004a5af00000,0x0000004a5b000000) (1024K)]
  0x000001b29356c9c0 WorkerThread "GC Thread#3"                     [id=440160, stack(0x0000004a5b000000,0x0000004a5b100000) (1024K)]
  0x000001b29356cd70 WorkerThread "GC Thread#4"                     [id=440476, stack(0x0000004a5b100000,0x0000004a5b200000) (1024K)]
  0x000001b295604000 WorkerThread "GC Thread#5"                     [id=427044, stack(0x0000004a5b400000,0x0000004a5b500000) (1024K)]
  0x000001b29574d740 WorkerThread "GC Thread#6"                     [id=432412, stack(0x0000004a5b500000,0x0000004a5b600000) (1024K)]
  0x000001b295853550 WorkerThread "GC Thread#7"                     [id=428168, stack(0x0000004a5b600000,0x0000004a5b700000) (1024K)]
  0x000001b2957967a0 WorkerThread "GC Thread#8"                     [id=431312, stack(0x0000004a5b700000,0x0000004a5b800000) (1024K)]
  0x000001b294f10990 WorkerThread "GC Thread#9"                     [id=434384, stack(0x0000004a5b800000,0x0000004a5b900000) (1024K)]
  0x000001b2f2156f50 ConcurrentGCThread "G1 Main Marker"            [id=435516, stack(0x0000004a59d00000,0x0000004a59e00000) (1024K)]
  0x000001b2f21597c0 WorkerThread "G1 Conc#0"                       [id=391432, stack(0x0000004a59e00000,0x0000004a59f00000) (1024K)]
  0x000001b294f105e0 WorkerThread "G1 Conc#1"                       [id=430772, stack(0x0000004a5bf00000,0x0000004a5c000000) (1024K)]
  0x000001b294f114a0 WorkerThread "G1 Conc#2"                       [id=421264, stack(0x0000004a5c000000,0x0000004a5c100000) (1024K)]
  0x000001b2fab32b50 ConcurrentGCThread "G1 Refine#0"               [id=435360, stack(0x0000004a59f00000,0x0000004a5a000000) (1024K)]
  0x000001b2fab34390 ConcurrentGCThread "G1 Service"                [id=438660, stack(0x0000004a5a000000,0x0000004a5a100000) (1024K)]
Total: 18

Threads with active compile tasks:
C2 CompilerThread0  37347 27394       4       com.android.tools.r8.dex.j::a (1855 bytes)
C2 CompilerThread1  37347 27419       4       java.util.concurrent.ForkJoinPool::scan (301 bytes)
Total: 2

VM state: at safepoint (normal execution)

VM Mutex/Monitor currently owned by a thread:  ([mutex/lock_event])
[0x00007ff9c87686d0] Threads_lock - owner thread: 0x000001b2face9fd0
[0x00007ff9c87687d0] Heap_lock - owner thread: 0x000001b29faa8f80

Heap address: 0x0000000080000000, size: 2048 MB, Compressed Oops mode: 32-bit

CDS archive(s) not mapped
Compressed class space mapped at: 0x0000000100000000-0x0000000140000000, reserved size: 1073741824
Narrow klass base: 0x0000000000000000, Narrow klass shift: 3, Narrow klass range: 0x140000000

GC Precious Log:
 CardTable entry size: 512
 Card Set container configuration: InlinePtr #cards 5 size 8 Array Of Cards #cards 12 size 40 Howl #buckets 4 coarsen threshold 1843 Howl Bitmap #cards 512 size 80 coarsen threshold 460 Card regions per heap region 1 cards per card region 2048
 CPUs: 12 total, 12 available
 Memory: 15710M
 Large Page Support: Disabled
 NUMA Support: Disabled
 Compressed Oops: Enabled (32-bit)
 Heap Region Size: 1M
 Heap Min Capacity: 8M
 Heap Initial Capacity: 246M
 Heap Max Capacity: 2G
 Pre-touch: Disabled
 Parallel Workers: 10
 Concurrent Workers: 3
 Concurrent Refinement Workers: 10
 Periodic GC: Disabled

Heap:
 garbage-first heap   total 744448K, used 494398K [0x0000000080000000, 0x0000000100000000)
  region size 1024K, 18 young (18432K), 18 survivors (18432K)
 Metaspace       used 161846K, committed 164288K, reserved 1245184K
  class space    used 22844K, committed 24064K, reserved 1048576K

Heap Regions: E=young(eden), S=young(survivor), O=old, HS=humongous(starts), HC=humongous(continues), CS=collection set, F=free, TAMS=top-at-mark-start, PB=parsable bottom
|   0|0x0000000080000000, 0x0000000080100000, 0x0000000080100000|100%|HS|  |TAMS 0x0000000080000000| PB 0x0000000080000000| Complete 
|   1|0x0000000080100000, 0x0000000080200000, 0x0000000080200000|100%|HC|  |TAMS 0x0000000080100000| PB 0x0000000080100000| Complete 
|   2|0x0000000080200000, 0x0000000080300000, 0x0000000080300000|100%|HC|  |TAMS 0x0000000080200000| PB 0x0000000080200000| Complete 
|   3|0x0000000080300000, 0x0000000080400000, 0x0000000080400000|100%|HC|  |TAMS 0x0000000080300000| PB 0x0000000080300000| Complete 
|   4|0x0000000080400000, 0x0000000080500000, 0x0000000080500000|100%| O|  |TAMS 0x0000000080400000| PB 0x0000000080400000| Untracked 
|   5|0x0000000080500000, 0x0000000080600000, 0x0000000080600000|100%| O|  |TAMS 0x0000000080500000| PB 0x0000000080500000| Untracked 
|   6|0x0000000080600000, 0x0000000080700000, 0x0000000080700000|100%|HS|  |TAMS 0x0000000080600000| PB 0x0000000080600000| Complete 
|   7|0x0000000080700000, 0x0000000080800000, 0x0000000080800000|100%| O|  |TAMS 0x0000000080700000| PB 0x0000000080700000| Untracked 
|   8|0x0000000080800000, 0x0000000080900000, 0x0000000080900000|100%| O|  |TAMS 0x0000000080800000| PB 0x0000000080800000| Untracked 
|   9|0x0000000080900000, 0x0000000080a00000, 0x0000000080a00000|100%| O|  |TAMS 0x0000000080900000| PB 0x0000000080900000| Untracked 
|  10|0x0000000080a00000, 0x0000000080b00000, 0x0000000080b00000|100%| O|  |TAMS 0x0000000080a00000| PB 0x0000000080a00000| Untracked 
|  11|0x0000000080b00000, 0x0000000080be4e38, 0x0000000080c00000| 89%| O|  |TAMS 0x0000000080b00000| PB 0x0000000080b00000| Untracked 
|  12|0x0000000080c00000, 0x0000000080d00000, 0x0000000080d00000|100%| O|  |TAMS 0x0000000080c00000| PB 0x0000000080c00000| Untracked 
|  13|0x0000000080d00000, 0x0000000080e00000, 0x0000000080e00000|100%| O|  |TAMS 0x0000000080d00000| PB 0x0000000080d00000| Untracked 
|  14|0x0000000080e00000, 0x0000000080f00000, 0x0000000080f00000|100%| O|  |TAMS 0x0000000080e00000| PB 0x0000000080e00000| Untracked 
|  15|0x0000000080f00000, 0x0000000081000000, 0x0000000081000000|100%| O|  |TAMS 0x0000000080f00000| PB 0x0000000080f00000| Untracked 
|  16|0x0000000081000000, 0x0000000081100000, 0x0000000081100000|100%| O|  |TAMS 0x0000000081000000| PB 0x0000000081000000| Untracked 
|  17|0x0000000081100000, 0x0000000081200000, 0x0000000081200000|100%| O|  |TAMS 0x0000000081100000| PB 0x0000000081100000| Untracked 
|  18|0x0000000081200000, 0x0000000081300000, 0x0000000081300000|100%| O|  |TAMS 0x0000000081200000| PB 0x0000000081200000| Untracked 
|  19|0x0000000081300000, 0x0000000081400000, 0x0000000081400000|100%| O|  |TAMS 0x0000000081300000| PB 0x0000000081300000| Untracked 
|  20|0x0000000081400000, 0x0000000081500000, 0x0000000081500000|100%| O|  |TAMS 0x0000000081400000| PB 0x0000000081400000| Untracked 
|  21|0x0000000081500000, 0x0000000081600000, 0x0000000081600000|100%| O|  |TAMS 0x0000000081500000| PB 0x0000000081500000| Untracked 
|  22|0x0000000081600000, 0x0000000081700000, 0x0000000081700000|100%| O|  |TAMS 0x0000000081600000| PB 0x0000000081600000| Untracked 
|  23|0x0000000081700000, 0x0000000081800000, 0x0000000081800000|100%| O|  |TAMS 0x0000000081700000| PB 0x0000000081700000| Untracked 
|  24|0x0000000081800000, 0x0000000081900000, 0x0000000081900000|100%| O|  |TAMS 0x0000000081800000| PB 0x0000000081800000| Untracked 
|  25|0x0000000081900000, 0x0000000081a00000, 0x0000000081a00000|100%| O|  |TAMS 0x0000000081900000| PB 0x0000000081900000| Untracked 
|  26|0x0000000081a00000, 0x0000000081b00000, 0x0000000081b00000|100%| O|  |TAMS 0x0000000081a00000| PB 0x0000000081a00000| Untracked 
|  27|0x0000000081b00000, 0x0000000081c00000, 0x0000000081c00000|100%| O|  |TAMS 0x0000000081b00000| PB 0x0000000081b00000| Untracked 
|  28|0x0000000081c00000, 0x0000000081d00000, 0x0000000081d00000|100%| O|  |TAMS 0x0000000081c00000| PB 0x0000000081c00000| Untracked 
|  29|0x0000000081d00000, 0x0000000081e00000, 0x0000000081e00000|100%| O|  |TAMS 0x0000000081d00000| PB 0x0000000081d00000| Untracked 
|  30|0x0000000081e00000, 0x0000000081f00000, 0x0000000081f00000|100%| O|  |TAMS 0x0000000081e00000| PB 0x0000000081e00000| Untracked 
|  31|0x0000000081f00000, 0x0000000082000000, 0x0000000082000000|100%| O|  |TAMS 0x0000000081f00000| PB 0x0000000081f00000| Untracked 
|  32|0x0000000082000000, 0x0000000082100000, 0x0000000082100000|100%| O|  |TAMS 0x0000000082000000| PB 0x0000000082000000| Untracked 
|  33|0x0000000082100000, 0x0000000082200000, 0x0000000082200000|100%|HS|  |TAMS 0x0000000082100000| PB 0x0000000082100000| Complete 
|  34|0x0000000082200000, 0x0000000082300000, 0x0000000082300000|100%|HC|  |TAMS 0x0000000082200000| PB 0x0000000082200000| Complete 
|  35|0x0000000082300000, 0x0000000082400000, 0x0000000082400000|100%| O|  |TAMS 0x0000000082300000| PB 0x0000000082300000| Untracked 
|  36|0x0000000082400000, 0x0000000082500000, 0x0000000082500000|100%| O|  |TAMS 0x0000000082400000| PB 0x0000000082400000| Untracked 
|  37|0x0000000082500000, 0x0000000082600000, 0x0000000082600000|100%| O|  |TAMS 0x0000000082500000| PB 0x0000000082500000| Untracked 
|  38|0x0000000082600000, 0x0000000082700000, 0x0000000082700000|100%| O|  |TAMS 0x0000000082600000| PB 0x0000000082600000| Untracked 
|  39|0x0000000082700000, 0x0000000082800000, 0x0000000082800000|100%| O|  |TAMS 0x0000000082700000| PB 0x0000000082700000| Untracked 
|  40|0x0000000082800000, 0x0000000082900000, 0x0000000082900000|100%| O|  |TAMS 0x0000000082800000| PB 0x0000000082800000| Untracked 
|  41|0x0000000082900000, 0x0000000082a00000, 0x0000000082a00000|100%| O|  |TAMS 0x0000000082900000| PB 0x0000000082900000| Untracked 
|  42|0x0000000082a00000, 0x0000000082b00000, 0x0000000082b00000|100%| O|  |TAMS 0x0000000082a00000| PB 0x0000000082a00000| Untracked 
|  43|0x0000000082b00000, 0x0000000082c00000, 0x0000000082c00000|100%| O|  |TAMS 0x0000000082b00000| PB 0x0000000082b00000| Untracked 
|  44|0x0000000082c00000, 0x0000000082d00000, 0x0000000082d00000|100%| O|  |TAMS 0x0000000082c00000| PB 0x0000000082c00000| Untracked 
|  45|0x0000000082d00000, 0x0000000082e00000, 0x0000000082e00000|100%| O|  |TAMS 0x0000000082d00000| PB 0x0000000082d00000| Untracked 
|  46|0x0000000082e00000, 0x0000000082f00000, 0x0000000082f00000|100%| O|  |TAMS 0x0000000082e00000| PB 0x0000000082e00000| Untracked 
|  47|0x0000000082f00000, 0x0000000083000000, 0x0000000083000000|100%| O|  |TAMS 0x0000000082f00000| PB 0x0000000082f00000| Untracked 
|  48|0x0000000083000000, 0x0000000083100000, 0x0000000083100000|100%| O|  |TAMS 0x0000000083000000| PB 0x0000000083000000| Untracked 
|  49|0x0000000083100000, 0x0000000083200000, 0x0000000083200000|100%|HS|  |TAMS 0x0000000083100000| PB 0x0000000083100000| Complete 
|  50|0x0000000083200000, 0x0000000083300000, 0x0000000083300000|100%| O|  |TAMS 0x0000000083200000| PB 0x0000000083200000| Untracked 
|  51|0x0000000083300000, 0x0000000083400000, 0x0000000083400000|100%| O|  |TAMS 0x0000000083300000| PB 0x0000000083300000| Untracked 
|  52|0x0000000083400000, 0x0000000083500000, 0x0000000083500000|100%| O|  |TAMS 0x0000000083400000| PB 0x0000000083400000| Untracked 
|  53|0x0000000083500000, 0x0000000083600000, 0x0000000083600000|100%| O|  |TAMS 0x0000000083500000| PB 0x0000000083500000| Untracked 
|  54|0x0000000083600000, 0x0000000083700000, 0x0000000083700000|100%| O|  |TAMS 0x0000000083600000| PB 0x0000000083600000| Untracked 
|  55|0x0000000083700000, 0x0000000083800000, 0x0000000083800000|100%|HS|  |TAMS 0x0000000083700000| PB 0x0000000083700000| Complete 
|  56|0x0000000083800000, 0x0000000083900000, 0x0000000083900000|100%| O|  |TAMS 0x0000000083800000| PB 0x0000000083800000| Untracked 
|  57|0x0000000083900000, 0x0000000083a00000, 0x0000000083a00000|100%| O|  |TAMS 0x0000000083900000| PB 0x0000000083900000| Untracked 
|  58|0x0000000083a00000, 0x0000000083b00000, 0x0000000083b00000|100%| O|  |TAMS 0x0000000083a00000| PB 0x0000000083a00000| Untracked 
|  59|0x0000000083b00000, 0x0000000083c00000, 0x0000000083c00000|100%| O|  |TAMS 0x0000000083b00000| PB 0x0000000083b00000| Untracked 
|  60|0x0000000083c00000, 0x0000000083d00000, 0x0000000083d00000|100%| O|  |TAMS 0x0000000083c00000| PB 0x0000000083c00000| Untracked 
|  61|0x0000000083d00000, 0x0000000083e00000, 0x0000000083e00000|100%|HS|  |TAMS 0x0000000083d00000| PB 0x0000000083d00000| Complete 
|  62|0x0000000083e00000, 0x0000000083f00000, 0x0000000083f00000|100%|HC|  |TAMS 0x0000000083e00000| PB 0x0000000083e00000| Complete 
|  63|0x0000000083f00000, 0x0000000084000000, 0x0000000084000000|100%|HS|  |TAMS 0x0000000083f00000| PB 0x0000000083f00000| Complete 
|  64|0x0000000084000000, 0x0000000084100000, 0x0000000084100000|100%| O|  |TAMS 0x0000000084000000| PB 0x0000000084000000| Untracked 
|  65|0x0000000084100000, 0x0000000084200000, 0x0000000084200000|100%| O|  |TAMS 0x0000000084100000| PB 0x0000000084100000| Untracked 
|  66|0x0000000084200000, 0x0000000084300000, 0x0000000084300000|100%| O|  |TAMS 0x0000000084200000| PB 0x0000000084200000| Untracked 
|  67|0x0000000084300000, 0x0000000084400000, 0x0000000084400000|100%| O|  |TAMS 0x0000000084300000| PB 0x0000000084300000| Untracked 
|  68|0x0000000084400000, 0x0000000084500000, 0x0000000084500000|100%| O|  |TAMS 0x0000000084400000| PB 0x0000000084400000| Untracked 
|  69|0x0000000084500000, 0x0000000084600000, 0x0000000084600000|100%|HS|  |TAMS 0x0000000084500000| PB 0x0000000084500000| Complete 
|  70|0x0000000084600000, 0x0000000084700000, 0x0000000084700000|100%| O|  |TAMS 0x0000000084600000| PB 0x0000000084600000| Untracked 
|  71|0x0000000084700000, 0x0000000084800000, 0x0000000084800000|100%|HS|  |TAMS 0x0000000084700000| PB 0x0000000084700000| Complete 
|  72|0x0000000084800000, 0x0000000084900000, 0x0000000084900000|100%|HS|  |TAMS 0x0000000084800000| PB 0x0000000084800000| Complete 
|  73|0x0000000084900000, 0x0000000084a00000, 0x0000000084a00000|100%| O|  |TAMS 0x0000000084900000| PB 0x0000000084900000| Untracked 
|  74|0x0000000084a00000, 0x0000000084b00000, 0x0000000084b00000|100%|HS|  |TAMS 0x0000000084a00000| PB 0x0000000084a00000| Complete 
|  75|0x0000000084b00000, 0x0000000084c00000, 0x0000000084c00000|100%|HC|  |TAMS 0x0000000084b00000| PB 0x0000000084b00000| Complete 
|  76|0x0000000084c00000, 0x0000000084d00000, 0x0000000084d00000|100%| O|  |TAMS 0x0000000084c00000| PB 0x0000000084c00000| Untracked 
|  77|0x0000000084d00000, 0x0000000084e00000, 0x0000000084e00000|100%| O|  |TAMS 0x0000000084d00000| PB 0x0000000084d00000| Untracked 
|  78|0x0000000084e00000, 0x0000000084f00000, 0x0000000084f00000|100%|HS|  |TAMS 0x0000000084e00000| PB 0x0000000084e00000| Complete 
|  79|0x0000000084f00000, 0x0000000085000000, 0x0000000085000000|100%| O|  |TAMS 0x0000000084f00000| PB 0x0000000084f00000| Untracked 
|  80|0x0000000085000000, 0x0000000085100000, 0x0000000085100000|100%| O|  |TAMS 0x0000000085000000| PB 0x0000000085000000| Untracked 
|  81|0x0000000085100000, 0x0000000085200000, 0x0000000085200000|100%| O|  |TAMS 0x0000000085100000| PB 0x0000000085100000| Untracked 
|  82|0x0000000085200000, 0x0000000085300000, 0x0000000085300000|100%| O|  |TAMS 0x0000000085200000| PB 0x0000000085200000| Untracked 
|  83|0x0000000085300000, 0x0000000085400000, 0x0000000085400000|100%| O|  |TAMS 0x0000000085300000| PB 0x0000000085300000| Untracked 
|  84|0x0000000085400000, 0x0000000085500000, 0x0000000085500000|100%| O|  |TAMS 0x0000000085400000| PB 0x0000000085400000| Untracked 
|  85|0x0000000085500000, 0x0000000085600000, 0x0000000085600000|100%| O|  |TAMS 0x0000000085500000| PB 0x0000000085500000| Untracked 
|  86|0x0000000085600000, 0x0000000085700000, 0x0000000085700000|100%| O|  |TAMS 0x0000000085600000| PB 0x0000000085600000| Untracked 
|  87|0x0000000085700000, 0x0000000085800000, 0x0000000085800000|100%| O|  |TAMS 0x0000000085700000| PB 0x0000000085700000| Untracked 
|  88|0x0000000085800000, 0x0000000085900000, 0x0000000085900000|100%| O|  |TAMS 0x0000000085800000| PB 0x0000000085800000| Untracked 
|  89|0x0000000085900000, 0x0000000085a00000, 0x0000000085a00000|100%| O|  |TAMS 0x0000000085900000| PB 0x0000000085900000| Untracked 
|  90|0x0000000085a00000, 0x0000000085b00000, 0x0000000085b00000|100%| O|  |TAMS 0x0000000085a00000| PB 0x0000000085a00000| Untracked 
|  91|0x0000000085b00000, 0x0000000085c00000, 0x0000000085c00000|100%| O|  |TAMS 0x0000000085b00000| PB 0x0000000085b00000| Untracked 
|  92|0x0000000085c00000, 0x0000000085d00000, 0x0000000085d00000|100%| O|  |TAMS 0x0000000085c00000| PB 0x0000000085c00000| Untracked 
|  93|0x0000000085d00000, 0x0000000085e00000, 0x0000000085e00000|100%| O|  |TAMS 0x0000000085d00000| PB 0x0000000085d00000| Untracked 
|  94|0x0000000085e00000, 0x0000000085f00000, 0x0000000085f00000|100%| O|  |TAMS 0x0000000085e00000| PB 0x0000000085e00000| Untracked 
|  95|0x0000000085f00000, 0x0000000086000000, 0x0000000086000000|100%| O|  |TAMS 0x0000000085f00000| PB 0x0000000085f00000| Untracked 
|  96|0x0000000086000000, 0x0000000086100000, 0x0000000086100000|100%| O|  |TAMS 0x0000000086000000| PB 0x0000000086000000| Untracked 
|  97|0x0000000086100000, 0x0000000086200000, 0x0000000086200000|100%| O|  |TAMS 0x0000000086100000| PB 0x0000000086100000| Untracked 
|  98|0x0000000086200000, 0x0000000086300000, 0x0000000086300000|100%|HS|  |TAMS 0x0000000086200000| PB 0x0000000086200000| Complete 
|  99|0x0000000086300000, 0x0000000086400000, 0x0000000086400000|100%| O|  |TAMS 0x0000000086300000| PB 0x0000000086300000| Untracked 
| 100|0x0000000086400000, 0x0000000086500000, 0x0000000086500000|100%| O|  |TAMS 0x0000000086400000| PB 0x0000000086400000| Untracked 
| 101|0x0000000086500000, 0x0000000086600000, 0x0000000086600000|100%| O|  |TAMS 0x0000000086500000| PB 0x0000000086500000| Untracked 
| 102|0x0000000086600000, 0x0000000086700000, 0x0000000086700000|100%| O|  |TAMS 0x0000000086600000| PB 0x0000000086600000| Untracked 
| 103|0x0000000086700000, 0x0000000086800000, 0x0000000086800000|100%| O|  |TAMS 0x0000000086700000| PB 0x0000000086700000| Untracked 
| 104|0x0000000086800000, 0x0000000086900000, 0x0000000086900000|100%| O|  |TAMS 0x0000000086800000| PB 0x0000000086800000| Untracked 
| 105|0x0000000086900000, 0x0000000086a00000, 0x0000000086a00000|100%| O|  |TAMS 0x0000000086900000| PB 0x0000000086900000| Untracked 
| 106|0x0000000086a00000, 0x0000000086b00000, 0x0000000086b00000|100%| O|  |TAMS 0x0000000086a00000| PB 0x0000000086a00000| Untracked 
| 107|0x0000000086b00000, 0x0000000086c00000, 0x0000000086c00000|100%| O|  |TAMS 0x0000000086b00000| PB 0x0000000086b00000| Untracked 
| 108|0x0000000086c00000, 0x0000000086d00000, 0x0000000086d00000|100%| O|  |TAMS 0x0000000086c00000| PB 0x0000000086c00000| Untracked 
| 109|0x0000000086d00000, 0x0000000086e00000, 0x0000000086e00000|100%| O|  |TAMS 0x0000000086d00000| PB 0x0000000086d00000| Untracked 
| 110|0x0000000086e00000, 0x0000000086f00000, 0x0000000086f00000|100%| O|  |TAMS 0x0000000086e00000| PB 0x0000000086e00000| Untracked 
| 111|0x0000000086f00000, 0x0000000087000000, 0x0000000087000000|100%| O|  |TAMS 0x0000000086f00000| PB 0x0000000086f00000| Untracked 
| 112|0x0000000087000000, 0x0000000087100000, 0x0000000087100000|100%| O|  |TAMS 0x0000000087000000| PB 0x0000000087000000| Untracked 
| 113|0x0000000087100000, 0x0000000087200000, 0x0000000087200000|100%| O|  |TAMS 0x0000000087100000| PB 0x0000000087100000| Untracked 
| 114|0x0000000087200000, 0x0000000087300000, 0x0000000087300000|100%| O|  |TAMS 0x0000000087200000| PB 0x0000000087200000| Untracked 
| 115|0x0000000087300000, 0x0000000087400000, 0x0000000087400000|100%| O|  |TAMS 0x0000000087300000| PB 0x0000000087300000| Untracked 
| 116|0x0000000087400000, 0x0000000087500000, 0x0000000087500000|100%| O|  |TAMS 0x0000000087400000| PB 0x0000000087400000| Untracked 
| 117|0x0000000087500000, 0x0000000087600000, 0x0000000087600000|100%|HS|  |TAMS 0x0000000087500000| PB 0x0000000087500000| Complete 
| 118|0x0000000087600000, 0x0000000087700000, 0x0000000087700000|100%| O|  |TAMS 0x0000000087600000| PB 0x0000000087600000| Untracked 
| 119|0x0000000087700000, 0x0000000087800000, 0x0000000087800000|100%| O|  |TAMS 0x0000000087700000| PB 0x0000000087700000| Untracked 
| 120|0x0000000087800000, 0x0000000087900000, 0x0000000087900000|100%| O|  |TAMS 0x0000000087800000| PB 0x0000000087800000| Untracked 
| 121|0x0000000087900000, 0x0000000087a00000, 0x0000000087a00000|100%| O|  |TAMS 0x0000000087900000| PB 0x0000000087900000| Untracked 
| 122|0x0000000087a00000, 0x0000000087b00000, 0x0000000087b00000|100%| O|  |TAMS 0x0000000087a00000| PB 0x0000000087a00000| Untracked 
| 123|0x0000000087b00000, 0x0000000087c00000, 0x0000000087c00000|100%| O|  |TAMS 0x0000000087b00000| PB 0x0000000087b00000| Untracked 
| 124|0x0000000087c00000, 0x0000000087d00000, 0x0000000087d00000|100%| O|  |TAMS 0x0000000087c00000| PB 0x0000000087c00000| Untracked 
| 125|0x0000000087d00000, 0x0000000087e00000, 0x0000000087e00000|100%| O|  |TAMS 0x0000000087d00000| PB 0x0000000087d00000| Untracked 
| 126|0x0000000087e00000, 0x0000000087f00000, 0x0000000087f00000|100%| O|  |TAMS 0x0000000087e00000| PB 0x0000000087e00000| Untracked 
| 127|0x0000000087f00000, 0x0000000088000000, 0x0000000088000000|100%| O|  |TAMS 0x0000000087f00000| PB 0x0000000087f00000| Untracked 
| 128|0x0000000088000000, 0x0000000088100000, 0x0000000088100000|100%| O|  |TAMS 0x0000000088000000| PB 0x0000000088000000| Untracked 
| 129|0x0000000088100000, 0x0000000088200000, 0x0000000088200000|100%| O|  |TAMS 0x0000000088100000| PB 0x0000000088100000| Untracked 
| 130|0x0000000088200000, 0x0000000088300000, 0x0000000088300000|100%| O|  |TAMS 0x0000000088200000| PB 0x0000000088200000| Untracked 
| 131|0x0000000088300000, 0x0000000088400000, 0x0000000088400000|100%| O|  |TAMS 0x0000000088300000| PB 0x0000000088300000| Untracked 
| 132|0x0000000088400000, 0x0000000088500000, 0x0000000088500000|100%| O|  |TAMS 0x0000000088400000| PB 0x0000000088400000| Untracked 
| 133|0x0000000088500000, 0x0000000088600000, 0x0000000088600000|100%| O|  |TAMS 0x0000000088500000| PB 0x0000000088500000| Untracked 
| 134|0x0000000088600000, 0x0000000088700000, 0x0000000088700000|100%| O|  |TAMS 0x0000000088600000| PB 0x0000000088600000| Untracked 
| 135|0x0000000088700000, 0x0000000088800000, 0x0000000088800000|100%| O|  |TAMS 0x0000000088700000| PB 0x0000000088700000| Untracked 
| 136|0x0000000088800000, 0x0000000088900000, 0x0000000088900000|100%| O|  |TAMS 0x0000000088800000| PB 0x0000000088800000| Untracked 
| 137|0x0000000088900000, 0x0000000088a00000, 0x0000000088a00000|100%| O|  |TAMS 0x0000000088900000| PB 0x0000000088900000| Untracked 
| 138|0x0000000088a00000, 0x0000000088b00000, 0x0000000088b00000|100%| O|  |TAMS 0x0000000088a00000| PB 0x0000000088a00000| Untracked 
| 139|0x0000000088b00000, 0x0000000088c00000, 0x0000000088c00000|100%| O|  |TAMS 0x0000000088b00000| PB 0x0000000088b00000| Untracked 
| 140|0x0000000088c00000, 0x0000000088d00000, 0x0000000088d00000|100%| O|  |TAMS 0x0000000088c00000| PB 0x0000000088c00000| Untracked 
| 141|0x0000000088d00000, 0x0000000088e00000, 0x0000000088e00000|100%| O|  |TAMS 0x0000000088d00000| PB 0x0000000088d00000| Untracked 
| 142|0x0000000088e00000, 0x0000000088f00000, 0x0000000088f00000|100%|HS|  |TAMS 0x0000000088e00000| PB 0x0000000088e00000| Complete 
| 143|0x0000000088f00000, 0x0000000089000000, 0x0000000089000000|100%| O|  |TAMS 0x0000000088f00000| PB 0x0000000088f00000| Untracked 
| 144|0x0000000089000000, 0x0000000089100000, 0x0000000089100000|100%| O|  |TAMS 0x0000000089000000| PB 0x0000000089000000| Untracked 
| 145|0x0000000089100000, 0x0000000089200000, 0x0000000089200000|100%| O|  |TAMS 0x0000000089100000| PB 0x0000000089100000| Untracked 
| 146|0x0000000089200000, 0x0000000089300000, 0x0000000089300000|100%|HS|  |TAMS 0x0000000089200000| PB 0x0000000089200000| Complete 
| 147|0x0000000089300000, 0x0000000089400000, 0x0000000089400000|100%| O|  |TAMS 0x0000000089300000| PB 0x0000000089300000| Untracked 
| 148|0x0000000089400000, 0x0000000089400000, 0x0000000089500000|  0%| F|  |TAMS 0x0000000089400000| PB 0x0000000089400000| Untracked 
| 149|0x0000000089500000, 0x0000000089600000, 0x0000000089600000|100%| O|  |TAMS 0x0000000089500000| PB 0x0000000089500000| Untracked 
| 150|0x0000000089600000, 0x0000000089700000, 0x0000000089700000|100%| O|  |TAMS 0x0000000089600000| PB 0x0000000089600000| Untracked 
| 151|0x0000000089700000, 0x0000000089800000, 0x0000000089800000|100%| O|  |TAMS 0x0000000089700000| PB 0x0000000089700000| Untracked 
| 152|0x0000000089800000, 0x0000000089900000, 0x0000000089900000|100%| O|  |TAMS 0x0000000089800000| PB 0x0000000089800000| Untracked 
| 153|0x0000000089900000, 0x0000000089a00000, 0x0000000089a00000|100%| O|  |TAMS 0x0000000089900000| PB 0x0000000089900000| Untracked 
| 154|0x0000000089a00000, 0x0000000089b00000, 0x0000000089b00000|100%| O|  |TAMS 0x0000000089a00000| PB 0x0000000089a00000| Untracked 
| 155|0x0000000089b00000, 0x0000000089c00000, 0x0000000089c00000|100%| O|  |TAMS 0x0000000089b00000| PB 0x0000000089b00000| Untracked 
| 156|0x0000000089c00000, 0x0000000089d00000, 0x0000000089d00000|100%| O|  |TAMS 0x0000000089c00000| PB 0x0000000089c00000| Untracked 
| 157|0x0000000089d00000, 0x0000000089e00000, 0x0000000089e00000|100%| O|  |TAMS 0x0000000089d00000| PB 0x0000000089d00000| Untracked 
| 158|0x0000000089e00000, 0x0000000089f00000, 0x0000000089f00000|100%| O|  |TAMS 0x0000000089e00000| PB 0x0000000089e00000| Untracked 
| 159|0x0000000089f00000, 0x000000008a000000, 0x000000008a000000|100%| O|  |TAMS 0x0000000089f00000| PB 0x0000000089f00000| Untracked 
| 160|0x000000008a000000, 0x000000008a100000, 0x000000008a100000|100%|HS|  |TAMS 0x000000008a000000| PB 0x000000008a000000| Complete 
| 161|0x000000008a100000, 0x000000008a200000, 0x000000008a200000|100%|HC|  |TAMS 0x000000008a100000| PB 0x000000008a100000| Complete 
| 162|0x000000008a200000, 0x000000008a300000, 0x000000008a300000|100%|HS|  |TAMS 0x000000008a200000| PB 0x000000008a200000| Complete 
| 163|0x000000008a300000, 0x000000008a400000, 0x000000008a400000|100%|HC|  |TAMS 0x000000008a300000| PB 0x000000008a300000| Complete 
| 164|0x000000008a400000, 0x000000008a500000, 0x000000008a500000|100%| O|  |TAMS 0x000000008a400000| PB 0x000000008a400000| Untracked 
| 165|0x000000008a500000, 0x000000008a600000, 0x000000008a600000|100%| O|  |TAMS 0x000000008a500000| PB 0x000000008a500000| Untracked 
| 166|0x000000008a600000, 0x000000008a700000, 0x000000008a700000|100%|HS|  |TAMS 0x000000008a600000| PB 0x000000008a600000| Complete 
| 167|0x000000008a700000, 0x000000008a800000, 0x000000008a800000|100%|HC|  |TAMS 0x000000008a700000| PB 0x000000008a700000| Complete 
| 168|0x000000008a800000, 0x000000008a900000, 0x000000008a900000|100%| O|  |TAMS 0x000000008a800000| PB 0x000000008a800000| Untracked 
| 169|0x000000008a900000, 0x000000008aa00000, 0x000000008aa00000|100%|HS|  |TAMS 0x000000008a900000| PB 0x000000008a900000| Complete 
| 170|0x000000008aa00000, 0x000000008ab00000, 0x000000008ab00000|100%|HS|  |TAMS 0x000000008aa00000| PB 0x000000008aa00000| Complete 
| 171|0x000000008ab00000, 0x000000008ac00000, 0x000000008ac00000|100%|HC|  |TAMS 0x000000008ab00000| PB 0x000000008ab00000| Complete 
| 172|0x000000008ac00000, 0x000000008ad00000, 0x000000008ad00000|100%| O|  |TAMS 0x000000008ac00000| PB 0x000000008ac00000| Untracked 
| 173|0x000000008ad00000, 0x000000008ad00000, 0x000000008ae00000|  0%| F|  |TAMS 0x000000008ad00000| PB 0x000000008ad00000| Untracked 
| 174|0x000000008ae00000, 0x000000008af00000, 0x000000008af00000|100%| O|  |TAMS 0x000000008ae00000| PB 0x000000008ae00000| Untracked 
| 175|0x000000008af00000, 0x000000008b000000, 0x000000008b000000|100%| O|  |TAMS 0x000000008af00000| PB 0x000000008af00000| Untracked 
| 176|0x000000008b000000, 0x000000008b100000, 0x000000008b100000|100%| O|  |TAMS 0x000000008b000000| PB 0x000000008b000000| Untracked 
| 177|0x000000008b100000, 0x000000008b200000, 0x000000008b200000|100%| O|  |TAMS 0x000000008b100000| PB 0x000000008b100000| Untracked 
| 178|0x000000008b200000, 0x000000008b300000, 0x000000008b300000|100%|HS|  |TAMS 0x000000008b200000| PB 0x000000008b200000| Complete 
| 179|0x000000008b300000, 0x000000008b400000, 0x000000008b400000|100%|HC|  |TAMS 0x000000008b300000| PB 0x000000008b300000| Complete 
| 180|0x000000008b400000, 0x000000008b500000, 0x000000008b500000|100%|HS|  |TAMS 0x000000008b400000| PB 0x000000008b400000| Complete 
| 181|0x000000008b500000, 0x000000008b600000, 0x000000008b600000|100%|HS|  |TAMS 0x000000008b500000| PB 0x000000008b500000| Complete 
| 182|0x000000008b600000, 0x000000008b700000, 0x000000008b700000|100%|HC|  |TAMS 0x000000008b600000| PB 0x000000008b600000| Complete 
| 183|0x000000008b700000, 0x000000008b800000, 0x000000008b800000|100%| O|  |TAMS 0x000000008b700000| PB 0x000000008b700000| Untracked 
| 184|0x000000008b800000, 0x000000008b900000, 0x000000008b900000|100%|HS|  |TAMS 0x000000008b800000| PB 0x000000008b800000| Complete 
| 185|0x000000008b900000, 0x000000008ba00000, 0x000000008ba00000|100%|HC|  |TAMS 0x000000008b900000| PB 0x000000008b900000| Complete 
| 186|0x000000008ba00000, 0x000000008bb00000, 0x000000008bb00000|100%|HS|  |TAMS 0x000000008ba00000| PB 0x000000008ba00000| Complete 
| 187|0x000000008bb00000, 0x000000008bc00000, 0x000000008bc00000|100%|HS|  |TAMS 0x000000008bb00000| PB 0x000000008bb00000| Complete 
| 188|0x000000008bc00000, 0x000000008bd00000, 0x000000008bd00000|100%|HC|  |TAMS 0x000000008bc00000| PB 0x000000008bc00000| Complete 
| 189|0x000000008bd00000, 0x000000008be00000, 0x000000008be00000|100%|HC|  |TAMS 0x000000008bd00000| PB 0x000000008bd00000| Complete 
| 190|0x000000008be00000, 0x000000008bf00000, 0x000000008bf00000|100%|HS|  |TAMS 0x000000008be00000| PB 0x000000008be00000| Complete 
| 191|0x000000008bf00000, 0x000000008c000000, 0x000000008c000000|100%|HC|  |TAMS 0x000000008bf00000| PB 0x000000008bf00000| Complete 
| 192|0x000000008c000000, 0x000000008c100000, 0x000000008c100000|100%|HS|  |TAMS 0x000000008c000000| PB 0x000000008c000000| Complete 
| 193|0x000000008c100000, 0x000000008c200000, 0x000000008c200000|100%|HC|  |TAMS 0x000000008c100000| PB 0x000000008c100000| Complete 
| 194|0x000000008c200000, 0x000000008c300000, 0x000000008c300000|100%|HC|  |TAMS 0x000000008c200000| PB 0x000000008c200000| Complete 
| 195|0x000000008c300000, 0x000000008c400000, 0x000000008c400000|100%|HS|  |TAMS 0x000000008c300000| PB 0x000000008c300000| Complete 
| 196|0x000000008c400000, 0x000000008c500000, 0x000000008c500000|100%|HS|  |TAMS 0x000000008c400000| PB 0x000000008c400000| Complete 
| 197|0x000000008c500000, 0x000000008c600000, 0x000000008c600000|100%|HS|  |TAMS 0x000000008c500000| PB 0x000000008c500000| Complete 
| 198|0x000000008c600000, 0x000000008c700000, 0x000000008c700000|100%|HC|  |TAMS 0x000000008c600000| PB 0x000000008c600000| Complete 
| 199|0x000000008c700000, 0x000000008c800000, 0x000000008c800000|100%| O|  |TAMS 0x000000008c700000| PB 0x000000008c700000| Untracked 
| 200|0x000000008c800000, 0x000000008c900000, 0x000000008c900000|100%|HS|  |TAMS 0x000000008c800000| PB 0x000000008c800000| Complete 
| 201|0x000000008c900000, 0x000000008ca00000, 0x000000008ca00000|100%|HC|  |TAMS 0x000000008c900000| PB 0x000000008c900000| Complete 
| 202|0x000000008ca00000, 0x000000008cb00000, 0x000000008cb00000|100%|HS|  |TAMS 0x000000008ca00000| PB 0x000000008ca00000| Complete 
| 203|0x000000008cb00000, 0x000000008cc00000, 0x000000008cc00000|100%|HS|  |TAMS 0x000000008cb00000| PB 0x000000008cb00000| Complete 
| 204|0x000000008cc00000, 0x000000008cd00000, 0x000000008cd00000|100%| O|  |TAMS 0x000000008cc00000| PB 0x000000008cc00000| Untracked 
| 205|0x000000008cd00000, 0x000000008ce00000, 0x000000008ce00000|100%|HS|  |TAMS 0x000000008cd00000| PB 0x000000008cd00000| Complete 
| 206|0x000000008ce00000, 0x000000008cf00000, 0x000000008cf00000|100%| O|  |TAMS 0x000000008ce00000| PB 0x000000008ce00000| Untracked 
| 207|0x000000008cf00000, 0x000000008d000000, 0x000000008d000000|100%|HS|  |TAMS 0x000000008cf00000| PB 0x000000008cf00000| Complete 
| 208|0x000000008d000000, 0x000000008d100000, 0x000000008d100000|100%| O|  |TAMS 0x000000008d000000| PB 0x000000008d000000| Untracked 
| 209|0x000000008d100000, 0x000000008d200000, 0x000000008d200000|100%|HS|  |TAMS 0x000000008d100000| PB 0x000000008d100000| Complete 
| 210|0x000000008d200000, 0x000000008d300000, 0x000000008d300000|100%|HS|  |TAMS 0x000000008d200000| PB 0x000000008d200000| Complete 
| 211|0x000000008d300000, 0x000000008d400000, 0x000000008d400000|100%|HC|  |TAMS 0x000000008d300000| PB 0x000000008d300000| Complete 
| 212|0x000000008d400000, 0x000000008d500000, 0x000000008d500000|100%| O|  |TAMS 0x000000008d400000| PB 0x000000008d400000| Untracked 
| 213|0x000000008d500000, 0x000000008d600000, 0x000000008d600000|100%|HS|  |TAMS 0x000000008d500000| PB 0x000000008d500000| Complete 
| 214|0x000000008d600000, 0x000000008d700000, 0x000000008d700000|100%|HC|  |TAMS 0x000000008d600000| PB 0x000000008d600000| Complete 
| 215|0x000000008d700000, 0x000000008d800000, 0x000000008d800000|100%|HS|  |TAMS 0x000000008d700000| PB 0x000000008d700000| Complete 
| 216|0x000000008d800000, 0x000000008d900000, 0x000000008d900000|100%|HS|  |TAMS 0x000000008d800000| PB 0x000000008d800000| Complete 
| 217|0x000000008d900000, 0x000000008da00000, 0x000000008da00000|100%| O|  |TAMS 0x000000008d900000| PB 0x000000008d900000| Untracked 
| 218|0x000000008da00000, 0x000000008db00000, 0x000000008db00000|100%| O|  |TAMS 0x000000008da00000| PB 0x000000008da00000| Untracked 
| 219|0x000000008db00000, 0x000000008dc00000, 0x000000008dc00000|100%| O|  |TAMS 0x000000008db00000| PB 0x000000008db00000| Untracked 
| 220|0x000000008dc00000, 0x000000008dd00000, 0x000000008dd00000|100%|HS|  |TAMS 0x000000008dc00000| PB 0x000000008dc00000| Complete 
| 221|0x000000008dd00000, 0x000000008de00000, 0x000000008de00000|100%|HC|  |TAMS 0x000000008dd00000| PB 0x000000008dd00000| Complete 
| 222|0x000000008de00000, 0x000000008df00000, 0x000000008df00000|100%| O|  |TAMS 0x000000008de00000| PB 0x000000008de00000| Untracked 
| 223|0x000000008df00000, 0x000000008e000000, 0x000000008e000000|100%| O|  |TAMS 0x000000008df00000| PB 0x000000008df00000| Untracked 
| 224|0x000000008e000000, 0x000000008e100000, 0x000000008e100000|100%| O|  |TAMS 0x000000008e000000| PB 0x000000008e000000| Untracked 
| 225|0x000000008e100000, 0x000000008e200000, 0x000000008e200000|100%|HS|  |TAMS 0x000000008e100000| PB 0x000000008e100000| Complete 
| 226|0x000000008e200000, 0x000000008e300000, 0x000000008e300000|100%|HC|  |TAMS 0x000000008e200000| PB 0x000000008e200000| Complete 
| 227|0x000000008e300000, 0x000000008e400000, 0x000000008e400000|100%|HC|  |TAMS 0x000000008e300000| PB 0x000000008e300000| Complete 
| 228|0x000000008e400000, 0x000000008e500000, 0x000000008e500000|100%| O|  |TAMS 0x000000008e400000| PB 0x000000008e400000| Untracked 
| 229|0x000000008e500000, 0x000000008e600000, 0x000000008e600000|100%| O|  |TAMS 0x000000008e500000| PB 0x000000008e500000| Untracked 
| 230|0x000000008e600000, 0x000000008e700000, 0x000000008e700000|100%|HS|  |TAMS 0x000000008e600000| PB 0x000000008e600000| Complete 
| 231|0x000000008e700000, 0x000000008e800000, 0x000000008e800000|100%|HC|  |TAMS 0x000000008e700000| PB 0x000000008e700000| Complete 
| 232|0x000000008e800000, 0x000000008e900000, 0x000000008e900000|100%| O|  |TAMS 0x000000008e800000| PB 0x000000008e800000| Untracked 
| 233|0x000000008e900000, 0x000000008ea00000, 0x000000008ea00000|100%| O|  |TAMS 0x000000008e900000| PB 0x000000008e900000| Untracked 
| 234|0x000000008ea00000, 0x000000008eb00000, 0x000000008eb00000|100%| O|  |TAMS 0x000000008ea00000| PB 0x000000008ea00000| Untracked 
| 235|0x000000008eb00000, 0x000000008ec00000, 0x000000008ec00000|100%| O|  |TAMS 0x000000008eb00000| PB 0x000000008eb00000| Untracked 
| 236|0x000000008ec00000, 0x000000008ed00000, 0x000000008ed00000|100%| O|  |TAMS 0x000000008ec00000| PB 0x000000008ec00000| Untracked 
| 237|0x000000008ed00000, 0x000000008ee00000, 0x000000008ee00000|100%|HS|  |TAMS 0x000000008ed00000| PB 0x000000008ed00000| Complete 
| 238|0x000000008ee00000, 0x000000008ef00000, 0x000000008ef00000|100%|HC|  |TAMS 0x000000008ee00000| PB 0x000000008ee00000| Complete 
| 239|0x000000008ef00000, 0x000000008f000000, 0x000000008f000000|100%|HC|  |TAMS 0x000000008ef00000| PB 0x000000008ef00000| Complete 
| 240|0x000000008f000000, 0x000000008f100000, 0x000000008f100000|100%|HS|  |TAMS 0x000000008f000000| PB 0x000000008f000000| Complete 
| 241|0x000000008f100000, 0x000000008f200000, 0x000000008f200000|100%|HS|  |TAMS 0x000000008f100000| PB 0x000000008f100000| Complete 
| 242|0x000000008f200000, 0x000000008f300000, 0x000000008f300000|100%| O|  |TAMS 0x000000008f200000| PB 0x000000008f200000| Untracked 
| 243|0x000000008f300000, 0x000000008f400000, 0x000000008f400000|100%| O|  |TAMS 0x000000008f300000| PB 0x000000008f300000| Untracked 
| 244|0x000000008f400000, 0x000000008f500000, 0x000000008f500000|100%| O|  |TAMS 0x000000008f400000| PB 0x000000008f400000| Untracked 
| 245|0x000000008f500000, 0x000000008f600000, 0x000000008f600000|100%|HS|  |TAMS 0x000000008f500000| PB 0x000000008f500000| Complete 
| 246|0x000000008f600000, 0x000000008f700000, 0x000000008f700000|100%|HS|  |TAMS 0x000000008f600000| PB 0x000000008f600000| Complete 
| 247|0x000000008f700000, 0x000000008f800000, 0x000000008f800000|100%|HC|  |TAMS 0x000000008f700000| PB 0x000000008f700000| Complete 
| 248|0x000000008f800000, 0x000000008f900000, 0x000000008f900000|100%|HS|  |TAMS 0x000000008f800000| PB 0x000000008f800000| Complete 
| 249|0x000000008f900000, 0x000000008fa00000, 0x000000008fa00000|100%|HS|  |TAMS 0x000000008f900000| PB 0x000000008f900000| Complete 
| 250|0x000000008fa00000, 0x000000008fb00000, 0x000000008fb00000|100%|HS|  |TAMS 0x000000008fa00000| PB 0x000000008fa00000| Complete 
| 251|0x000000008fb00000, 0x000000008fc00000, 0x000000008fc00000|100%|HC|  |TAMS 0x000000008fb00000| PB 0x000000008fb00000| Complete 
| 252|0x000000008fc00000, 0x000000008fd00000, 0x000000008fd00000|100%| O|  |TAMS 0x000000008fc00000| PB 0x000000008fc00000| Untracked 
| 253|0x000000008fd00000, 0x000000008fe00000, 0x000000008fe00000|100%| O|  |TAMS 0x000000008fd00000| PB 0x000000008fd00000| Untracked 
| 254|0x000000008fe00000, 0x000000008ff00000, 0x000000008ff00000|100%| O|  |TAMS 0x000000008fe00000| PB 0x000000008fe00000| Untracked 
| 255|0x000000008ff00000, 0x0000000090000000, 0x0000000090000000|100%| O|  |TAMS 0x000000008ff00000| PB 0x000000008ff00000| Untracked 
| 256|0x0000000090000000, 0x0000000090100000, 0x0000000090100000|100%| O|  |TAMS 0x0000000090000000| PB 0x0000000090000000| Untracked 
| 257|0x0000000090100000, 0x0000000090200000, 0x0000000090200000|100%| O|  |TAMS 0x0000000090100000| PB 0x0000000090100000| Untracked 
| 258|0x0000000090200000, 0x0000000090300000, 0x0000000090300000|100%| O|  |TAMS 0x0000000090200000| PB 0x0000000090200000| Untracked 
| 259|0x0000000090300000, 0x0000000090400000, 0x0000000090400000|100%| O|  |TAMS 0x0000000090300000| PB 0x0000000090300000| Untracked 
| 260|0x0000000090400000, 0x0000000090500000, 0x0000000090500000|100%| O|  |TAMS 0x0000000090400000| PB 0x0000000090400000| Untracked 
| 261|0x0000000090500000, 0x0000000090600000, 0x0000000090600000|100%| O|  |TAMS 0x0000000090500000| PB 0x0000000090500000| Untracked 
| 262|0x0000000090600000, 0x0000000090700000, 0x0000000090700000|100%| O|  |TAMS 0x0000000090600000| PB 0x0000000090600000| Untracked 
| 263|0x0000000090700000, 0x0000000090800000, 0x0000000090800000|100%| O|  |TAMS 0x0000000090700000| PB 0x0000000090700000| Untracked 
| 264|0x0000000090800000, 0x0000000090900000, 0x0000000090900000|100%| O|  |TAMS 0x0000000090800000| PB 0x0000000090800000| Untracked 
| 265|0x0000000090900000, 0x0000000090a00000, 0x0000000090a00000|100%| O|  |TAMS 0x0000000090900000| PB 0x0000000090900000| Untracked 
| 266|0x0000000090a00000, 0x0000000090b00000, 0x0000000090b00000|100%| O|  |TAMS 0x0000000090a00000| PB 0x0000000090a00000| Untracked 
| 267|0x0000000090b00000, 0x0000000090c00000, 0x0000000090c00000|100%| O|  |TAMS 0x0000000090b00000| PB 0x0000000090b00000| Untracked 
| 268|0x0000000090c00000, 0x0000000090d00000, 0x0000000090d00000|100%| O|  |TAMS 0x0000000090c00000| PB 0x0000000090c00000| Untracked 
| 269|0x0000000090d00000, 0x0000000090e00000, 0x0000000090e00000|100%| O|  |TAMS 0x0000000090d00000| PB 0x0000000090d00000| Untracked 
| 270|0x0000000090e00000, 0x0000000090f00000, 0x0000000090f00000|100%| O|  |TAMS 0x0000000090e00000| PB 0x0000000090e00000| Untracked 
| 271|0x0000000090f00000, 0x0000000091000000, 0x0000000091000000|100%| O|  |TAMS 0x0000000090f00000| PB 0x0000000090f00000| Untracked 
| 272|0x0000000091000000, 0x0000000091100000, 0x0000000091100000|100%| O|  |TAMS 0x0000000091000000| PB 0x0000000091000000| Untracked 
| 273|0x0000000091100000, 0x0000000091200000, 0x0000000091200000|100%| O|  |TAMS 0x0000000091100000| PB 0x0000000091100000| Untracked 
| 274|0x0000000091200000, 0x0000000091300000, 0x0000000091300000|100%| O|  |TAMS 0x0000000091200000| PB 0x0000000091200000| Untracked 
| 275|0x0000000091300000, 0x0000000091400000, 0x0000000091400000|100%| O|  |TAMS 0x0000000091300000| PB 0x0000000091300000| Untracked 
| 276|0x0000000091400000, 0x0000000091500000, 0x0000000091500000|100%| O|  |TAMS 0x0000000091400000| PB 0x0000000091400000| Untracked 
| 277|0x0000000091500000, 0x0000000091600000, 0x0000000091600000|100%| O|  |TAMS 0x0000000091500000| PB 0x0000000091500000| Untracked 
| 278|0x0000000091600000, 0x0000000091700000, 0x0000000091700000|100%| O|  |TAMS 0x0000000091600000| PB 0x0000000091600000| Untracked 
| 279|0x0000000091700000, 0x0000000091800000, 0x0000000091800000|100%| O|  |TAMS 0x0000000091700000| PB 0x0000000091700000| Untracked 
| 280|0x0000000091800000, 0x0000000091900000, 0x0000000091900000|100%| O|  |TAMS 0x0000000091800000| PB 0x0000000091800000| Untracked 
| 281|0x0000000091900000, 0x0000000091a00000, 0x0000000091a00000|100%| O|  |TAMS 0x0000000091900000| PB 0x0000000091900000| Untracked 
| 282|0x0000000091a00000, 0x0000000091b00000, 0x0000000091b00000|100%| O|  |TAMS 0x0000000091a00000| PB 0x0000000091a00000| Untracked 
| 283|0x0000000091b00000, 0x0000000091c00000, 0x0000000091c00000|100%| O|  |TAMS 0x0000000091b00000| PB 0x0000000091b00000| Untracked 
| 284|0x0000000091c00000, 0x0000000091d00000, 0x0000000091d00000|100%| O|  |TAMS 0x0000000091c00000| PB 0x0000000091c00000| Untracked 
| 285|0x0000000091d00000, 0x0000000091e00000, 0x0000000091e00000|100%| O|  |TAMS 0x0000000091d00000| PB 0x0000000091d00000| Untracked 
| 286|0x0000000091e00000, 0x0000000091f00000, 0x0000000091f00000|100%| O|  |TAMS 0x0000000091e00000| PB 0x0000000091e00000| Untracked 
| 287|0x0000000091f00000, 0x0000000092000000, 0x0000000092000000|100%| O|  |TAMS 0x0000000091f00000| PB 0x0000000091f00000| Untracked 
| 288|0x0000000092000000, 0x0000000092100000, 0x0000000092100000|100%| O|  |TAMS 0x0000000092000000| PB 0x0000000092000000| Untracked 
| 289|0x0000000092100000, 0x0000000092200000, 0x0000000092200000|100%| O|  |TAMS 0x0000000092100000| PB 0x0000000092100000| Untracked 
| 290|0x0000000092200000, 0x0000000092300000, 0x0000000092300000|100%| O|  |TAMS 0x0000000092200000| PB 0x0000000092200000| Untracked 
| 291|0x0000000092300000, 0x0000000092400000, 0x0000000092400000|100%| O|  |TAMS 0x0000000092300000| PB 0x0000000092300000| Untracked 
| 292|0x0000000092400000, 0x0000000092500000, 0x0000000092500000|100%| O|  |TAMS 0x0000000092400000| PB 0x0000000092400000| Untracked 
| 293|0x0000000092500000, 0x0000000092600000, 0x0000000092600000|100%| O|  |TAMS 0x0000000092500000| PB 0x0000000092500000| Untracked 
| 294|0x0000000092600000, 0x0000000092700000, 0x0000000092700000|100%| O|  |TAMS 0x0000000092600000| PB 0x0000000092600000| Untracked 
| 295|0x0000000092700000, 0x0000000092800000, 0x0000000092800000|100%| O|  |TAMS 0x0000000092700000| PB 0x0000000092700000| Untracked 
| 296|0x0000000092800000, 0x0000000092900000, 0x0000000092900000|100%| O|  |TAMS 0x0000000092800000| PB 0x0000000092800000| Untracked 
| 297|0x0000000092900000, 0x0000000092a00000, 0x0000000092a00000|100%| O|  |TAMS 0x0000000092900000| PB 0x0000000092900000| Untracked 
| 298|0x0000000092a00000, 0x0000000092b00000, 0x0000000092b00000|100%| O|  |TAMS 0x0000000092a00000| PB 0x0000000092a00000| Untracked 
| 299|0x0000000092b00000, 0x0000000092c00000, 0x0000000092c00000|100%| O|  |TAMS 0x0000000092b00000| PB 0x0000000092b00000| Untracked 
| 300|0x0000000092c00000, 0x0000000092d00000, 0x0000000092d00000|100%| O|  |TAMS 0x0000000092c00000| PB 0x0000000092c00000| Untracked 
| 301|0x0000000092d00000, 0x0000000092e00000, 0x0000000092e00000|100%| O|  |TAMS 0x0000000092d00000| PB 0x0000000092d00000| Untracked 
| 302|0x0000000092e00000, 0x0000000092f00000, 0x0000000092f00000|100%| O|  |TAMS 0x0000000092e00000| PB 0x0000000092e00000| Untracked 
| 303|0x0000000092f00000, 0x0000000093000000, 0x0000000093000000|100%| O|  |TAMS 0x0000000092f00000| PB 0x0000000092f00000| Untracked 
| 304|0x0000000093000000, 0x0000000093100000, 0x0000000093100000|100%| O|  |TAMS 0x0000000093000000| PB 0x0000000093000000| Untracked 
| 305|0x0000000093100000, 0x0000000093200000, 0x0000000093200000|100%| O|  |TAMS 0x0000000093100000| PB 0x0000000093100000| Untracked 
| 306|0x0000000093200000, 0x0000000093300000, 0x0000000093300000|100%| O|  |TAMS 0x0000000093200000| PB 0x0000000093200000| Untracked 
| 307|0x0000000093300000, 0x0000000093400000, 0x0000000093400000|100%| O|  |TAMS 0x0000000093300000| PB 0x0000000093300000| Untracked 
| 308|0x0000000093400000, 0x0000000093500000, 0x0000000093500000|100%| O|  |TAMS 0x0000000093400000| PB 0x0000000093400000| Untracked 
| 309|0x0000000093500000, 0x0000000093600000, 0x0000000093600000|100%| O|  |TAMS 0x0000000093500000| PB 0x0000000093500000| Untracked 
| 310|0x0000000093600000, 0x0000000093700000, 0x0000000093700000|100%| O|  |TAMS 0x0000000093600000| PB 0x0000000093600000| Untracked 
| 311|0x0000000093700000, 0x0000000093800000, 0x0000000093800000|100%| O|  |TAMS 0x0000000093700000| PB 0x0000000093700000| Untracked 
| 312|0x0000000093800000, 0x0000000093900000, 0x0000000093900000|100%| O|  |TAMS 0x0000000093800000| PB 0x0000000093800000| Untracked 
| 313|0x0000000093900000, 0x0000000093a00000, 0x0000000093a00000|100%| O|  |TAMS 0x0000000093900000| PB 0x0000000093900000| Untracked 
| 314|0x0000000093a00000, 0x0000000093b00000, 0x0000000093b00000|100%| O|  |TAMS 0x0000000093a00000| PB 0x0000000093a00000| Untracked 
| 315|0x0000000093b00000, 0x0000000093c00000, 0x0000000093c00000|100%| O|  |TAMS 0x0000000093b00000| PB 0x0000000093b00000| Untracked 
| 316|0x0000000093c00000, 0x0000000093d00000, 0x0000000093d00000|100%| O|  |TAMS 0x0000000093c00000| PB 0x0000000093c00000| Untracked 
| 317|0x0000000093d00000, 0x0000000093e00000, 0x0000000093e00000|100%| O|  |TAMS 0x0000000093d00000| PB 0x0000000093d00000| Untracked 
| 318|0x0000000093e00000, 0x0000000093f00000, 0x0000000093f00000|100%| O|  |TAMS 0x0000000093e00000| PB 0x0000000093e00000| Untracked 
| 319|0x0000000093f00000, 0x0000000094000000, 0x0000000094000000|100%| O|  |TAMS 0x0000000093f00000| PB 0x0000000093f00000| Untracked 
| 320|0x0000000094000000, 0x0000000094100000, 0x0000000094100000|100%| O|  |TAMS 0x0000000094000000| PB 0x0000000094000000| Untracked 
| 321|0x0000000094100000, 0x0000000094200000, 0x0000000094200000|100%| O|  |TAMS 0x0000000094100000| PB 0x0000000094100000| Untracked 
| 322|0x0000000094200000, 0x0000000094300000, 0x0000000094300000|100%| O|  |TAMS 0x0000000094200000| PB 0x0000000094200000| Untracked 
| 323|0x0000000094300000, 0x0000000094400000, 0x0000000094400000|100%| O|  |TAMS 0x0000000094300000| PB 0x0000000094300000| Untracked 
| 324|0x0000000094400000, 0x0000000094500000, 0x0000000094500000|100%| O|  |TAMS 0x0000000094400000| PB 0x0000000094400000| Untracked 
| 325|0x0000000094500000, 0x0000000094600000, 0x0000000094600000|100%| O|  |TAMS 0x0000000094500000| PB 0x0000000094500000| Untracked 
| 326|0x0000000094600000, 0x0000000094700000, 0x0000000094700000|100%| O|  |TAMS 0x0000000094600000| PB 0x0000000094600000| Untracked 
| 327|0x0000000094700000, 0x0000000094800000, 0x0000000094800000|100%| O|  |TAMS 0x0000000094700000| PB 0x0000000094700000| Untracked 
| 328|0x0000000094800000, 0x0000000094900000, 0x0000000094900000|100%| O|  |TAMS 0x0000000094800000| PB 0x0000000094800000| Untracked 
| 329|0x0000000094900000, 0x0000000094a00000, 0x0000000094a00000|100%| O|  |TAMS 0x0000000094900000| PB 0x0000000094900000| Untracked 
| 330|0x0000000094a00000, 0x0000000094b00000, 0x0000000094b00000|100%| O|  |TAMS 0x0000000094a00000| PB 0x0000000094a00000| Untracked 
| 331|0x0000000094b00000, 0x0000000094c00000, 0x0000000094c00000|100%| O|  |TAMS 0x0000000094b00000| PB 0x0000000094b00000| Untracked 
| 332|0x0000000094c00000, 0x0000000094d00000, 0x0000000094d00000|100%| O|  |TAMS 0x0000000094c00000| PB 0x0000000094c00000| Untracked 
| 333|0x0000000094d00000, 0x0000000094e00000, 0x0000000094e00000|100%|HS|  |TAMS 0x0000000094d00000| PB 0x0000000094d00000| Complete 
| 334|0x0000000094e00000, 0x0000000094f00000, 0x0000000094f00000|100%|HS|  |TAMS 0x0000000094e00000| PB 0x0000000094e00000| Complete 
| 335|0x0000000094f00000, 0x0000000095000000, 0x0000000095000000|100%| O|  |TAMS 0x0000000094f00000| PB 0x0000000094f00000| Untracked 
| 336|0x0000000095000000, 0x0000000095100000, 0x0000000095100000|100%| O|  |TAMS 0x0000000095000000| PB 0x0000000095000000| Untracked 
| 337|0x0000000095100000, 0x0000000095200000, 0x0000000095200000|100%| O|  |TAMS 0x0000000095100000| PB 0x0000000095100000| Untracked 
| 338|0x0000000095200000, 0x0000000095300000, 0x0000000095300000|100%| O|  |TAMS 0x0000000095200000| PB 0x0000000095200000| Untracked 
| 339|0x0000000095300000, 0x0000000095400000, 0x0000000095400000|100%| O|  |TAMS 0x0000000095300000| PB 0x0000000095300000| Untracked 
| 340|0x0000000095400000, 0x0000000095500000, 0x0000000095500000|100%| O|  |TAMS 0x0000000095400000| PB 0x0000000095400000| Untracked 
| 341|0x0000000095500000, 0x0000000095600000, 0x0000000095600000|100%| O|  |TAMS 0x0000000095500000| PB 0x0000000095500000| Untracked 
| 342|0x0000000095600000, 0x0000000095700000, 0x0000000095700000|100%| O|  |TAMS 0x0000000095600000| PB 0x0000000095600000| Untracked 
| 343|0x0000000095700000, 0x0000000095800000, 0x0000000095800000|100%| O|  |TAMS 0x0000000095700000| PB 0x0000000095700000| Untracked 
| 344|0x0000000095800000, 0x0000000095900000, 0x0000000095900000|100%| O|  |TAMS 0x0000000095800000| PB 0x0000000095800000| Untracked 
| 345|0x0000000095900000, 0x0000000095a00000, 0x0000000095a00000|100%| O|  |TAMS 0x0000000095900000| PB 0x0000000095900000| Untracked 
| 346|0x0000000095a00000, 0x0000000095b00000, 0x0000000095b00000|100%| O|  |TAMS 0x0000000095a00000| PB 0x0000000095a00000| Untracked 
| 347|0x0000000095b00000, 0x0000000095c00000, 0x0000000095c00000|100%| O|  |TAMS 0x0000000095b00000| PB 0x0000000095b00000| Untracked 
| 348|0x0000000095c00000, 0x0000000095d00000, 0x0000000095d00000|100%| O|  |TAMS 0x0000000095c00000| PB 0x0000000095c00000| Untracked 
| 349|0x0000000095d00000, 0x0000000095e00000, 0x0000000095e00000|100%| O|  |TAMS 0x0000000095d00000| PB 0x0000000095d00000| Untracked 
| 350|0x0000000095e00000, 0x0000000095f00000, 0x0000000095f00000|100%| O|  |TAMS 0x0000000095e00000| PB 0x0000000095e00000| Untracked 
| 351|0x0000000095f00000, 0x0000000096000000, 0x0000000096000000|100%| O|  |TAMS 0x0000000095f00000| PB 0x0000000095f00000| Untracked 
| 352|0x0000000096000000, 0x0000000096100000, 0x0000000096100000|100%| O|  |TAMS 0x0000000096000000| PB 0x0000000096000000| Untracked 
| 353|0x0000000096100000, 0x0000000096120018, 0x0000000096200000| 12%| O|  |TAMS 0x0000000096100000| PB 0x0000000096100000| Untracked 
| 354|0x0000000096200000, 0x0000000096300000, 0x0000000096300000|100%| O|  |TAMS 0x0000000096200000| PB 0x0000000096200000| Untracked 
| 355|0x0000000096300000, 0x0000000096400000, 0x0000000096400000|100%| O|  |TAMS 0x0000000096300000| PB 0x0000000096300000| Untracked 
| 356|0x0000000096400000, 0x0000000096500000, 0x0000000096500000|100%| O|  |TAMS 0x0000000096400000| PB 0x0000000096400000| Untracked 
| 357|0x0000000096500000, 0x0000000096600000, 0x0000000096600000|100%| O|  |TAMS 0x0000000096500000| PB 0x0000000096500000| Untracked 
| 358|0x0000000096600000, 0x0000000096700000, 0x0000000096700000|100%| O|  |TAMS 0x0000000096600000| PB 0x0000000096600000| Untracked 
| 359|0x0000000096700000, 0x0000000096800000, 0x0000000096800000|100%| O|  |TAMS 0x0000000096700000| PB 0x0000000096700000| Untracked 
| 360|0x0000000096800000, 0x0000000096900000, 0x0000000096900000|100%| O|  |TAMS 0x0000000096800000| PB 0x0000000096800000| Untracked 
| 361|0x0000000096900000, 0x0000000096a00000, 0x0000000096a00000|100%| O|  |TAMS 0x0000000096900000| PB 0x0000000096900000| Untracked 
| 362|0x0000000096a00000, 0x0000000096b00000, 0x0000000096b00000|100%| O|  |TAMS 0x0000000096a00000| PB 0x0000000096a00000| Untracked 
| 363|0x0000000096b00000, 0x0000000096c00000, 0x0000000096c00000|100%| O|  |TAMS 0x0000000096b00000| PB 0x0000000096b00000| Untracked 
| 364|0x0000000096c00000, 0x0000000096d00000, 0x0000000096d00000|100%| O|  |TAMS 0x0000000096c00000| PB 0x0000000096c00000| Untracked 
| 365|0x0000000096d00000, 0x0000000096e00000, 0x0000000096e00000|100%| O|  |TAMS 0x0000000096d00000| PB 0x0000000096d00000| Untracked 
| 366|0x0000000096e00000, 0x0000000096f00000, 0x0000000096f00000|100%| O|  |TAMS 0x0000000096e00000| PB 0x0000000096e00000| Untracked 
| 367|0x0000000096f00000, 0x0000000097000000, 0x0000000097000000|100%| O|  |TAMS 0x0000000096f00000| PB 0x0000000096f00000| Untracked 
| 368|0x0000000097000000, 0x0000000097100000, 0x0000000097100000|100%| O|  |TAMS 0x0000000097000000| PB 0x0000000097000000| Untracked 
| 369|0x0000000097100000, 0x0000000097200000, 0x0000000097200000|100%| O|  |TAMS 0x0000000097100000| PB 0x0000000097100000| Untracked 
| 370|0x0000000097200000, 0x0000000097300000, 0x0000000097300000|100%| O|  |TAMS 0x0000000097200000| PB 0x0000000097200000| Untracked 
| 371|0x0000000097300000, 0x0000000097400000, 0x0000000097400000|100%| O|  |TAMS 0x0000000097300000| PB 0x0000000097300000| Untracked 
| 372|0x0000000097400000, 0x0000000097500000, 0x0000000097500000|100%| O|  |TAMS 0x0000000097400000| PB 0x0000000097400000| Untracked 
| 373|0x0000000097500000, 0x0000000097600000, 0x0000000097600000|100%| O|  |TAMS 0x0000000097500000| PB 0x0000000097500000| Untracked 
| 374|0x0000000097600000, 0x0000000097700000, 0x0000000097700000|100%| O|  |TAMS 0x0000000097600000| PB 0x0000000097600000| Untracked 
| 375|0x0000000097700000, 0x0000000097700000, 0x0000000097800000|  0%| F|  |TAMS 0x0000000097700000| PB 0x0000000097700000| Untracked 
| 376|0x0000000097800000, 0x0000000097800000, 0x0000000097900000|  0%| F|  |TAMS 0x0000000097800000| PB 0x0000000097800000| Untracked 
| 377|0x0000000097900000, 0x0000000097900000, 0x0000000097a00000|  0%| F|  |TAMS 0x0000000097900000| PB 0x0000000097900000| Untracked 
| 378|0x0000000097a00000, 0x0000000097a00000, 0x0000000097b00000|  0%| F|  |TAMS 0x0000000097a00000| PB 0x0000000097a00000| Untracked 
| 379|0x0000000097b00000, 0x0000000097b00000, 0x0000000097c00000|  0%| F|  |TAMS 0x0000000097b00000| PB 0x0000000097b00000| Untracked 
| 380|0x0000000097c00000, 0x0000000097c00000, 0x0000000097d00000|  0%| F|  |TAMS 0x0000000097c00000| PB 0x0000000097c00000| Untracked 
| 381|0x0000000097d00000, 0x0000000097d00000, 0x0000000097e00000|  0%| F|  |TAMS 0x0000000097d00000| PB 0x0000000097d00000| Untracked 
| 382|0x0000000097e00000, 0x0000000097e00000, 0x0000000097f00000|  0%| F|  |TAMS 0x0000000097e00000| PB 0x0000000097e00000| Untracked 
| 383|0x0000000097f00000, 0x0000000097f00000, 0x0000000098000000|  0%| F|  |TAMS 0x0000000097f00000| PB 0x0000000097f00000| Untracked 
| 384|0x0000000098000000, 0x0000000098000000, 0x0000000098100000|  0%| F|  |TAMS 0x0000000098000000| PB 0x0000000098000000| Untracked 
| 385|0x0000000098100000, 0x0000000098100000, 0x0000000098200000|  0%| F|  |TAMS 0x0000000098100000| PB 0x0000000098100000| Untracked 
| 386|0x0000000098200000, 0x0000000098200000, 0x0000000098300000|  0%| F|  |TAMS 0x0000000098200000| PB 0x0000000098200000| Untracked 
| 387|0x0000000098300000, 0x0000000098300000, 0x0000000098400000|  0%| F|  |TAMS 0x0000000098300000| PB 0x0000000098300000| Untracked 
| 388|0x0000000098400000, 0x0000000098400000, 0x0000000098500000|  0%| F|  |TAMS 0x0000000098400000| PB 0x0000000098400000| Untracked 
| 389|0x0000000098500000, 0x0000000098500000, 0x0000000098600000|  0%| F|  |TAMS 0x0000000098500000| PB 0x0000000098500000| Untracked 
| 390|0x0000000098600000, 0x0000000098600000, 0x0000000098700000|  0%| F|  |TAMS 0x0000000098600000| PB 0x0000000098600000| Untracked 
| 391|0x0000000098700000, 0x0000000098700000, 0x0000000098800000|  0%| F|  |TAMS 0x0000000098700000| PB 0x0000000098700000| Untracked 
| 392|0x0000000098800000, 0x0000000098800000, 0x0000000098900000|  0%| F|  |TAMS 0x0000000098800000| PB 0x0000000098800000| Untracked 
| 393|0x0000000098900000, 0x0000000098900000, 0x0000000098a00000|  0%| F|  |TAMS 0x0000000098900000| PB 0x0000000098900000| Untracked 
| 394|0x0000000098a00000, 0x0000000098a00000, 0x0000000098b00000|  0%| F|  |TAMS 0x0000000098a00000| PB 0x0000000098a00000| Untracked 
| 395|0x0000000098b00000, 0x0000000098b00000, 0x0000000098c00000|  0%| F|  |TAMS 0x0000000098b00000| PB 0x0000000098b00000| Untracked 
| 396|0x0000000098c00000, 0x0000000098c00000, 0x0000000098d00000|  0%| F|  |TAMS 0x0000000098c00000| PB 0x0000000098c00000| Untracked 
| 397|0x0000000098d00000, 0x0000000098d00000, 0x0000000098e00000|  0%| F|  |TAMS 0x0000000098d00000| PB 0x0000000098d00000| Untracked 
| 398|0x0000000098e00000, 0x0000000098e00000, 0x0000000098f00000|  0%| F|  |TAMS 0x0000000098e00000| PB 0x0000000098e00000| Untracked 
| 399|0x0000000098f00000, 0x0000000098f00000, 0x0000000099000000|  0%| F|  |TAMS 0x0000000098f00000| PB 0x0000000098f00000| Untracked 
| 400|0x0000000099000000, 0x0000000099000000, 0x0000000099100000|  0%| F|  |TAMS 0x0000000099000000| PB 0x0000000099000000| Untracked 
| 401|0x0000000099100000, 0x0000000099100000, 0x0000000099200000|  0%| F|  |TAMS 0x0000000099100000| PB 0x0000000099100000| Untracked 
| 402|0x0000000099200000, 0x0000000099200000, 0x0000000099300000|  0%| F|  |TAMS 0x0000000099200000| PB 0x0000000099200000| Untracked 
| 403|0x0000000099300000, 0x0000000099300000, 0x0000000099400000|  0%| F|  |TAMS 0x0000000099300000| PB 0x0000000099300000| Untracked 
| 404|0x0000000099400000, 0x0000000099400000, 0x0000000099500000|  0%| F|  |TAMS 0x0000000099400000| PB 0x0000000099400000| Untracked 
| 405|0x0000000099500000, 0x0000000099500000, 0x0000000099600000|  0%| F|  |TAMS 0x0000000099500000| PB 0x0000000099500000| Untracked 
| 406|0x0000000099600000, 0x0000000099600000, 0x0000000099700000|  0%| F|  |TAMS 0x0000000099600000| PB 0x0000000099600000| Untracked 
| 407|0x0000000099700000, 0x0000000099700000, 0x0000000099800000|  0%| F|  |TAMS 0x0000000099700000| PB 0x0000000099700000| Untracked 
| 408|0x0000000099800000, 0x0000000099800000, 0x0000000099900000|  0%| F|  |TAMS 0x0000000099800000| PB 0x0000000099800000| Untracked 
| 409|0x0000000099900000, 0x0000000099900000, 0x0000000099a00000|  0%| F|  |TAMS 0x0000000099900000| PB 0x0000000099900000| Untracked 
| 410|0x0000000099a00000, 0x0000000099a00000, 0x0000000099b00000|  0%| F|  |TAMS 0x0000000099a00000| PB 0x0000000099a00000| Untracked 
| 411|0x0000000099b00000, 0x0000000099b00000, 0x0000000099c00000|  0%| F|  |TAMS 0x0000000099b00000| PB 0x0000000099b00000| Untracked 
| 412|0x0000000099c00000, 0x0000000099c00000, 0x0000000099d00000|  0%| F|  |TAMS 0x0000000099c00000| PB 0x0000000099c00000| Untracked 
| 413|0x0000000099d00000, 0x0000000099d00000, 0x0000000099e00000|  0%| F|  |TAMS 0x0000000099d00000| PB 0x0000000099d00000| Untracked 
| 414|0x0000000099e00000, 0x0000000099e00000, 0x0000000099f00000|  0%| F|  |TAMS 0x0000000099e00000| PB 0x0000000099e00000| Untracked 
| 415|0x0000000099f00000, 0x0000000099f00000, 0x000000009a000000|  0%| F|  |TAMS 0x0000000099f00000| PB 0x0000000099f00000| Untracked 
| 416|0x000000009a000000, 0x000000009a000000, 0x000000009a100000|  0%| F|  |TAMS 0x000000009a000000| PB 0x000000009a000000| Untracked 
| 417|0x000000009a100000, 0x000000009a100000, 0x000000009a200000|  0%| F|  |TAMS 0x000000009a100000| PB 0x000000009a100000| Untracked 
| 418|0x000000009a200000, 0x000000009a200000, 0x000000009a300000|  0%| F|  |TAMS 0x000000009a200000| PB 0x000000009a200000| Untracked 
| 419|0x000000009a300000, 0x000000009a300000, 0x000000009a400000|  0%| F|  |TAMS 0x000000009a300000| PB 0x000000009a300000| Untracked 
| 420|0x000000009a400000, 0x000000009a400000, 0x000000009a500000|  0%| F|  |TAMS 0x000000009a400000| PB 0x000000009a400000| Untracked 
| 421|0x000000009a500000, 0x000000009a500000, 0x000000009a600000|  0%| F|  |TAMS 0x000000009a500000| PB 0x000000009a500000| Untracked 
| 422|0x000000009a600000, 0x000000009a600000, 0x000000009a700000|  0%| F|  |TAMS 0x000000009a600000| PB 0x000000009a600000| Untracked 
| 423|0x000000009a700000, 0x000000009a700000, 0x000000009a800000|  0%| F|  |TAMS 0x000000009a700000| PB 0x000000009a700000| Untracked 
| 424|0x000000009a800000, 0x000000009a800000, 0x000000009a900000|  0%| F|  |TAMS 0x000000009a800000| PB 0x000000009a800000| Untracked 
| 425|0x000000009a900000, 0x000000009a900000, 0x000000009aa00000|  0%| F|  |TAMS 0x000000009a900000| PB 0x000000009a900000| Untracked 
| 426|0x000000009aa00000, 0x000000009aa00000, 0x000000009ab00000|  0%| F|  |TAMS 0x000000009aa00000| PB 0x000000009aa00000| Untracked 
| 427|0x000000009ab00000, 0x000000009ab00000, 0x000000009ac00000|  0%| F|  |TAMS 0x000000009ab00000| PB 0x000000009ab00000| Untracked 
| 428|0x000000009ac00000, 0x000000009ac00000, 0x000000009ad00000|  0%| F|  |TAMS 0x000000009ac00000| PB 0x000000009ac00000| Untracked 
| 429|0x000000009ad00000, 0x000000009ad00000, 0x000000009ae00000|  0%| F|  |TAMS 0x000000009ad00000| PB 0x000000009ad00000| Untracked 
| 430|0x000000009ae00000, 0x000000009ae00000, 0x000000009af00000|  0%| F|  |TAMS 0x000000009ae00000| PB 0x000000009ae00000| Untracked 
| 431|0x000000009af00000, 0x000000009af00000, 0x000000009b000000|  0%| F|  |TAMS 0x000000009af00000| PB 0x000000009af00000| Untracked 
| 432|0x000000009b000000, 0x000000009b000000, 0x000000009b100000|  0%| F|  |TAMS 0x000000009b000000| PB 0x000000009b000000| Untracked 
| 433|0x000000009b100000, 0x000000009b100000, 0x000000009b200000|  0%| F|  |TAMS 0x000000009b100000| PB 0x000000009b100000| Untracked 
| 434|0x000000009b200000, 0x000000009b200000, 0x000000009b300000|  0%| F|  |TAMS 0x000000009b200000| PB 0x000000009b200000| Untracked 
| 435|0x000000009b300000, 0x000000009b300000, 0x000000009b400000|  0%| F|  |TAMS 0x000000009b300000| PB 0x000000009b300000| Untracked 
| 436|0x000000009b400000, 0x000000009b400000, 0x000000009b500000|  0%| F|  |TAMS 0x000000009b400000| PB 0x000000009b400000| Untracked 
| 437|0x000000009b500000, 0x000000009b500000, 0x000000009b600000|  0%| F|  |TAMS 0x000000009b500000| PB 0x000000009b500000| Untracked 
| 438|0x000000009b600000, 0x000000009b600000, 0x000000009b700000|  0%| F|  |TAMS 0x000000009b600000| PB 0x000000009b600000| Untracked 
| 439|0x000000009b700000, 0x000000009b700000, 0x000000009b800000|  0%| F|  |TAMS 0x000000009b700000| PB 0x000000009b700000| Untracked 
| 440|0x000000009b800000, 0x000000009b800000, 0x000000009b900000|  0%| F|  |TAMS 0x000000009b800000| PB 0x000000009b800000| Untracked 
| 441|0x000000009b900000, 0x000000009b900000, 0x000000009ba00000|  0%| F|  |TAMS 0x000000009b900000| PB 0x000000009b900000| Untracked 
| 442|0x000000009ba00000, 0x000000009ba00000, 0x000000009bb00000|  0%| F|  |TAMS 0x000000009ba00000| PB 0x000000009ba00000| Untracked 
| 443|0x000000009bb00000, 0x000000009bb00000, 0x000000009bc00000|  0%| F|  |TAMS 0x000000009bb00000| PB 0x000000009bb00000| Untracked 
| 444|0x000000009bc00000, 0x000000009bc00000, 0x000000009bd00000|  0%| F|  |TAMS 0x000000009bc00000| PB 0x000000009bc00000| Untracked 
| 445|0x000000009bd00000, 0x000000009bd00000, 0x000000009be00000|  0%| F|  |TAMS 0x000000009bd00000| PB 0x000000009bd00000| Untracked 
| 446|0x000000009be00000, 0x000000009be00000, 0x000000009bf00000|  0%| F|  |TAMS 0x000000009be00000| PB 0x000000009be00000| Untracked 
| 447|0x000000009bf00000, 0x000000009bf00000, 0x000000009c000000|  0%| F|  |TAMS 0x000000009bf00000| PB 0x000000009bf00000| Untracked 
| 448|0x000000009c000000, 0x000000009c000000, 0x000000009c100000|  0%| F|  |TAMS 0x000000009c000000| PB 0x000000009c000000| Untracked 
| 449|0x000000009c100000, 0x000000009c100000, 0x000000009c200000|  0%| F|  |TAMS 0x000000009c100000| PB 0x000000009c100000| Untracked 
| 450|0x000000009c200000, 0x000000009c200000, 0x000000009c300000|  0%| F|  |TAMS 0x000000009c200000| PB 0x000000009c200000| Untracked 
| 451|0x000000009c300000, 0x000000009c300000, 0x000000009c400000|  0%| F|  |TAMS 0x000000009c300000| PB 0x000000009c300000| Untracked 
| 452|0x000000009c400000, 0x000000009c400000, 0x000000009c500000|  0%| F|  |TAMS 0x000000009c400000| PB 0x000000009c400000| Untracked 
| 453|0x000000009c500000, 0x000000009c500000, 0x000000009c600000|  0%| F|  |TAMS 0x000000009c500000| PB 0x000000009c500000| Untracked 
| 454|0x000000009c600000, 0x000000009c600000, 0x000000009c700000|  0%| F|  |TAMS 0x000000009c600000| PB 0x000000009c600000| Untracked 
| 455|0x000000009c700000, 0x000000009c700000, 0x000000009c800000|  0%| F|  |TAMS 0x000000009c700000| PB 0x000000009c700000| Untracked 
| 456|0x000000009c800000, 0x000000009c800000, 0x000000009c900000|  0%| F|  |TAMS 0x000000009c800000| PB 0x000000009c800000| Untracked 
| 457|0x000000009c900000, 0x000000009c900000, 0x000000009ca00000|  0%| F|  |TAMS 0x000000009c900000| PB 0x000000009c900000| Untracked 
| 458|0x000000009ca00000, 0x000000009ca00000, 0x000000009cb00000|  0%| F|  |TAMS 0x000000009ca00000| PB 0x000000009ca00000| Untracked 
| 459|0x000000009cb00000, 0x000000009cb00000, 0x000000009cc00000|  0%| F|  |TAMS 0x000000009cb00000| PB 0x000000009cb00000| Untracked 
| 460|0x000000009cc00000, 0x000000009cc00000, 0x000000009cd00000|  0%| F|  |TAMS 0x000000009cc00000| PB 0x000000009cc00000| Untracked 
| 461|0x000000009cd00000, 0x000000009cd00000, 0x000000009ce00000|  0%| F|  |TAMS 0x000000009cd00000| PB 0x000000009cd00000| Untracked 
| 462|0x000000009ce00000, 0x000000009ce00000, 0x000000009cf00000|  0%| F|  |TAMS 0x000000009ce00000| PB 0x000000009ce00000| Untracked 
| 463|0x000000009cf00000, 0x000000009cf00000, 0x000000009d000000|  0%| F|  |TAMS 0x000000009cf00000| PB 0x000000009cf00000| Untracked 
| 464|0x000000009d000000, 0x000000009d000000, 0x000000009d100000|  0%| F|  |TAMS 0x000000009d000000| PB 0x000000009d000000| Untracked 
| 465|0x000000009d100000, 0x000000009d100000, 0x000000009d200000|  0%| F|  |TAMS 0x000000009d100000| PB 0x000000009d100000| Untracked 
| 466|0x000000009d200000, 0x000000009d200000, 0x000000009d300000|  0%| F|  |TAMS 0x000000009d200000| PB 0x000000009d200000| Untracked 
| 467|0x000000009d300000, 0x000000009d300000, 0x000000009d400000|  0%| F|  |TAMS 0x000000009d300000| PB 0x000000009d300000| Untracked 
| 468|0x000000009d400000, 0x000000009d4cabf8, 0x000000009d500000| 79%| S|CS|TAMS 0x000000009d400000| PB 0x000000009d400000| Complete 
| 469|0x000000009d500000, 0x000000009d600000, 0x000000009d600000|100%| S|CS|TAMS 0x000000009d500000| PB 0x000000009d500000| Complete 
| 470|0x000000009d600000, 0x000000009d700000, 0x000000009d700000|100%| S|CS|TAMS 0x000000009d600000| PB 0x000000009d600000| Complete 
| 471|0x000000009d700000, 0x000000009d800000, 0x000000009d800000|100%| S|CS|TAMS 0x000000009d700000| PB 0x000000009d700000| Complete 
| 472|0x000000009d800000, 0x000000009d900000, 0x000000009d900000|100%| S|CS|TAMS 0x000000009d800000| PB 0x000000009d800000| Complete 
| 473|0x000000009d900000, 0x000000009da00000, 0x000000009da00000|100%| S|CS|TAMS 0x000000009d900000| PB 0x000000009d900000| Complete 
| 474|0x000000009da00000, 0x000000009db00000, 0x000000009db00000|100%| S|CS|TAMS 0x000000009da00000| PB 0x000000009da00000| Complete 
| 475|0x000000009db00000, 0x000000009dc00000, 0x000000009dc00000|100%| S|CS|TAMS 0x000000009db00000| PB 0x000000009db00000| Complete 
| 476|0x000000009dc00000, 0x000000009dd00000, 0x000000009dd00000|100%| S|CS|TAMS 0x000000009dc00000| PB 0x000000009dc00000| Complete 
| 477|0x000000009dd00000, 0x000000009de00000, 0x000000009de00000|100%| S|CS|TAMS 0x000000009dd00000| PB 0x000000009dd00000| Complete 
| 478|0x000000009de00000, 0x000000009df00000, 0x000000009df00000|100%| S|CS|TAMS 0x000000009de00000| PB 0x000000009de00000| Complete 
| 479|0x000000009df00000, 0x000000009e000000, 0x000000009e000000|100%| S|CS|TAMS 0x000000009df00000| PB 0x000000009df00000| Complete 
| 480|0x000000009e000000, 0x000000009e100000, 0x000000009e100000|100%| S|CS|TAMS 0x000000009e000000| PB 0x000000009e000000| Complete 
| 481|0x000000009e100000, 0x000000009e200000, 0x000000009e200000|100%| S|CS|TAMS 0x000000009e100000| PB 0x000000009e100000| Complete 
| 482|0x000000009e200000, 0x000000009e300000, 0x000000009e300000|100%| S|CS|TAMS 0x000000009e200000| PB 0x000000009e200000| Complete 
| 483|0x000000009e300000, 0x000000009e400000, 0x000000009e400000|100%| S|CS|TAMS 0x000000009e300000| PB 0x000000009e300000| Complete 
| 484|0x000000009e400000, 0x000000009e500000, 0x000000009e500000|100%| S|CS|TAMS 0x000000009e400000| PB 0x000000009e400000| Complete 
| 485|0x000000009e500000, 0x000000009e600000, 0x000000009e600000|100%| S|CS|TAMS 0x000000009e500000| PB 0x000000009e500000| Complete 
| 486|0x000000009e600000, 0x000000009e600000, 0x000000009e700000|  0%| F|  |TAMS 0x000000009e600000| PB 0x000000009e600000| Untracked 
| 487|0x000000009e700000, 0x000000009e700000, 0x000000009e800000|  0%| F|  |TAMS 0x000000009e700000| PB 0x000000009e700000| Untracked 
| 488|0x000000009e800000, 0x000000009e800000, 0x000000009e900000|  0%| F|  |TAMS 0x000000009e800000| PB 0x000000009e800000| Untracked 
| 489|0x000000009e900000, 0x000000009e900000, 0x000000009ea00000|  0%| F|  |TAMS 0x000000009e900000| PB 0x000000009e900000| Untracked 
| 490|0x000000009ea00000, 0x000000009ea00000, 0x000000009eb00000|  0%| F|  |TAMS 0x000000009ea00000| PB 0x000000009ea00000| Untracked 
| 491|0x000000009eb00000, 0x000000009eb00000, 0x000000009ec00000|  0%| F|  |TAMS 0x000000009eb00000| PB 0x000000009eb00000| Untracked 
| 492|0x000000009ec00000, 0x000000009ec00000, 0x000000009ed00000|  0%| F|  |TAMS 0x000000009ec00000| PB 0x000000009ec00000| Untracked 
| 493|0x000000009ed00000, 0x000000009ed00000, 0x000000009ee00000|  0%| F|  |TAMS 0x000000009ed00000| PB 0x000000009ed00000| Untracked 
| 494|0x000000009ee00000, 0x000000009ee00000, 0x000000009ef00000|  0%| F|  |TAMS 0x000000009ee00000| PB 0x000000009ee00000| Untracked 
| 495|0x000000009ef00000, 0x000000009ef00000, 0x000000009f000000|  0%| F|  |TAMS 0x000000009ef00000| PB 0x000000009ef00000| Untracked 
| 496|0x000000009f000000, 0x000000009f000000, 0x000000009f100000|  0%| F|  |TAMS 0x000000009f000000| PB 0x000000009f000000| Untracked 
| 497|0x000000009f100000, 0x000000009f100000, 0x000000009f200000|  0%| F|  |TAMS 0x000000009f100000| PB 0x000000009f100000| Untracked 
| 498|0x000000009f200000, 0x000000009f200000, 0x000000009f300000|  0%| F|  |TAMS 0x000000009f200000| PB 0x000000009f200000| Untracked 
| 499|0x000000009f300000, 0x000000009f300000, 0x000000009f400000|  0%| F|  |TAMS 0x000000009f300000| PB 0x000000009f300000| Untracked 
| 500|0x000000009f400000, 0x000000009f400000, 0x000000009f500000|  0%| F|  |TAMS 0x000000009f400000| PB 0x000000009f400000| Untracked 
| 501|0x000000009f500000, 0x000000009f500000, 0x000000009f600000|  0%| F|  |TAMS 0x000000009f500000| PB 0x000000009f500000| Untracked 
| 502|0x000000009f600000, 0x000000009f600000, 0x000000009f700000|  0%| F|  |TAMS 0x000000009f600000| PB 0x000000009f600000| Untracked 
| 503|0x000000009f700000, 0x000000009f700000, 0x000000009f800000|  0%| F|  |TAMS 0x000000009f700000| PB 0x000000009f700000| Untracked 
| 504|0x000000009f800000, 0x000000009f800000, 0x000000009f900000|  0%| F|  |TAMS 0x000000009f800000| PB 0x000000009f800000| Untracked 
| 505|0x000000009f900000, 0x000000009f900000, 0x000000009fa00000|  0%| F|  |TAMS 0x000000009f900000| PB 0x000000009f900000| Untracked 
| 506|0x000000009fa00000, 0x000000009fa00000, 0x000000009fb00000|  0%| F|  |TAMS 0x000000009fa00000| PB 0x000000009fa00000| Untracked 
| 507|0x000000009fb00000, 0x000000009fb00000, 0x000000009fc00000|  0%| F|  |TAMS 0x000000009fb00000| PB 0x000000009fb00000| Untracked 
| 508|0x000000009fc00000, 0x000000009fc00000, 0x000000009fd00000|  0%| F|  |TAMS 0x000000009fc00000| PB 0x000000009fc00000| Untracked 
| 509|0x000000009fd00000, 0x000000009fd00000, 0x000000009fe00000|  0%| F|  |TAMS 0x000000009fd00000| PB 0x000000009fd00000| Untracked 
| 510|0x000000009fe00000, 0x000000009fe00000, 0x000000009ff00000|  0%| F|  |TAMS 0x000000009fe00000| PB 0x000000009fe00000| Untracked 
| 511|0x000000009ff00000, 0x000000009ff00000, 0x00000000a0000000|  0%| F|  |TAMS 0x000000009ff00000| PB 0x000000009ff00000| Untracked 
| 512|0x00000000a0000000, 0x00000000a0000000, 0x00000000a0100000|  0%| F|  |TAMS 0x00000000a0000000| PB 0x00000000a0000000| Untracked 
| 513|0x00000000a0100000, 0x00000000a0100000, 0x00000000a0200000|  0%| F|  |TAMS 0x00000000a0100000| PB 0x00000000a0100000| Untracked 
| 514|0x00000000a0200000, 0x00000000a0200000, 0x00000000a0300000|  0%| F|  |TAMS 0x00000000a0200000| PB 0x00000000a0200000| Untracked 
| 515|0x00000000a0300000, 0x00000000a0300000, 0x00000000a0400000|  0%| F|  |TAMS 0x00000000a0300000| PB 0x00000000a0300000| Untracked 
| 516|0x00000000a0400000, 0x00000000a0400000, 0x00000000a0500000|  0%| F|  |TAMS 0x00000000a0400000| PB 0x00000000a0400000| Untracked 
| 517|0x00000000a0500000, 0x00000000a0500000, 0x00000000a0600000|  0%| F|  |TAMS 0x00000000a0500000| PB 0x00000000a0500000| Untracked 
| 518|0x00000000a0600000, 0x00000000a0600000, 0x00000000a0700000|  0%| F|  |TAMS 0x00000000a0600000| PB 0x00000000a0600000| Untracked 
| 519|0x00000000a0700000, 0x00000000a0700000, 0x00000000a0800000|  0%| F|  |TAMS 0x00000000a0700000| PB 0x00000000a0700000| Untracked 
| 520|0x00000000a0800000, 0x00000000a0800000, 0x00000000a0900000|  0%| F|  |TAMS 0x00000000a0800000| PB 0x00000000a0800000| Untracked 
| 521|0x00000000a0900000, 0x00000000a0900000, 0x00000000a0a00000|  0%| F|  |TAMS 0x00000000a0900000| PB 0x00000000a0900000| Untracked 
| 522|0x00000000a0a00000, 0x00000000a0a00000, 0x00000000a0b00000|  0%| F|  |TAMS 0x00000000a0a00000| PB 0x00000000a0a00000| Untracked 
| 523|0x00000000a0b00000, 0x00000000a0b00000, 0x00000000a0c00000|  0%| F|  |TAMS 0x00000000a0b00000| PB 0x00000000a0b00000| Untracked 
| 524|0x00000000a0c00000, 0x00000000a0c00000, 0x00000000a0d00000|  0%| F|  |TAMS 0x00000000a0c00000| PB 0x00000000a0c00000| Untracked 
| 525|0x00000000a0d00000, 0x00000000a0d00000, 0x00000000a0e00000|  0%| F|  |TAMS 0x00000000a0d00000| PB 0x00000000a0d00000| Untracked 
| 526|0x00000000a0e00000, 0x00000000a0e00000, 0x00000000a0f00000|  0%| F|  |TAMS 0x00000000a0e00000| PB 0x00000000a0e00000| Untracked 
| 527|0x00000000a0f00000, 0x00000000a0f00000, 0x00000000a1000000|  0%| F|  |TAMS 0x00000000a0f00000| PB 0x00000000a0f00000| Untracked 
| 528|0x00000000a1000000, 0x00000000a1000000, 0x00000000a1100000|  0%| F|  |TAMS 0x00000000a1000000| PB 0x00000000a1000000| Untracked 
| 529|0x00000000a1100000, 0x00000000a1100000, 0x00000000a1200000|  0%| F|  |TAMS 0x00000000a1100000| PB 0x00000000a1100000| Untracked 
| 530|0x00000000a1200000, 0x00000000a1200000, 0x00000000a1300000|  0%| F|  |TAMS 0x00000000a1200000| PB 0x00000000a1200000| Untracked 
| 531|0x00000000a1300000, 0x00000000a1300000, 0x00000000a1400000|  0%| F|  |TAMS 0x00000000a1300000| PB 0x00000000a1300000| Untracked 
| 532|0x00000000a1400000, 0x00000000a1400000, 0x00000000a1500000|  0%| F|  |TAMS 0x00000000a1400000| PB 0x00000000a1400000| Untracked 
| 533|0x00000000a1500000, 0x00000000a1500000, 0x00000000a1600000|  0%| F|  |TAMS 0x00000000a1500000| PB 0x00000000a1500000| Untracked 
| 534|0x00000000a1600000, 0x00000000a1600000, 0x00000000a1700000|  0%| F|  |TAMS 0x00000000a1600000| PB 0x00000000a1600000| Untracked 
| 535|0x00000000a1700000, 0x00000000a1700000, 0x00000000a1800000|  0%| F|  |TAMS 0x00000000a1700000| PB 0x00000000a1700000| Untracked 
| 536|0x00000000a1800000, 0x00000000a1800000, 0x00000000a1900000|  0%| F|  |TAMS 0x00000000a1800000| PB 0x00000000a1800000| Untracked 
| 537|0x00000000a1900000, 0x00000000a1900000, 0x00000000a1a00000|  0%| F|  |TAMS 0x00000000a1900000| PB 0x00000000a1900000| Untracked 
| 538|0x00000000a1a00000, 0x00000000a1a00000, 0x00000000a1b00000|  0%| F|  |TAMS 0x00000000a1a00000| PB 0x00000000a1a00000| Untracked 
| 539|0x00000000a1b00000, 0x00000000a1b00000, 0x00000000a1c00000|  0%| F|  |TAMS 0x00000000a1b00000| PB 0x00000000a1b00000| Untracked 
| 540|0x00000000a1c00000, 0x00000000a1c00000, 0x00000000a1d00000|  0%| F|  |TAMS 0x00000000a1c00000| PB 0x00000000a1c00000| Untracked 
| 541|0x00000000a1d00000, 0x00000000a1d00000, 0x00000000a1e00000|  0%| F|  |TAMS 0x00000000a1d00000| PB 0x00000000a1d00000| Untracked 
| 542|0x00000000a1e00000, 0x00000000a1e00000, 0x00000000a1f00000|  0%| F|  |TAMS 0x00000000a1e00000| PB 0x00000000a1e00000| Untracked 
| 543|0x00000000a1f00000, 0x00000000a1f00000, 0x00000000a2000000|  0%| F|  |TAMS 0x00000000a1f00000| PB 0x00000000a1f00000| Untracked 
| 544|0x00000000a2000000, 0x00000000a2000000, 0x00000000a2100000|  0%| F|  |TAMS 0x00000000a2000000| PB 0x00000000a2000000| Untracked 
| 545|0x00000000a2100000, 0x00000000a2100000, 0x00000000a2200000|  0%| F|  |TAMS 0x00000000a2100000| PB 0x00000000a2100000| Untracked 
| 546|0x00000000a2200000, 0x00000000a2200000, 0x00000000a2300000|  0%| F|  |TAMS 0x00000000a2200000| PB 0x00000000a2200000| Untracked 
| 547|0x00000000a2300000, 0x00000000a2300000, 0x00000000a2400000|  0%| F|  |TAMS 0x00000000a2300000| PB 0x00000000a2300000| Untracked 
| 548|0x00000000a2400000, 0x00000000a2400000, 0x00000000a2500000|  0%| F|  |TAMS 0x00000000a2400000| PB 0x00000000a2400000| Untracked 
| 549|0x00000000a2500000, 0x00000000a2500000, 0x00000000a2600000|  0%| F|  |TAMS 0x00000000a2500000| PB 0x00000000a2500000| Untracked 
| 550|0x00000000a2600000, 0x00000000a2600000, 0x00000000a2700000|  0%| F|  |TAMS 0x00000000a2600000| PB 0x00000000a2600000| Untracked 
| 551|0x00000000a2700000, 0x00000000a2700000, 0x00000000a2800000|  0%| F|  |TAMS 0x00000000a2700000| PB 0x00000000a2700000| Untracked 
| 552|0x00000000a2800000, 0x00000000a2800000, 0x00000000a2900000|  0%| F|  |TAMS 0x00000000a2800000| PB 0x00000000a2800000| Untracked 
| 553|0x00000000a2900000, 0x00000000a2900000, 0x00000000a2a00000|  0%| F|  |TAMS 0x00000000a2900000| PB 0x00000000a2900000| Untracked 
| 554|0x00000000a2a00000, 0x00000000a2a00000, 0x00000000a2b00000|  0%| F|  |TAMS 0x00000000a2a00000| PB 0x00000000a2a00000| Untracked 
| 555|0x00000000a2b00000, 0x00000000a2b00000, 0x00000000a2c00000|  0%| F|  |TAMS 0x00000000a2b00000| PB 0x00000000a2b00000| Untracked 
| 556|0x00000000a2c00000, 0x00000000a2c00000, 0x00000000a2d00000|  0%| F|  |TAMS 0x00000000a2c00000| PB 0x00000000a2c00000| Untracked 
| 557|0x00000000a2d00000, 0x00000000a2d00000, 0x00000000a2e00000|  0%| F|  |TAMS 0x00000000a2d00000| PB 0x00000000a2d00000| Untracked 
| 558|0x00000000a2e00000, 0x00000000a2e00000, 0x00000000a2f00000|  0%| F|  |TAMS 0x00000000a2e00000| PB 0x00000000a2e00000| Untracked 
| 559|0x00000000a2f00000, 0x00000000a2f00000, 0x00000000a3000000|  0%| F|  |TAMS 0x00000000a2f00000| PB 0x00000000a2f00000| Untracked 
| 560|0x00000000a3000000, 0x00000000a3000000, 0x00000000a3100000|  0%| F|  |TAMS 0x00000000a3000000| PB 0x00000000a3000000| Untracked 
| 561|0x00000000a3100000, 0x00000000a3100000, 0x00000000a3200000|  0%| F|  |TAMS 0x00000000a3100000| PB 0x00000000a3100000| Untracked 
| 562|0x00000000a3200000, 0x00000000a3200000, 0x00000000a3300000|  0%| F|  |TAMS 0x00000000a3200000| PB 0x00000000a3200000| Untracked 
| 563|0x00000000a3300000, 0x00000000a3300000, 0x00000000a3400000|  0%| F|  |TAMS 0x00000000a3300000| PB 0x00000000a3300000| Untracked 
| 564|0x00000000a3400000, 0x00000000a3400000, 0x00000000a3500000|  0%| F|  |TAMS 0x00000000a3400000| PB 0x00000000a3400000| Untracked 
| 565|0x00000000a3500000, 0x00000000a3500000, 0x00000000a3600000|  0%| F|  |TAMS 0x00000000a3500000| PB 0x00000000a3500000| Untracked 
| 566|0x00000000a3600000, 0x00000000a3600000, 0x00000000a3700000|  0%| F|  |TAMS 0x00000000a3600000| PB 0x00000000a3600000| Untracked 
| 567|0x00000000a3700000, 0x00000000a3700000, 0x00000000a3800000|  0%| F|  |TAMS 0x00000000a3700000| PB 0x00000000a3700000| Untracked 
| 568|0x00000000a3800000, 0x00000000a3800000, 0x00000000a3900000|  0%| F|  |TAMS 0x00000000a3800000| PB 0x00000000a3800000| Untracked 
| 569|0x00000000a3900000, 0x00000000a3900000, 0x00000000a3a00000|  0%| F|  |TAMS 0x00000000a3900000| PB 0x00000000a3900000| Untracked 
| 570|0x00000000a3a00000, 0x00000000a3a00000, 0x00000000a3b00000|  0%| F|  |TAMS 0x00000000a3a00000| PB 0x00000000a3a00000| Untracked 
| 571|0x00000000a3b00000, 0x00000000a3b00000, 0x00000000a3c00000|  0%| F|  |TAMS 0x00000000a3b00000| PB 0x00000000a3b00000| Untracked 
| 572|0x00000000a3c00000, 0x00000000a3c00000, 0x00000000a3d00000|  0%| F|  |TAMS 0x00000000a3c00000| PB 0x00000000a3c00000| Untracked 
| 573|0x00000000a3d00000, 0x00000000a3d00000, 0x00000000a3e00000|  0%| F|  |TAMS 0x00000000a3d00000| PB 0x00000000a3d00000| Untracked 
| 574|0x00000000a3e00000, 0x00000000a3e00000, 0x00000000a3f00000|  0%| F|  |TAMS 0x00000000a3e00000| PB 0x00000000a3e00000| Untracked 
| 575|0x00000000a3f00000, 0x00000000a3f00000, 0x00000000a4000000|  0%| F|  |TAMS 0x00000000a3f00000| PB 0x00000000a3f00000| Untracked 
| 576|0x00000000a4000000, 0x00000000a4000000, 0x00000000a4100000|  0%| F|  |TAMS 0x00000000a4000000| PB 0x00000000a4000000| Untracked 
| 577|0x00000000a4100000, 0x00000000a4100000, 0x00000000a4200000|  0%| F|  |TAMS 0x00000000a4100000| PB 0x00000000a4100000| Untracked 
| 578|0x00000000a4200000, 0x00000000a4200000, 0x00000000a4300000|  0%| F|  |TAMS 0x00000000a4200000| PB 0x00000000a4200000| Untracked 
| 579|0x00000000a4300000, 0x00000000a4300000, 0x00000000a4400000|  0%| F|  |TAMS 0x00000000a4300000| PB 0x00000000a4300000| Untracked 
| 580|0x00000000a4400000, 0x00000000a4400000, 0x00000000a4500000|  0%| F|  |TAMS 0x00000000a4400000| PB 0x00000000a4400000| Untracked 
| 581|0x00000000a4500000, 0x00000000a4500000, 0x00000000a4600000|  0%| F|  |TAMS 0x00000000a4500000| PB 0x00000000a4500000| Untracked 
| 582|0x00000000a4600000, 0x00000000a4600000, 0x00000000a4700000|  0%| F|  |TAMS 0x00000000a4600000| PB 0x00000000a4600000| Untracked 
| 583|0x00000000a4700000, 0x00000000a4700000, 0x00000000a4800000|  0%| F|  |TAMS 0x00000000a4700000| PB 0x00000000a4700000| Untracked 
| 584|0x00000000a4800000, 0x00000000a4800000, 0x00000000a4900000|  0%| F|  |TAMS 0x00000000a4800000| PB 0x00000000a4800000| Untracked 
| 585|0x00000000a4900000, 0x00000000a4900000, 0x00000000a4a00000|  0%| F|  |TAMS 0x00000000a4900000| PB 0x00000000a4900000| Untracked 
| 586|0x00000000a4a00000, 0x00000000a4a00000, 0x00000000a4b00000|  0%| F|  |TAMS 0x00000000a4a00000| PB 0x00000000a4a00000| Untracked 
| 587|0x00000000a4b00000, 0x00000000a4b00000, 0x00000000a4c00000|  0%| F|  |TAMS 0x00000000a4b00000| PB 0x00000000a4b00000| Untracked 
| 588|0x00000000a4c00000, 0x00000000a4c00000, 0x00000000a4d00000|  0%| F|  |TAMS 0x00000000a4c00000| PB 0x00000000a4c00000| Untracked 
| 589|0x00000000a4d00000, 0x00000000a4d00000, 0x00000000a4e00000|  0%| F|  |TAMS 0x00000000a4d00000| PB 0x00000000a4d00000| Untracked 
| 590|0x00000000a4e00000, 0x00000000a4e00000, 0x00000000a4f00000|  0%| F|  |TAMS 0x00000000a4e00000| PB 0x00000000a4e00000| Untracked 
| 591|0x00000000a4f00000, 0x00000000a4f00000, 0x00000000a5000000|  0%| F|  |TAMS 0x00000000a4f00000| PB 0x00000000a4f00000| Untracked 
| 592|0x00000000a5000000, 0x00000000a5000000, 0x00000000a5100000|  0%| F|  |TAMS 0x00000000a5000000| PB 0x00000000a5000000| Untracked 
| 593|0x00000000a5100000, 0x00000000a5100000, 0x00000000a5200000|  0%| F|  |TAMS 0x00000000a5100000| PB 0x00000000a5100000| Untracked 
| 594|0x00000000a5200000, 0x00000000a5200000, 0x00000000a5300000|  0%| F|  |TAMS 0x00000000a5200000| PB 0x00000000a5200000| Untracked 
| 595|0x00000000a5300000, 0x00000000a5300000, 0x00000000a5400000|  0%| F|  |TAMS 0x00000000a5300000| PB 0x00000000a5300000| Untracked 
| 596|0x00000000a5400000, 0x00000000a5400000, 0x00000000a5500000|  0%| F|  |TAMS 0x00000000a5400000| PB 0x00000000a5400000| Untracked 
| 597|0x00000000a5500000, 0x00000000a5500000, 0x00000000a5600000|  0%| F|  |TAMS 0x00000000a5500000| PB 0x00000000a5500000| Untracked 
| 598|0x00000000a5600000, 0x00000000a5600000, 0x00000000a5700000|  0%| F|  |TAMS 0x00000000a5600000| PB 0x00000000a5600000| Untracked 
| 599|0x00000000a5700000, 0x00000000a5700000, 0x00000000a5800000|  0%| F|  |TAMS 0x00000000a5700000| PB 0x00000000a5700000| Untracked 
| 600|0x00000000a5800000, 0x00000000a5800000, 0x00000000a5900000|  0%| F|  |TAMS 0x00000000a5800000| PB 0x00000000a5800000| Untracked 
| 601|0x00000000a5900000, 0x00000000a5900000, 0x00000000a5a00000|  0%| F|  |TAMS 0x00000000a5900000| PB 0x00000000a5900000| Untracked 
| 602|0x00000000a5a00000, 0x00000000a5a00000, 0x00000000a5b00000|  0%| F|  |TAMS 0x00000000a5a00000| PB 0x00000000a5a00000| Untracked 
| 603|0x00000000a5b00000, 0x00000000a5b00000, 0x00000000a5c00000|  0%| F|  |TAMS 0x00000000a5b00000| PB 0x00000000a5b00000| Untracked 
| 604|0x00000000a5c00000, 0x00000000a5c00000, 0x00000000a5d00000|  0%| F|  |TAMS 0x00000000a5c00000| PB 0x00000000a5c00000| Untracked 
| 605|0x00000000a5d00000, 0x00000000a5d00000, 0x00000000a5e00000|  0%| F|  |TAMS 0x00000000a5d00000| PB 0x00000000a5d00000| Untracked 
| 606|0x00000000a5e00000, 0x00000000a5e00000, 0x00000000a5f00000|  0%| F|  |TAMS 0x00000000a5e00000| PB 0x00000000a5e00000| Untracked 
| 607|0x00000000a5f00000, 0x00000000a5f00000, 0x00000000a6000000|  0%| F|  |TAMS 0x00000000a5f00000| PB 0x00000000a5f00000| Untracked 
| 608|0x00000000a6000000, 0x00000000a6000000, 0x00000000a6100000|  0%| F|  |TAMS 0x00000000a6000000| PB 0x00000000a6000000| Untracked 
| 609|0x00000000a6100000, 0x00000000a6100000, 0x00000000a6200000|  0%| F|  |TAMS 0x00000000a6100000| PB 0x00000000a6100000| Untracked 
| 610|0x00000000a6200000, 0x00000000a6200000, 0x00000000a6300000|  0%| F|  |TAMS 0x00000000a6200000| PB 0x00000000a6200000| Untracked 
| 611|0x00000000a6300000, 0x00000000a6300000, 0x00000000a6400000|  0%| F|  |TAMS 0x00000000a6300000| PB 0x00000000a6300000| Untracked 
| 612|0x00000000a6400000, 0x00000000a6400000, 0x00000000a6500000|  0%| F|  |TAMS 0x00000000a6400000| PB 0x00000000a6400000| Untracked 
| 613|0x00000000a6500000, 0x00000000a6500000, 0x00000000a6600000|  0%| F|  |TAMS 0x00000000a6500000| PB 0x00000000a6500000| Untracked 
| 614|0x00000000a6600000, 0x00000000a6600000, 0x00000000a6700000|  0%| F|  |TAMS 0x00000000a6600000| PB 0x00000000a6600000| Untracked 
| 615|0x00000000a6700000, 0x00000000a6700000, 0x00000000a6800000|  0%| F|  |TAMS 0x00000000a6700000| PB 0x00000000a6700000| Untracked 
| 616|0x00000000a6800000, 0x00000000a6800000, 0x00000000a6900000|  0%| F|  |TAMS 0x00000000a6800000| PB 0x00000000a6800000| Untracked 
| 617|0x00000000a6900000, 0x00000000a6900000, 0x00000000a6a00000|  0%| F|  |TAMS 0x00000000a6900000| PB 0x00000000a6900000| Untracked 
| 618|0x00000000a6a00000, 0x00000000a6a00000, 0x00000000a6b00000|  0%| F|  |TAMS 0x00000000a6a00000| PB 0x00000000a6a00000| Untracked 
| 619|0x00000000a6b00000, 0x00000000a6b00000, 0x00000000a6c00000|  0%| F|  |TAMS 0x00000000a6b00000| PB 0x00000000a6b00000| Untracked 
| 620|0x00000000a6c00000, 0x00000000a6c00000, 0x00000000a6d00000|  0%| F|  |TAMS 0x00000000a6c00000| PB 0x00000000a6c00000| Untracked 
| 621|0x00000000a6d00000, 0x00000000a6d00000, 0x00000000a6e00000|  0%| F|  |TAMS 0x00000000a6d00000| PB 0x00000000a6d00000| Untracked 
| 622|0x00000000a6e00000, 0x00000000a6e00000, 0x00000000a6f00000|  0%| F|  |TAMS 0x00000000a6e00000| PB 0x00000000a6e00000| Untracked 
|1944|0x00000000f9800000, 0x00000000f9900000, 0x00000000f9900000|100%| O|  |TAMS 0x00000000f9800000| PB 0x00000000f9800000| Untracked 
|1945|0x00000000f9900000, 0x00000000f9a00000, 0x00000000f9a00000|100%| O|  |TAMS 0x00000000f9900000| PB 0x00000000f9900000| Untracked 
|1946|0x00000000f9a00000, 0x00000000f9b00000, 0x00000000f9b00000|100%| O|  |TAMS 0x00000000f9a00000| PB 0x00000000f9a00000| Untracked 
|1947|0x00000000f9b00000, 0x00000000f9c00000, 0x00000000f9c00000|100%| O|  |TAMS 0x00000000f9b00000| PB 0x00000000f9b00000| Untracked 
|1948|0x00000000f9c00000, 0x00000000f9d00000, 0x00000000f9d00000|100%| O|  |TAMS 0x00000000f9c00000| PB 0x00000000f9c00000| Untracked 
|1949|0x00000000f9d00000, 0x00000000f9d00000, 0x00000000f9e00000|  0%| F|  |TAMS 0x00000000f9d00000| PB 0x00000000f9d00000| Untracked 
|1950|0x00000000f9e00000, 0x00000000f9e00000, 0x00000000f9f00000|  0%| F|  |TAMS 0x00000000f9e00000| PB 0x00000000f9e00000| Untracked 
|1951|0x00000000f9f00000, 0x00000000fa000000, 0x00000000fa000000|100%| O|  |TAMS 0x00000000f9f00000| PB 0x00000000f9f00000| Untracked 
|1952|0x00000000fa000000, 0x00000000fa000000, 0x00000000fa100000|  0%| F|  |TAMS 0x00000000fa000000| PB 0x00000000fa000000| Untracked 
|1953|0x00000000fa100000, 0x00000000fa200000, 0x00000000fa200000|100%| O|  |TAMS 0x00000000fa100000| PB 0x00000000fa100000| Untracked 
|1954|0x00000000fa200000, 0x00000000fa300000, 0x00000000fa300000|100%| O|  |TAMS 0x00000000fa200000| PB 0x00000000fa200000| Untracked 
|1955|0x00000000fa300000, 0x00000000fa400000, 0x00000000fa400000|100%| O|  |TAMS 0x00000000fa300000| PB 0x00000000fa300000| Untracked 
|1956|0x00000000fa400000, 0x00000000fa500000, 0x00000000fa500000|100%| O|  |TAMS 0x00000000fa400000| PB 0x00000000fa400000| Untracked 
|1957|0x00000000fa500000, 0x00000000fa600000, 0x00000000fa600000|100%| O|  |TAMS 0x00000000fa500000| PB 0x00000000fa500000| Untracked 
|1958|0x00000000fa600000, 0x00000000fa700000, 0x00000000fa700000|100%| O|  |TAMS 0x00000000fa600000| PB 0x00000000fa600000| Untracked 
|1959|0x00000000fa700000, 0x00000000fa800000, 0x00000000fa800000|100%| O|  |TAMS 0x00000000fa700000| PB 0x00000000fa700000| Untracked 
|1960|0x00000000fa800000, 0x00000000fa900000, 0x00000000fa900000|100%| O|  |TAMS 0x00000000fa800000| PB 0x00000000fa800000| Untracked 
|1961|0x00000000fa900000, 0x00000000faa00000, 0x00000000faa00000|100%| O|  |TAMS 0x00000000fa900000| PB 0x00000000fa900000| Untracked 
|1962|0x00000000faa00000, 0x00000000fab00000, 0x00000000fab00000|100%| O|  |TAMS 0x00000000faa00000| PB 0x00000000faa00000| Untracked 
|1963|0x00000000fab00000, 0x00000000fac00000, 0x00000000fac00000|100%| O|  |TAMS 0x00000000fab00000| PB 0x00000000fab00000| Untracked 
|1964|0x00000000fac00000, 0x00000000fad00000, 0x00000000fad00000|100%| O|  |TAMS 0x00000000fac00000| PB 0x00000000fac00000| Untracked 
|1965|0x00000000fad00000, 0x00000000fae00000, 0x00000000fae00000|100%| O|  |TAMS 0x00000000fad00000| PB 0x00000000fad00000| Untracked 
|1966|0x00000000fae00000, 0x00000000faf00000, 0x00000000faf00000|100%| O|  |TAMS 0x00000000fae00000| PB 0x00000000fae00000| Untracked 
|1967|0x00000000faf00000, 0x00000000fb000000, 0x00000000fb000000|100%| O|  |TAMS 0x00000000faf00000| PB 0x00000000faf00000| Untracked 
|1968|0x00000000fb000000, 0x00000000fb100000, 0x00000000fb100000|100%| O|  |TAMS 0x00000000fb000000| PB 0x00000000fb000000| Untracked 
|1969|0x00000000fb100000, 0x00000000fb200000, 0x00000000fb200000|100%| O|  |TAMS 0x00000000fb100000| PB 0x00000000fb100000| Untracked 
|1970|0x00000000fb200000, 0x00000000fb300000, 0x00000000fb300000|100%| O|  |TAMS 0x00000000fb200000| PB 0x00000000fb200000| Untracked 
|1971|0x00000000fb300000, 0x00000000fb400000, 0x00000000fb400000|100%| O|  |TAMS 0x00000000fb300000| PB 0x00000000fb300000| Untracked 
|1972|0x00000000fb400000, 0x00000000fb500000, 0x00000000fb500000|100%| O|  |TAMS 0x00000000fb400000| PB 0x00000000fb400000| Untracked 
|1973|0x00000000fb500000, 0x00000000fb600000, 0x00000000fb600000|100%| O|  |TAMS 0x00000000fb500000| PB 0x00000000fb500000| Untracked 
|1974|0x00000000fb600000, 0x00000000fb700000, 0x00000000fb700000|100%| O|  |TAMS 0x00000000fb600000| PB 0x00000000fb600000| Untracked 
|1975|0x00000000fb700000, 0x00000000fb800000, 0x00000000fb800000|100%| O|  |TAMS 0x00000000fb700000| PB 0x00000000fb700000| Untracked 
|1976|0x00000000fb800000, 0x00000000fb900000, 0x00000000fb900000|100%| O|  |TAMS 0x00000000fb800000| PB 0x00000000fb800000| Untracked 
|1977|0x00000000fb900000, 0x00000000fba00000, 0x00000000fba00000|100%| O|  |TAMS 0x00000000fb900000| PB 0x00000000fb900000| Untracked 
|1978|0x00000000fba00000, 0x00000000fbb00000, 0x00000000fbb00000|100%| O|  |TAMS 0x00000000fba00000| PB 0x00000000fba00000| Untracked 
|1979|0x00000000fbb00000, 0x00000000fbc00000, 0x00000000fbc00000|100%| O|  |TAMS 0x00000000fbb00000| PB 0x00000000fbb00000| Untracked 
|1980|0x00000000fbc00000, 0x00000000fbd00000, 0x00000000fbd00000|100%| O|  |TAMS 0x00000000fbc00000| PB 0x00000000fbc00000| Untracked 
|1981|0x00000000fbd00000, 0x00000000fbe00000, 0x00000000fbe00000|100%| O|  |TAMS 0x00000000fbd00000| PB 0x00000000fbd00000| Untracked 
|1982|0x00000000fbe00000, 0x00000000fbf00000, 0x00000000fbf00000|100%| O|  |TAMS 0x00000000fbe00000| PB 0x00000000fbe00000| Untracked 
|1983|0x00000000fbf00000, 0x00000000fc000000, 0x00000000fc000000|100%| O|  |TAMS 0x00000000fbf00000| PB 0x00000000fbf00000| Untracked 
|1984|0x00000000fc000000, 0x00000000fc100000, 0x00000000fc100000|100%| O|  |TAMS 0x00000000fc000000| PB 0x00000000fc000000| Untracked 
|1985|0x00000000fc100000, 0x00000000fc200000, 0x00000000fc200000|100%| O|  |TAMS 0x00000000fc100000| PB 0x00000000fc100000| Untracked 
|1986|0x00000000fc200000, 0x00000000fc300000, 0x00000000fc300000|100%| O|  |TAMS 0x00000000fc200000| PB 0x00000000fc200000| Untracked 
|1987|0x00000000fc300000, 0x00000000fc400000, 0x00000000fc400000|100%| O|  |TAMS 0x00000000fc300000| PB 0x00000000fc300000| Untracked 
|1988|0x00000000fc400000, 0x00000000fc500000, 0x00000000fc500000|100%| O|  |TAMS 0x00000000fc400000| PB 0x00000000fc400000| Untracked 
|1989|0x00000000fc500000, 0x00000000fc600000, 0x00000000fc600000|100%| O|  |TAMS 0x00000000fc500000| PB 0x00000000fc500000| Untracked 
|1990|0x00000000fc600000, 0x00000000fc700000, 0x00000000fc700000|100%| O|  |TAMS 0x00000000fc600000| PB 0x00000000fc600000| Untracked 
|1991|0x00000000fc700000, 0x00000000fc800000, 0x00000000fc800000|100%| O|  |TAMS 0x00000000fc700000| PB 0x00000000fc700000| Untracked 
|1992|0x00000000fc800000, 0x00000000fc900000, 0x00000000fc900000|100%| O|  |TAMS 0x00000000fc800000| PB 0x00000000fc800000| Untracked 
|1993|0x00000000fc900000, 0x00000000fca00000, 0x00000000fca00000|100%| O|  |TAMS 0x00000000fc900000| PB 0x00000000fc900000| Untracked 
|1994|0x00000000fca00000, 0x00000000fcb00000, 0x00000000fcb00000|100%| O|  |TAMS 0x00000000fca00000| PB 0x00000000fca00000| Untracked 
|1995|0x00000000fcb00000, 0x00000000fcc00000, 0x00000000fcc00000|100%| O|  |TAMS 0x00000000fcb00000| PB 0x00000000fcb00000| Untracked 
|1996|0x00000000fcc00000, 0x00000000fcd00000, 0x00000000fcd00000|100%| O|  |TAMS 0x00000000fcc00000| PB 0x00000000fcc00000| Untracked 
|1997|0x00000000fcd00000, 0x00000000fce00000, 0x00000000fce00000|100%| O|  |TAMS 0x00000000fcd00000| PB 0x00000000fcd00000| Untracked 
|1998|0x00000000fce00000, 0x00000000fcf00000, 0x00000000fcf00000|100%| O|  |TAMS 0x00000000fce00000| PB 0x00000000fce00000| Untracked 
|1999|0x00000000fcf00000, 0x00000000fd000000, 0x00000000fd000000|100%| O|  |TAMS 0x00000000fcf00000| PB 0x00000000fcf00000| Untracked 
|2000|0x00000000fd000000, 0x00000000fd100000, 0x00000000fd100000|100%| O|  |TAMS 0x00000000fd000000| PB 0x00000000fd000000| Untracked 
|2001|0x00000000fd100000, 0x00000000fd200000, 0x00000000fd200000|100%| O|  |TAMS 0x00000000fd100000| PB 0x00000000fd100000| Untracked 
|2002|0x00000000fd200000, 0x00000000fd300000, 0x00000000fd300000|100%| O|  |TAMS 0x00000000fd200000| PB 0x00000000fd200000| Untracked 
|2003|0x00000000fd300000, 0x00000000fd400000, 0x00000000fd400000|100%| O|  |TAMS 0x00000000fd300000| PB 0x00000000fd300000| Untracked 
|2004|0x00000000fd400000, 0x00000000fd500000, 0x00000000fd500000|100%| O|  |TAMS 0x00000000fd400000| PB 0x00000000fd400000| Untracked 
|2005|0x00000000fd500000, 0x00000000fd600000, 0x00000000fd600000|100%| O|  |TAMS 0x00000000fd500000| PB 0x00000000fd500000| Untracked 
|2006|0x00000000fd600000, 0x00000000fd700000, 0x00000000fd700000|100%| O|  |TAMS 0x00000000fd600000| PB 0x00000000fd600000| Untracked 
|2007|0x00000000fd700000, 0x00000000fd800000, 0x00000000fd800000|100%| O|  |TAMS 0x00000000fd700000| PB 0x00000000fd700000| Untracked 
|2008|0x00000000fd800000, 0x00000000fd900000, 0x00000000fd900000|100%| O|  |TAMS 0x00000000fd800000| PB 0x00000000fd800000| Untracked 
|2009|0x00000000fd900000, 0x00000000fda00000, 0x00000000fda00000|100%| O|  |TAMS 0x00000000fd900000| PB 0x00000000fd900000| Untracked 
|2010|0x00000000fda00000, 0x00000000fdb00000, 0x00000000fdb00000|100%| O|  |TAMS 0x00000000fda00000| PB 0x00000000fda00000| Untracked 
|2011|0x00000000fdb00000, 0x00000000fdc00000, 0x00000000fdc00000|100%| O|  |TAMS 0x00000000fdb00000| PB 0x00000000fdb00000| Untracked 
|2012|0x00000000fdc00000, 0x00000000fdd00000, 0x00000000fdd00000|100%| O|  |TAMS 0x00000000fdc00000| PB 0x00000000fdc00000| Untracked 
|2013|0x00000000fdd00000, 0x00000000fde00000, 0x00000000fde00000|100%| O|  |TAMS 0x00000000fdd00000| PB 0x00000000fdd00000| Untracked 
|2014|0x00000000fde00000, 0x00000000fdf00000, 0x00000000fdf00000|100%| O|  |TAMS 0x00000000fde00000| PB 0x00000000fde00000| Untracked 
|2015|0x00000000fdf00000, 0x00000000fe000000, 0x00000000fe000000|100%| O|  |TAMS 0x00000000fdf00000| PB 0x00000000fdf00000| Untracked 
|2016|0x00000000fe000000, 0x00000000fe100000, 0x00000000fe100000|100%| O|  |TAMS 0x00000000fe000000| PB 0x00000000fe000000| Untracked 
|2017|0x00000000fe100000, 0x00000000fe100000, 0x00000000fe200000|  0%| F|  |TAMS 0x00000000fe100000| PB 0x00000000fe100000| Untracked 
|2018|0x00000000fe200000, 0x00000000fe300000, 0x00000000fe300000|100%| O|  |TAMS 0x00000000fe200000| PB 0x00000000fe200000| Untracked 
|2019|0x00000000fe300000, 0x00000000fe400000, 0x00000000fe400000|100%| O|  |TAMS 0x00000000fe300000| PB 0x00000000fe300000| Untracked 
|2020|0x00000000fe400000, 0x00000000fe500000, 0x00000000fe500000|100%| O|  |TAMS 0x00000000fe400000| PB 0x00000000fe400000| Untracked 
|2021|0x00000000fe500000, 0x00000000fe600000, 0x00000000fe600000|100%| O|  |TAMS 0x00000000fe500000| PB 0x00000000fe500000| Untracked 
|2022|0x00000000fe600000, 0x00000000fe700000, 0x00000000fe700000|100%| O|  |TAMS 0x00000000fe600000| PB 0x00000000fe600000| Untracked 
|2023|0x00000000fe700000, 0x00000000fe800000, 0x00000000fe800000|100%| O|  |TAMS 0x00000000fe700000| PB 0x00000000fe700000| Untracked 
|2024|0x00000000fe800000, 0x00000000fe900000, 0x00000000fe900000|100%| O|  |TAMS 0x00000000fe800000| PB 0x00000000fe800000| Untracked 
|2025|0x00000000fe900000, 0x00000000fea00000, 0x00000000fea00000|100%| O|  |TAMS 0x00000000fe900000| PB 0x00000000fe900000| Untracked 
|2026|0x00000000fea00000, 0x00000000fea00000, 0x00000000feb00000|  0%| F|  |TAMS 0x00000000fea00000| PB 0x00000000fea00000| Untracked 
|2027|0x00000000feb00000, 0x00000000fec00000, 0x00000000fec00000|100%| O|  |TAMS 0x00000000feb00000| PB 0x00000000feb00000| Untracked 
|2028|0x00000000fec00000, 0x00000000fec00000, 0x00000000fed00000|  0%| F|  |TAMS 0x00000000fec00000| PB 0x00000000fec00000| Untracked 
|2029|0x00000000fed00000, 0x00000000fed00000, 0x00000000fee00000|  0%| F|  |TAMS 0x00000000fed00000| PB 0x00000000fed00000| Untracked 
|2030|0x00000000fee00000, 0x00000000fef00000, 0x00000000fef00000|100%| O|  |TAMS 0x00000000fee00000| PB 0x00000000fee00000| Untracked 
|2031|0x00000000fef00000, 0x00000000ff000000, 0x00000000ff000000|100%| O|  |TAMS 0x00000000fef00000| PB 0x00000000fef00000| Untracked 
|2032|0x00000000ff000000, 0x00000000ff100000, 0x00000000ff100000|100%| O|  |TAMS 0x00000000ff000000| PB 0x00000000ff000000| Untracked 
|2033|0x00000000ff100000, 0x00000000ff200000, 0x00000000ff200000|100%| O|  |TAMS 0x00000000ff100000| PB 0x00000000ff100000| Untracked 
|2034|0x00000000ff200000, 0x00000000ff300000, 0x00000000ff300000|100%| O|  |TAMS 0x00000000ff200000| PB 0x00000000ff200000| Untracked 
|2035|0x00000000ff300000, 0x00000000ff400000, 0x00000000ff400000|100%| O|  |TAMS 0x00000000ff300000| PB 0x00000000ff300000| Untracked 
|2036|0x00000000ff400000, 0x00000000ff500000, 0x00000000ff500000|100%| O|  |TAMS 0x00000000ff400000| PB 0x00000000ff400000| Untracked 
|2037|0x00000000ff500000, 0x00000000ff600000, 0x00000000ff600000|100%| O|  |TAMS 0x00000000ff500000| PB 0x00000000ff500000| Untracked 
|2038|0x00000000ff600000, 0x00000000ff700000, 0x00000000ff700000|100%| O|  |TAMS 0x00000000ff600000| PB 0x00000000ff600000| Untracked 
|2039|0x00000000ff700000, 0x00000000ff700000, 0x00000000ff800000|  0%| F|  |TAMS 0x00000000ff700000| PB 0x00000000ff700000| Untracked 
|2040|0x00000000ff800000, 0x00000000ff900000, 0x00000000ff900000|100%| O|  |TAMS 0x00000000ff800000| PB 0x00000000ff800000| Untracked 
|2041|0x00000000ff900000, 0x00000000ffa00000, 0x00000000ffa00000|100%| O|  |TAMS 0x00000000ff900000| PB 0x00000000ff900000| Untracked 
|2042|0x00000000ffa00000, 0x00000000ffb00000, 0x00000000ffb00000|100%| O|  |TAMS 0x00000000ffa00000| PB 0x00000000ffa00000| Untracked 
|2043|0x00000000ffb00000, 0x00000000ffc00000, 0x00000000ffc00000|100%| O|  |TAMS 0x00000000ffb00000| PB 0x00000000ffb00000| Untracked 
|2044|0x00000000ffc00000, 0x00000000ffd00000, 0x00000000ffd00000|100%| O|  |TAMS 0x00000000ffc00000| PB 0x00000000ffc00000| Untracked 
|2045|0x00000000ffd00000, 0x00000000ffd00000, 0x00000000ffe00000|  0%| F|  |TAMS 0x00000000ffd00000| PB 0x00000000ffd00000| Untracked 
|2046|0x00000000ffe00000, 0x00000000ffe00000, 0x00000000fff00000|  0%| F|  |TAMS 0x00000000ffe00000| PB 0x00000000ffe00000| Untracked 
|2047|0x00000000fff00000, 0x00000000fff00000, 0x0000000100000000|  0%| F|  |TAMS 0x00000000fff00000| PB 0x00000000fff00000| Untracked 

Card table byte_map: [0x000001b2f5ba0000,0x000001b2f5fa0000] _byte_map_base: 0x000001b2f57a0000

Marking Bits: (CMBitMap*) 0x000001b2f2146670
 Bits: [0x000001b2f5fa0000, 0x000001b2f7fa0000)

Polling page: 0x000001b2efe80000

Metaspace:

Usage:
  Non-class:    135.74 MB used.
      Class:     22.31 MB used.
       Both:    158.05 MB used.

Virtual space:
  Non-class space:      192.00 MB reserved,     136.94 MB ( 71%) committed,  3 nodes.
      Class space:        1.00 GB reserved,      23.50 MB (  2%) committed,  1 nodes.
             Both:        1.19 GB reserved,     160.44 MB ( 13%) committed. 

Chunk freelists:
   Non-Class:  6.75 MB
       Class:  8.48 MB
        Both:  15.23 MB

MaxMetaspaceSize: unlimited
CompressedClassSpaceSize: 1.00 GB
Initial GC threshold: 21.00 MB
Current GC threshold: 267.12 MB
CDS: off
 - commit_granule_bytes: 65536.
 - commit_granule_words: 8192.
 - virtual_space_node_default_size: 8388608.
 - enlarge_chunks_in_place: 1.
 - use_allocation_guard: 0.


Internal statistics:

num_allocs_failed_limit: 9.
num_arena_births: 4922.
num_arena_deaths: 60.
num_vsnodes_births: 4.
num_vsnodes_deaths: 0.
num_space_committed: 2567.
num_space_uncommitted: 1.
num_chunks_returned_to_freelist: 115.
num_chunks_taken_from_freelist: 11795.
num_chunk_merges: 39.
num_chunk_splits: 7792.
num_chunks_enlarged: 5065.
num_inconsistent_stats: 0.

CodeHeap 'non-profiled nmethods': size=120000Kb used=13811Kb max_used=13811Kb free=106188Kb
 bounds [0x000001b287ad0000, 0x000001b288850000, 0x000001b28f000000]
CodeHeap 'profiled nmethods': size=120000Kb used=41971Kb max_used=42296Kb free=78028Kb
 bounds [0x000001b280000000, 0x000001b282990000, 0x000001b287530000]
CodeHeap 'non-nmethods': size=5760Kb used=2127Kb max_used=2178Kb free=3632Kb
 bounds [0x000001b287530000, 0x000001b2877a0000, 0x000001b287ad0000]
CodeCache: size=245760Kb, used=57909Kb, max_used=58285Kb, free=187848Kb
 total_blobs=20234, nmethods=19249, adapters=886, full_count=0
Compilation: enabled, stopped_count=0, restarted_count=0

Compilation events (20 events):
Event: 36.079 Thread 0x000001b293da84a0 nmethod 24417 0x000001b288848190 code [0x000001b288848320, 0x000001b288848478]
Event: 36.079 Thread 0x000001b293da84a0 27400       4       com.android.tools.r8.graph.q1::a (45 bytes)
Event: 36.084 Thread 0x000001b293da84a0 nmethod 27400 0x000001b288848510 code [0x000001b2888486e0, 0x000001b288848ea8]
Event: 36.084 Thread 0x000001b293da84a0 24783       4       com.android.tools.r8.internal.aa2::b (11 bytes)
Event: 36.084 Thread 0x000001b293da84a0 nmethod 24783 0x000001b288849110 code [0x000001b2888492a0, 0x000001b288849340]
Event: 36.089 Thread 0x000001b293da84a0 27401       4       com.android.tools.r8.naming.p1::a (5 bytes)
Event: 36.089 Thread 0x000001b293da84a0 nmethod 27401 0x000001b288849410 code [0x000001b2888495a0, 0x000001b288849640]
Event: 36.102 Thread 0x000001b293da84a0 27402       4       com.android.tools.r8.internal.zt::a (100 bytes)
Event: 36.110 Thread 0x000001b2fad69b10 27413       3       com.android.tools.r8.dex.j$$Lambda/0x0000000101706a48::accept (12 bytes)
Event: 36.111 Thread 0x000001b2fad69b10 nmethod 27413 0x000001b281f8ec10 code [0x000001b281f8ef60, 0x000001b281f90590]
Event: 36.125 Thread 0x000001b293da84a0 nmethod 27402 0x000001b288849710 code [0x000001b288849940, 0x000001b28884a708]
Event: 36.126 Thread 0x000001b293da84a0 27411       4       java.util.concurrent.ForkJoinTask::get (62 bytes)
Event: 36.127 Thread 0x000001b293da84a0 nmethod 27411 0x000001b28884ad90 code [0x000001b28884af40, 0x000001b28884b0b0]
Event: 36.127 Thread 0x000001b293da84a0 27409       4       com.android.tools.r8.graph.i2::c (161 bytes)
Event: 36.129 Thread 0x000001b293da84a0 nmethod 27409 0x000001b28884b210 code [0x000001b28884b3a0, 0x000001b28884b530]
Event: 36.129 Thread 0x000001b293da84a0 27417 %     4       com.android.tools.r8.graph.oa::b @ 15 (64 bytes)
Event: 36.143 Thread 0x000001b293da84a0 nmethod 27417% 0x000001b28884b690 code [0x000001b28884b8c0, 0x000001b28884c1d8]
Event: 36.143 Thread 0x000001b293da84a0 27418       4       java.util.concurrent.ForkJoinTask::signalWaiters (51 bytes)
Event: 36.144 Thread 0x000001b293da84a0 nmethod 27418 0x000001b28884c810 code [0x000001b28884c9c0, 0x000001b28884cb28]
Event: 36.144 Thread 0x000001b293da84a0 27419       4       java.util.concurrent.ForkJoinPool::scan (301 bytes)

GC Heap History (20 events):
Event: 32.317 GC heap after
{Heap after GC invocations=99 (full 0):
 garbage-first heap   total 444416K, used 185078K [0x0000000080000000, 0x0000000100000000)
  region size 1024K, 11 young (11264K), 11 survivors (11264K)
 Metaspace       used 159892K, committed 162304K, reserved 1245184K
  class space    used 22664K, committed 23872K, reserved 1048576K
}
Event: 32.864 GC heap before
{Heap before GC invocations=99 (full 0):
 garbage-first heap   total 444416K, used 420598K [0x0000000080000000, 0x0000000100000000)
  region size 1024K, 241 young (246784K), 11 survivors (11264K)
 Metaspace       used 159922K, committed 162432K, reserved 1245184K
  class space    used 22665K, committed 23872K, reserved 1048576K
}
Event: 32.871 GC heap after
{Heap after GC invocations=100 (full 0):
 garbage-first heap   total 444416K, used 179448K [0x0000000080000000, 0x0000000100000000)
  region size 1024K, 10 young (10240K), 10 survivors (10240K)
 Metaspace       used 159922K, committed 162432K, reserved 1245184K
  class space    used 22665K, committed 23872K, reserved 1048576K
}
Event: 33.413 GC heap before
{Heap before GC invocations=100 (full 0):
 garbage-first heap   total 444416K, used 393464K [0x0000000080000000, 0x0000000100000000)
  region size 1024K, 220 young (225280K), 10 survivors (10240K)
 Metaspace       used 160061K, committed 162560K, reserved 1245184K
  class space    used 22671K, committed 23872K, reserved 1048576K
}
Event: 33.419 GC heap after
{Heap after GC invocations=101 (full 0):
 garbage-first heap   total 444416K, used 179850K [0x0000000080000000, 0x0000000100000000)
  region size 1024K, 11 young (11264K), 11 survivors (11264K)
 Metaspace       used 160061K, committed 162560K, reserved 1245184K
  class space    used 22671K, committed 23872K, reserved 1048576K
}
Event: 33.797 GC heap before
{Heap before GC invocations=102 (full 0):
 garbage-first heap   total 444416K, used 431754K [0x0000000080000000, 0x0000000100000000)
  region size 1024K, 245 young (250880K), 11 survivors (11264K)
 Metaspace       used 160848K, committed 163328K, reserved 1245184K
  class space    used 22770K, committed 24000K, reserved 1048576K
}
Event: 33.803 GC heap after
{Heap after GC invocations=103 (full 0):
 garbage-first heap   total 448512K, used 194194K [0x0000000080000000, 0x0000000100000000)
  region size 1024K, 14 young (14336K), 14 survivors (14336K)
 Metaspace       used 160848K, committed 163328K, reserved 1245184K
  class space    used 22770K, committed 24000K, reserved 1048576K
}
Event: 33.987 GC heap before
{Heap before GC invocations=103 (full 0):
 garbage-first heap   total 448512K, used 446098K [0x0000000080000000, 0x0000000100000000)
  region size 1024K, 221 young (226304K), 14 survivors (14336K)
 Metaspace       used 161356K, committed 163776K, reserved 1245184K
  class space    used 22811K, committed 24000K, reserved 1048576K
}
Event: 33.998 GC heap after
{Heap after GC invocations=104 (full 0):
 garbage-first heap   total 477184K, used 232310K [0x0000000080000000, 0x0000000100000000)
  region size 1024K, 25 young (25600K), 25 survivors (25600K)
 Metaspace       used 161356K, committed 163776K, reserved 1245184K
  class space    used 22811K, committed 24000K, reserved 1048576K
}
Event: 34.003 GC heap before
{Heap before GC invocations=104 (full 0):
 garbage-first heap   total 477184K, used 242550K [0x0000000080000000, 0x0000000100000000)
  region size 1024K, 37 young (37888K), 25 survivors (25600K)
 Metaspace       used 161356K, committed 163776K, reserved 1245184K
  class space    used 22811K, committed 24000K, reserved 1048576K
}
Event: 34.009 GC heap after
{Heap after GC invocations=105 (full 0):
 garbage-first heap   total 477184K, used 234631K [0x0000000080000000, 0x0000000100000000)
  region size 1024K, 20 young (20480K), 20 survivors (20480K)
 Metaspace       used 161356K, committed 163776K, reserved 1245184K
  class space    used 22811K, committed 24000K, reserved 1048576K
}
Event: 34.312 GC heap before
{Heap before GC invocations=106 (full 0):
 garbage-first heap   total 477184K, used 475271K [0x0000000080000000, 0x0000000100000000)
  region size 1024K, 215 young (220160K), 20 survivors (20480K)
 Metaspace       used 161428K, committed 163904K, reserved 1245184K
  class space    used 22818K, committed 24064K, reserved 1048576K
}
Event: 34.344 GC heap after
{Heap after GC invocations=107 (full 0):
 garbage-first heap   total 524288K, used 278932K [0x0000000080000000, 0x0000000100000000)
  region size 1024K, 29 young (29696K), 29 survivors (29696K)
 Metaspace       used 161428K, committed 163904K, reserved 1245184K
  class space    used 22818K, committed 24064K, reserved 1048576K
}
Event: 34.779 GC heap before
{Heap before GC invocations=107 (full 0):
 garbage-first heap   total 524288K, used 477588K [0x0000000080000000, 0x0000000100000000)
  region size 1024K, 219 young (224256K), 29 survivors (29696K)
 Metaspace       used 161572K, committed 164096K, reserved 1245184K
  class space    used 22822K, committed 24064K, reserved 1048576K
}
Event: 34.859 GC heap after
{Heap after GC invocations=108 (full 0):
 garbage-first heap   total 601088K, used 370579K [0x0000000080000000, 0x0000000100000000)
  region size 1024K, 28 young (28672K), 28 survivors (28672K)
 Metaspace       used 161572K, committed 164096K, reserved 1245184K
  class space    used 22822K, committed 24064K, reserved 1048576K
}
Event: 35.019 GC heap before
{Heap before GC invocations=108 (full 0):
 garbage-first heap   total 601088K, used 505747K [0x0000000080000000, 0x0000000100000000)
  region size 1024K, 161 young (164864K), 28 survivors (28672K)
 Metaspace       used 161576K, committed 164096K, reserved 1245184K
  class space    used 22822K, committed 24064K, reserved 1048576K
}
Event: 35.079 GC heap after
{Heap after GC invocations=109 (full 0):
 garbage-first heap   total 606208K, used 440723K [0x0000000080000000, 0x0000000100000000)
  region size 1024K, 21 young (21504K), 21 survivors (21504K)
 Metaspace       used 161576K, committed 164096K, reserved 1245184K
  class space    used 22822K, committed 24064K, reserved 1048576K
}
Event: 35.430 GC heap before
{Heap before GC invocations=110 (full 0):
 garbage-first heap   total 744448K, used 530835K [0x0000000080000000, 0x0000000100000000)
  region size 1024K, 104 young (106496K), 21 survivors (21504K)
 Metaspace       used 161639K, committed 164160K, reserved 1245184K
  class space    used 22822K, committed 24064K, reserved 1048576K
}
Event: 35.456 GC heap after
{Heap after GC invocations=111 (full 0):
 garbage-first heap   total 744448K, used 477715K [0x0000000080000000, 0x0000000100000000)
  region size 1024K, 13 young (13312K), 13 survivors (13312K)
 Metaspace       used 161639K, committed 164160K, reserved 1245184K
  class space    used 22822K, committed 24064K, reserved 1048576K
}
Event: 36.148 GC heap before
{Heap before GC invocations=111 (full 0):
 garbage-first heap   total 744448K, used 609811K [0x0000000080000000, 0x0000000100000000)
  region size 1024K, 141 young (144384K), 13 survivors (13312K)
 Metaspace       used 161846K, committed 164288K, reserved 1245184K
  class space    used 22844K, committed 24064K, reserved 1048576K
}

Dll operation events (3 events):
Event: 0.023 Loaded shared library C:\Program Files\Android\Android Studio4\jbr\bin\java.dll
Event: 0.039 Loaded shared library C:\Program Files\Android\Android Studio4\jbr\bin\zip.dll
Event: 1.102 Loaded shared library C:\Program Files\Android\Android Studio4\jbr\bin\verify.dll

Deoptimization events (20 events):
Event: 35.877 Thread 0x000001b29faa8f80 DEOPT PACKING pc=0x000001b28881b864 sp=0x0000004a679fcb40
Event: 35.877 Thread 0x000001b29faa8f80 DEOPT UNPACKING pc=0x000001b2875843a2 sp=0x0000004a679fcb18 mode 2
Event: 35.877 Thread 0x000001b29faa8f80 Uncommon trap: trap_request=0xffffffbe fr.pc=0x000001b28881b864 relative=0x0000000000000964
Event: 35.877 Thread 0x000001b29faa8f80 Uncommon trap: reason=profile_predicate action=maybe_recompile pc=0x000001b28881b864 method=java.util.Map.forEach(Ljava/util/function/BiConsumer;)V @ 23 c2
Event: 35.877 Thread 0x000001b29faa8f80 DEOPT PACKING pc=0x000001b28881b864 sp=0x0000004a679fcb40
Event: 35.877 Thread 0x000001b29faa8f80 DEOPT UNPACKING pc=0x000001b2875843a2 sp=0x0000004a679fcb18 mode 2
Event: 35.877 Thread 0x000001b29faa8f80 Uncommon trap: trap_request=0xffffffbe fr.pc=0x000001b28881b864 relative=0x0000000000000964
Event: 35.877 Thread 0x000001b29faa8f80 Uncommon trap: reason=profile_predicate action=maybe_recompile pc=0x000001b28881b864 method=java.util.Map.forEach(Ljava/util/function/BiConsumer;)V @ 23 c2
Event: 35.877 Thread 0x000001b29faa8f80 DEOPT PACKING pc=0x000001b28881b864 sp=0x0000004a679fcb40
Event: 35.877 Thread 0x000001b29faa8f80 DEOPT UNPACKING pc=0x000001b2875843a2 sp=0x0000004a679fcb18 mode 2
Event: 35.878 Thread 0x000001b29faa8f80 Uncommon trap: trap_request=0xffffffbe fr.pc=0x000001b28881b864 relative=0x0000000000000964
Event: 35.878 Thread 0x000001b29faa8f80 Uncommon trap: reason=profile_predicate action=maybe_recompile pc=0x000001b28881b864 method=java.util.Map.forEach(Ljava/util/function/BiConsumer;)V @ 23 c2
Event: 35.878 Thread 0x000001b29faa8f80 DEOPT PACKING pc=0x000001b28881b864 sp=0x0000004a679fcb40
Event: 35.878 Thread 0x000001b29faa8f80 DEOPT UNPACKING pc=0x000001b2875843a2 sp=0x0000004a679fcb18 mode 2
Event: 36.102 Thread 0x000001b29faa8f80 DEOPT PACKING pc=0x000001b28015cb65 sp=0x0000004a679fd430
Event: 36.102 Thread 0x000001b29faa8f80 DEOPT UNPACKING pc=0x000001b287584b42 sp=0x0000004a679fc958 mode 0
Event: 36.147 Thread 0x000001b29faa8f80 Uncommon trap: trap_request=0xffffffde fr.pc=0x000001b288602908 relative=0x00000000000008e8
Event: 36.147 Thread 0x000001b29faa8f80 Uncommon trap: reason=class_check action=maybe_recompile pc=0x000001b288602908 method=com.android.tools.r8.internal.u24.a(Ljava/lang/Iterable;)Ljava/util/Set; @ 23 c2
Event: 36.147 Thread 0x000001b29faa8f80 DEOPT PACKING pc=0x000001b288602908 sp=0x0000004a679fd450
Event: 36.147 Thread 0x000001b29faa8f80 DEOPT UNPACKING pc=0x000001b2875843a2 sp=0x0000004a679fd440 mode 2

Classes loaded (20 events):
Event: 33.762 Loading class java/nio/BufferUnderflowException
Event: 33.762 Loading class java/nio/BufferUnderflowException done
Event: 33.835 Loading class java/nio/HeapShortBuffer
Event: 33.835 Loading class java/nio/HeapShortBuffer done
Event: 33.846 Loading class java/util/AbstractList$RandomAccessSubList
Event: 33.847 Loading class java/util/AbstractList$SubList
Event: 33.847 Loading class java/util/AbstractList$SubList done
Event: 33.847 Loading class java/util/AbstractList$RandomAccessSubList done
Event: 33.847 Loading class java/util/AbstractList$SubList$1
Event: 33.847 Loading class java/util/AbstractList$SubList$1 done
Event: 34.575 Loading class java/util/concurrent/ForkJoinTask$AdaptedInterruptibleCallable
Event: 34.575 Loading class java/util/concurrent/ForkJoinTask$InterruptibleTask
Event: 34.575 Loading class java/util/concurrent/ForkJoinTask$InterruptibleTask done
Event: 34.575 Loading class java/util/concurrent/ForkJoinTask$AdaptedInterruptibleCallable done
Event: 34.575 Loading class java/util/concurrent/ForkJoinTask$Aux
Event: 34.575 Loading class java/util/concurrent/ForkJoinTask$Aux done
Event: 34.576 Loading class java/util/concurrent/ForkJoinPool$DefaultForkJoinWorkerThreadFactory$1
Event: 34.576 Loading class java/util/concurrent/ForkJoinPool$DefaultForkJoinWorkerThreadFactory$1 done
Event: 34.576 Loading class java/util/concurrent/CountedCompleter
Event: 34.577 Loading class java/util/concurrent/CountedCompleter done

Classes unloaded (20 events):
Event: 28.896 Thread 0x000001b2face9fd0 Unloading class 0x0000000101364000 'jdk/internal/reflect/GeneratedSerializationConstructorAccessor120'
Event: 30.186 Thread 0x000001b2face9fd0 Unloading class 0x00000001016bc800 'java/lang/invoke/LambdaForm$DMH+0x00000001016bc800'
Event: 30.186 Thread 0x000001b2face9fd0 Unloading class 0x00000001016bc400 'java/lang/invoke/LambdaForm$DMH+0x00000001016bc400'
Event: 30.186 Thread 0x000001b2face9fd0 Unloading class 0x0000000101646400 'java/lang/invoke/LambdaForm$MH+0x0000000101646400'
Event: 30.186 Thread 0x000001b2face9fd0 Unloading class 0x0000000101646000 'java/lang/invoke/LambdaForm$MH+0x0000000101646000'
Event: 30.186 Thread 0x000001b2face9fd0 Unloading class 0x0000000101645c00 'java/lang/invoke/LambdaForm$DMH+0x0000000101645c00'
Event: 30.186 Thread 0x000001b2face9fd0 Unloading class 0x0000000101645400 'java/lang/invoke/LambdaForm$DMH+0x0000000101645400'
Event: 30.186 Thread 0x000001b2face9fd0 Unloading class 0x0000000101644c00 'java/lang/invoke/LambdaForm$DMH+0x0000000101644c00'
Event: 30.186 Thread 0x000001b2face9fd0 Unloading class 0x0000000101644800 'java/lang/invoke/LambdaForm$DMH+0x0000000101644800'
Event: 30.186 Thread 0x000001b2face9fd0 Unloading class 0x000000010162c400 'java/lang/invoke/LambdaForm$DMH+0x000000010162c400'
Event: 30.186 Thread 0x000001b2face9fd0 Unloading class 0x000000010162c800 'java/lang/invoke/LambdaForm$DMH+0x000000010162c800'
Event: 30.186 Thread 0x000001b2face9fd0 Unloading class 0x000000010162cc00 'java/lang/invoke/LambdaForm$DMH+0x000000010162cc00'
Event: 30.186 Thread 0x000001b2face9fd0 Unloading class 0x0000000101620400 'java/lang/invoke/LambdaForm$DMH+0x0000000101620400'
Event: 30.186 Thread 0x000001b2face9fd0 Unloading class 0x00000001015e0c00 'java/lang/invoke/LambdaForm$DMH+0x00000001015e0c00'
Event: 30.186 Thread 0x000001b2face9fd0 Unloading class 0x00000001015e0400 'java/lang/invoke/LambdaForm$DMH+0x00000001015e0400'
Event: 30.186 Thread 0x000001b2face9fd0 Unloading class 0x00000001015e0800 'java/lang/invoke/LambdaForm$DMH+0x00000001015e0800'
Event: 30.186 Thread 0x000001b2face9fd0 Unloading class 0x0000000101579000 'java/lang/invoke/LambdaForm$DMH+0x0000000101579000'
Event: 30.186 Thread 0x000001b2face9fd0 Unloading class 0x0000000101578c00 'java/lang/invoke/LambdaForm$DMH+0x0000000101578c00'
Event: 30.186 Thread 0x000001b2face9fd0 Unloading class 0x0000000101578400 'java/lang/invoke/LambdaForm$DMH+0x0000000101578400'
Event: 30.186 Thread 0x000001b2face9fd0 Unloading class 0x0000000101578000 'java/lang/invoke/LambdaForm$DMH+0x0000000101578000'

Classes redefined (0 events):
No events

Internal exceptions (20 events):
Event: 34.061 Thread 0x000001b297bd4000 Exception <a 'sun/nio/fs/WindowsException'{0x0000000096b88c00}> (0x0000000096b88c00) 
thrown [s\src\hotspot\share\prims\jni.cpp, line 537]
Event: 34.068 Thread 0x000001b298705d10 Exception <a 'sun/nio/fs/WindowsException'{0x0000000095e70560}> (0x0000000095e70560) 
thrown [s\src\hotspot\share\prims\jni.cpp, line 537]
Event: 34.069 Thread 0x000001b297bd04f0 Exception <a 'sun/nio/fs/WindowsException'{0x0000000095a075a8}> (0x0000000095a075a8) 
thrown [s\src\hotspot\share\prims\jni.cpp, line 537]
Event: 34.070 Thread 0x000001b297bd3970 Exception <a 'sun/nio/fs/WindowsException'{0x0000000095984650}> (0x0000000095984650) 
thrown [s\src\hotspot\share\prims\jni.cpp, line 537]
Event: 34.071 Thread 0x000001b29601ee20 Exception <a 'sun/nio/fs/WindowsException'{0x0000000095827058}> (0x0000000095827058) 
thrown [s\src\hotspot\share\prims\jni.cpp, line 537]
Event: 34.074 Thread 0x000001b29fa9b060 Exception <a 'sun/nio/fs/WindowsException'{0x000000009563e890}> (0x000000009563e890) 
thrown [s\src\hotspot\share\prims\jni.cpp, line 537]
Event: 34.080 Thread 0x000001b297bd4d20 Exception <a 'sun/nio/fs/WindowsException'{0x0000000095411ab8}> (0x0000000095411ab8) 
thrown [s\src\hotspot\share\prims\jni.cpp, line 537]
Event: 34.080 Thread 0x000001b297bd8830 Exception <a 'sun/nio/fs/WindowsException'{0x00000000953156b8}> (0x00000000953156b8) 
thrown [s\src\hotspot\share\prims\jni.cpp, line 537]
Event: 34.092 Thread 0x000001b297bd4690 Exception <a 'sun/nio/fs/WindowsException'{0x0000000094440b00}> (0x0000000094440b00) 
thrown [s\src\hotspot\share\prims\jni.cpp, line 537]
Event: 34.092 Thread 0x000001b2930c8960 Exception <a 'sun/nio/fs/WindowsException'{0x000000009449bd60}> (0x000000009449bd60) 
thrown [s\src\hotspot\share\prims\jni.cpp, line 537]
Event: 34.094 Thread 0x000001b29601ee20 Exception <a 'sun/nio/fs/WindowsException'{0x00000000943d2270}> (0x00000000943d2270) 
thrown [s\src\hotspot\share\prims\jni.cpp, line 537]
Event: 34.109 Thread 0x000001b2930c8960 Exception <a 'sun/nio/fs/WindowsException'{0x0000000093386000}> (0x0000000093386000) 
thrown [s\src\hotspot\share\prims\jni.cpp, line 537]
Event: 34.109 Thread 0x000001b297bd4690 Exception <a 'sun/nio/fs/WindowsException'{0x000000009321ebd8}> (0x000000009321ebd8) 
thrown [s\src\hotspot\share\prims\jni.cpp, line 537]
Event: 34.109 Thread 0x000001b297bd6760 Exception <a 'sun/nio/fs/WindowsException'{0x000000009329f6c8}> (0x000000009329f6c8) 
thrown [s\src\hotspot\share\prims\jni.cpp, line 537]
Event: 34.114 Thread 0x000001b298706a30 Exception <a 'sun/nio/fs/WindowsException'{0x0000000092d87ed0}> (0x0000000092d87ed0) 
thrown [s\src\hotspot\share\prims\jni.cpp, line 537]
Event: 34.118 Thread 0x000001b297bd3970 Exception <a 'sun/nio/fs/WindowsException'{0x0000000092b83b98}> (0x0000000092b83b98) 
thrown [s\src\hotspot\share\prims\jni.cpp, line 537]
Event: 34.119 Thread 0x000001b298705d10 Exception <a 'sun/nio/fs/WindowsException'{0x0000000092b106d8}> (0x0000000092b106d8) 
thrown [s\src\hotspot\share\prims\jni.cpp, line 537]
Event: 34.121 Thread 0x000001b29fa9b060 Exception <a 'sun/nio/fs/WindowsException'{0x00000000928383d0}> (0x00000000928383d0) 
thrown [s\src\hotspot\share\prims\jni.cpp, line 537]
Event: 34.123 Thread 0x000001b297bd4000 Exception <a 'sun/nio/fs/WindowsException'{0x00000000927968c0}> (0x00000000927968c0) 
thrown [s\src\hotspot\share\prims\jni.cpp, line 537]
Event: 34.150 Thread 0x000001b2930c8960 Exception <a 'java/lang/NoSuchMethodError'{0x000000009222f620}: static Ljava/lang/Object;.<clinit>()V> (0x000000009222f620) 
thrown [s\src\hotspot\share\prims\jni.cpp, line 1144]

ZGC Phase Switch (0 events):
No events

VM Operations (20 events):
Event: 34.130 Executing safepoint VM operation: G1PauseRemark done
Event: 34.168 Executing safepoint VM operation: G1PauseCleanup
Event: 34.169 Executing safepoint VM operation: G1PauseCleanup done
Event: 34.312 Executing safepoint VM operation: G1CollectForAllocation (G1 Evacuation Pause)
Event: 34.344 Executing safepoint VM operation: G1CollectForAllocation (G1 Evacuation Pause) done
Event: 34.596 Executing non-safepoint VM operation: HandshakeAllThreads (Deoptimize)
Event: 34.597 Executing non-safepoint VM operation: HandshakeAllThreads (Deoptimize) done
Event: 34.779 Executing safepoint VM operation: G1CollectForAllocation (G1 Evacuation Pause)
Event: 34.860 Executing safepoint VM operation: G1CollectForAllocation (G1 Evacuation Pause) done
Event: 35.019 Executing safepoint VM operation: G1CollectForAllocation (G1 Evacuation Pause)
Event: 35.079 Executing safepoint VM operation: G1CollectForAllocation (G1 Evacuation Pause) done
Event: 35.261 Executing safepoint VM operation: G1PauseRemark
Event: 35.268 Executing safepoint VM operation: G1PauseRemark done
Event: 35.382 Executing safepoint VM operation: G1PauseCleanup
Event: 35.382 Executing safepoint VM operation: G1PauseCleanup done
Event: 35.430 Executing safepoint VM operation: G1CollectForAllocation (G1 Evacuation Pause)
Event: 35.456 Executing safepoint VM operation: G1CollectForAllocation (G1 Evacuation Pause) done
Event: 35.626 Executing safepoint VM operation: ICBufferFull
Event: 35.626 Executing safepoint VM operation: ICBufferFull done
Event: 36.148 Executing safepoint VM operation: G1CollectForAllocation (G1 Evacuation Pause)

Memory protections (0 events):
No events

Nmethod flushes (20 events):
Event: 35.267 Thread 0x000001b2face9fd0 flushing  nmethod 0x000001b282037d10
Event: 35.267 Thread 0x000001b2face9fd0 flushing  nmethod 0x000001b2820d8890
Event: 35.267 Thread 0x000001b2face9fd0 flushing  nmethod 0x000001b2820d8e10
Event: 35.267 Thread 0x000001b2face9fd0 flushing  nmethod 0x000001b2820dce10
Event: 35.267 Thread 0x000001b2face9fd0 flushing  nmethod 0x000001b2820dd190
Event: 35.267 Thread 0x000001b2face9fd0 flushing  nmethod 0x000001b282784610
Event: 35.267 Thread 0x000001b2face9fd0 flushing  nmethod 0x000001b280768190
Event: 35.267 Thread 0x000001b2face9fd0 flushing  nmethod 0x000001b280b09990
Event: 35.267 Thread 0x000001b2face9fd0 flushing  nmethod 0x000001b280bdc290
Event: 35.267 Thread 0x000001b2face9fd0 flushing  nmethod 0x000001b280ced690
Event: 35.267 Thread 0x000001b2face9fd0 flushing  nmethod 0x000001b280dfc690
Event: 35.267 Thread 0x000001b2face9fd0 flushing  nmethod 0x000001b281c8fa10
Event: 35.267 Thread 0x000001b2face9fd0 flushing  nmethod 0x000001b281d8d690
Event: 35.267 Thread 0x000001b2face9fd0 flushing  nmethod 0x000001b281f5d090
Event: 35.267 Thread 0x000001b2face9fd0 flushing  nmethod 0x000001b281f61810
Event: 35.267 Thread 0x000001b2face9fd0 flushing  nmethod 0x000001b28206e590
Event: 35.267 Thread 0x000001b2face9fd0 flushing  nmethod 0x000001b2820a2790
Event: 35.267 Thread 0x000001b2face9fd0 flushing  nmethod 0x000001b2820a2e10
Event: 35.267 Thread 0x000001b2face9fd0 flushing  nmethod 0x000001b2820a3b10
Event: 35.267 Thread 0x000001b2face9fd0 flushing  nmethod 0x000001b282546610

Events (20 events):
Event: 26.271 Thread 0x000001b2930c2d80 Thread added: 0x000001b29faa3a30
Event: 26.272 Thread 0x000001b2930c2d80 Thread added: 0x000001b29faa7540
Event: 26.274 Thread 0x000001b2930c2d80 Thread added: 0x000001b29faa4750
Event: 26.276 Thread 0x000001b2930c2d80 Thread added: 0x000001b29faa7bd0
Event: 26.289 Thread 0x000001b2930c2d80 Thread added: 0x000001b29faa8f80
Event: 28.356 Thread 0x000001b29faa7540 Thread exited: 0x000001b29faa7540
Event: 33.622 Thread 0x000001b29faa3a30 Thread added: 0x000001b299f07480
Event: 34.576 Thread 0x000001b29faa8f80 Thread added: 0x000001b297bd7480
Event: 34.576 Thread 0x000001b29faa8f80 Thread added: 0x000001b297bda270
Event: 34.576 Thread 0x000001b297bd7480 Thread added: 0x000001b2a33430f0
Event: 34.576 Thread 0x000001b29faa8f80 Thread added: 0x000001b297bdc9d0
Event: 34.576 Thread 0x000001b297bda270 Thread added: 0x000001b2a400a4b0
Event: 34.577 Thread 0x000001b2a33430f0 Thread added: 0x000001b296b70110
Event: 34.577 Thread 0x000001b297bdc9d0 Thread added: 0x000001b2a22c4c80
Event: 34.577 Thread 0x000001b2a400a4b0 Thread added: 0x000001b2a3d35930
Event: 34.578 Thread 0x000001b296b70110 Thread added: 0x000001b2a22c38d0
Event: 34.579 Thread 0x000001b2a22c38d0 Thread added: 0x000001b297bddd80
Event: 34.580 Thread 0x000001b2a3d35930 Thread added: 0x000001b2a4009e20
Event: 34.581 Thread 0x000001b2a22c4c80 Thread added: 0x000001b2a25bb190
Event: 35.668 Thread 0x000001b2a0144f40 Thread exited: 0x000001b2a0144f40


Dynamic libraries:
0x00007ff6352f0000 - 0x00007ff6352fa000 	C:\Program Files\Android\Android Studio4\jbr\bin\java.exe
0x00007ffa50900000 - 0x00007ffa50b67000 	C:\WINDOWS\SYSTEM32\ntdll.dll
0x00007ffa4f070000 - 0x00007ffa4f139000 	C:\WINDOWS\System32\KERNEL32.DLL
0x00007ffa4d290000 - 0x00007ffa4d684000 	C:\WINDOWS\System32\KERNELBASE.dll
0x00007ffa4d690000 - 0x00007ffa4d7db000 	C:\WINDOWS\System32\ucrtbase.dll
0x00007ffa13700000 - 0x00007ffa13718000 	C:\Program Files\Android\Android Studio4\jbr\bin\jli.dll
0x00007ffa1f730000 - 0x00007ffa1f74b000 	C:\Program Files\Android\Android Studio4\jbr\bin\VCRUNTIME140.dll
0x00007ffa4f1c0000 - 0x00007ffa4f385000 	C:\WINDOWS\System32\USER32.dll
0x00007ffa4e5d0000 - 0x00007ffa4e5f7000 	C:\WINDOWS\System32\win32u.dll
0x00007ffa4ff40000 - 0x00007ffa4ff6b000 	C:\WINDOWS\System32\GDI32.dll
0x00007ffa4e3f0000 - 0x00007ffa4e51a000 	C:\WINDOWS\System32\gdi32full.dll
0x00007ffa31b60000 - 0x00007ffa31df3000 	C:\WINDOWS\WinSxS\amd64_microsoft.windows.common-controls_6595b64144ccf1df_6.0.26100.8115_none_3e075c82e3354f9c\COMCTL32.dll
0x00007ffa4e340000 - 0x00007ffa4e3e3000 	C:\WINDOWS\System32\msvcp_win.dll
0x00007ffa4fe90000 - 0x00007ffa4ff39000 	C:\WINDOWS\System32\msvcrt.dll
0x00007ffa4edc0000 - 0x00007ffa4edf2000 	C:\WINDOWS\System32\IMM32.DLL
0x00007ffa45ba0000 - 0x00007ffa45bac000 	C:\Program Files\Android\Android Studio4\jbr\bin\vcruntime140_1.dll
0x00007ffa13670000 - 0x00007ffa136fd000 	C:\Program Files\Android\Android Studio4\jbr\bin\msvcp140.dll
0x00007ff9c7bb0000 - 0x00007ff9c8846000 	C:\Program Files\Android\Android Studio4\jbr\bin\server\jvm.dll
0x00007ffa4f840000 - 0x00007ffa4f8f6000 	C:\WINDOWS\System32\ADVAPI32.dll
0x00007ffa4eaa0000 - 0x00007ffa4eb47000 	C:\WINDOWS\System32\sechost.dll
0x00007ffa4ebe0000 - 0x00007ffa4ecf8000 	C:\WINDOWS\System32\RPCRT4.dll
0x00007ffa4f5d0000 - 0x00007ffa4f650000 	C:\WINDOWS\System32\WS2_32.dll
0x00007ffa4d030000 - 0x00007ffa4d08e000 	C:\WINDOWS\SYSTEM32\POWRPROF.dll
0x00007ffa450c0000 - 0x00007ffa450cb000 	C:\WINDOWS\SYSTEM32\VERSION.dll
0x00007ffa44c00000 - 0x00007ffa44c36000 	C:\WINDOWS\SYSTEM32\WINMM.dll
0x00007ffa4d010000 - 0x00007ffa4d024000 	C:\WINDOWS\SYSTEM32\UMPDC.dll
0x00007ffa4bf60000 - 0x00007ffa4bf7b000 	C:\WINDOWS\SYSTEM32\kernel.appcore.dll
0x00007ffa1f720000 - 0x00007ffa1f72a000 	C:\Program Files\Android\Android Studio4\jbr\bin\jimage.dll
0x00007ffa40330000 - 0x00007ffa40572000 	C:\WINDOWS\SYSTEM32\DBGHELP.DLL
0x00007ffa4e710000 - 0x00007ffa4ea92000 	C:\WINDOWS\System32\combase.dll
0x00007ffa4f390000 - 0x00007ffa4f467000 	C:\WINDOWS\System32\OLEAUT32.dll
0x00007ffa32a60000 - 0x00007ffa32a9b000 	C:\WINDOWS\SYSTEM32\dbgcore.DLL
0x00007ffa4e520000 - 0x00007ffa4e5c5000 	C:\WINDOWS\System32\bcryptPrimitives.dll
0x00007ffa478b0000 - 0x00007ffa478be000 	C:\Program Files\Android\Android Studio4\jbr\bin\instrument.dll
0x00007ffa19db0000 - 0x00007ffa19dd0000 	C:\Program Files\Android\Android Studio4\jbr\bin\java.dll
0x00007ffa05020000 - 0x00007ffa05038000 	C:\Program Files\Android\Android Studio4\jbr\bin\zip.dll
0x00007ffa4ffa0000 - 0x00007ffa50706000 	C:\WINDOWS\System32\SHELL32.dll
0x00007ffa4d7e0000 - 0x00007ffa4d94a000 	C:\WINDOWS\System32\wintypes.dll
0x00007ffa4dad0000 - 0x00007ffa4e335000 	C:\WINDOWS\System32\windows.storage.dll
0x00007ffa4ef10000 - 0x00007ffa4f007000 	C:\WINDOWS\System32\SHCORE.dll
0x00007ffa4fdf0000 - 0x00007ffa4fe56000 	C:\WINDOWS\System32\shlwapi.dll
0x00007ffa4d0f0000 - 0x00007ffa4d119000 	C:\WINDOWS\SYSTEM32\profapi.dll
0x00007ffa0f350000 - 0x00007ffa0f360000 	C:\Program Files\Android\Android Studio4\jbr\bin\net.dll
0x00007ffa46e10000 - 0x00007ffa46f3d000 	C:\WINDOWS\SYSTEM32\WINHTTP.dll
0x00007ffa4c4d0000 - 0x00007ffa4c53c000 	C:\WINDOWS\system32\mswsock.dll
0x00007ffa05000000 - 0x00007ffa05016000 	C:\Program Files\Android\Android Studio4\jbr\bin\nio.dll
0x00007ffa057c0000 - 0x00007ffa057d0000 	C:\Program Files\Android\Android Studio4\jbr\bin\verify.dll
0x00007ffa1e1b0000 - 0x00007ffa1e1d7000 	C:\Users\ISHA SEN\.gradle\native\660c5614fbf4a5f2a75b1949f50a0caf5cd603558e7d8a26e50b933a0cfb79d1\windows-amd64\native-platform.dll
0x00007ffa135f0000 - 0x00007ffa13667000 	C:\Users\ISHA SEN\.gradle\native\0.2.8\x86_64-windows-gnu\gradle-fileevents.dll
0x00007ffa071f0000 - 0x00007ffa071f9000 	C:\Program Files\Android\Android Studio4\jbr\bin\management.dll
0x00007ffa06470000 - 0x00007ffa0647b000 	C:\Program Files\Android\Android Studio4\jbr\bin\management_ext.dll
0x00007ffa4f060000 - 0x00007ffa4f068000 	C:\WINDOWS\System32\PSAPI.DLL
0x00007ffa4b970000 - 0x00007ffa4b9a2000 	C:\WINDOWS\SYSTEM32\IPHLPAPI.DLL
0x00007ffa50710000 - 0x00007ffa5071a000 	C:\WINDOWS\System32\NSI.dll
0x00007ffa0a860000 - 0x00007ffa0a869000 	C:\Program Files\Android\Android Studio4\jbr\bin\extnet.dll
0x00007ffa4c7b0000 - 0x00007ffa4c7cb000 	C:\WINDOWS\SYSTEM32\CRYPTSP.dll
0x00007ffa4bec0000 - 0x00007ffa4bef9000 	C:\WINDOWS\system32\rsaenh.dll
0x00007ffa4c580000 - 0x00007ffa4c5b3000 	C:\WINDOWS\SYSTEM32\USERENV.dll
0x00007ffa4d0c0000 - 0x00007ffa4d0ea000 	C:\WINDOWS\SYSTEM32\bcrypt.dll
0x00007ffa4c7d0000 - 0x00007ffa4c7dc000 	C:\WINDOWS\SYSTEM32\CRYPTBASE.dll
0x00007ffa387a0000 - 0x00007ffa387a8000 	C:\WINDOWS\system32\wshunix.dll
0x00007ffa4ba10000 - 0x00007ffa4bb42000 	C:\WINDOWS\SYSTEM32\DNSAPI.dll
0x00007ffa45400000 - 0x00007ffa4540b000 	C:\Windows\System32\rasadhlp.dll
0x00007ffa47290000 - 0x00007ffa47316000 	C:\WINDOWS\System32\fwpuclnt.dll
0x00007ffa4c080000 - 0x00007ffa4c0b6000 	C:\WINDOWS\SYSTEM32\ntmarta.dll

JVMTI agents:
C:\Users\ISHA SEN\.gradle\wrapper\dists\gradle-9.3.1-bin\23ovyewtku6u96viwx3xl3oks\gradle-9.3.1\lib\agents\gradle-instrumentation-agent-9.3.1.jar path:C:\Program Files\Android\Android Studio4\jbr\bin\instrument.dll, loaded, initialized, instrumentlib options:none

dbghelp: loaded successfully - version: 4.0.5 - missing functions: none
symbol engine: initialized successfully - sym options: 0x614 - pdb path: .;C:\Program Files\Android\Android Studio4\jbr\bin;C:\WINDOWS\SYSTEM32;C:\WINDOWS\WinSxS\amd64_microsoft.windows.common-controls_6595b64144ccf1df_6.0.26100.8115_none_3e075c82e3354f9c;C:\Program Files\Android\Android Studio4\jbr\bin\server;C:\Users\ISHA SEN\.gradle\native\660c5614fbf4a5f2a75b1949f50a0caf5cd603558e7d8a26e50b933a0cfb79d1\windows-amd64;C:\Users\ISHA SEN\.gradle\native\0.2.8\x86_64-windows-gnu

VM Arguments:
jvm_args: --add-opens=java.base/java.lang=ALL-UNNAMED --add-opens=java.base/java.lang.invoke=ALL-UNNAMED --add-opens=java.base/java.util=ALL-UNNAMED --add-opens=java.prefs/java.util.prefs=ALL-UNNAMED --add-exports=jdk.compiler/com.sun.tools.javac.api=ALL-UNNAMED --add-exports=jdk.compiler/com.sun.tools.javac.util=ALL-UNNAMED --add-opens=java.base/java.util=ALL-UNNAMED --add-opens=java.prefs/java.util.prefs=ALL-UNNAMED --add-opens=java.base/java.nio.charset=ALL-UNNAMED --add-opens=java.base/java.net=ALL-UNNAMED --add-opens=java.base/java.util.concurrent=ALL-UNNAMED --add-opens=java.base/java.util.concurrent.atomic=ALL-UNNAMED --add-opens=java.xml/javax.xml.namespace=ALL-UNNAMED --add-opens=java.base/java.time=ALL-UNNAMED -Xmx2048m -Dfile.encoding=UTF-8 -Duser.country=US -Duser.language=en -Duser.variant -javaagent:C:\Users\ISHA SEN\.gradle\wrapper\dists\gradle-9.3.1-bin\23ovyewtku6u96viwx3xl3oks\gradle-9.3.1\lib\agents\gradle-instrumentation-agent-9.3.1.jar 
java_command: org.gradle.launcher.daemon.bootstrap.GradleDaemon 9.3.1
java_class_path (initial): C:\Users\ISHA SEN\.gradle\wrapper\dists\gradle-9.3.1-bin\23ovyewtku6u96viwx3xl3oks\gradle-9.3.1\lib\gradle-daemon-main-9.3.1.jar
Launcher Type: SUN_STANDARD

[Global flags]
     intx CICompilerCount                          = 4                                         {product} {ergonomic}
     uint ConcGCThreads                            = 3                                         {product} {ergonomic}
     uint G1ConcRefinementThreads                  = 10                                        {product} {ergonomic}
   size_t G1HeapRegionSize                         = 1048576                                   {product} {ergonomic}
    uintx GCDrainStackTargetSize                   = 64                                        {product} {ergonomic}
   size_t InitialHeapSize                          = 257949696                                 {product} {ergonomic}
   size_t MarkStackSize                            = 4194304                                   {product} {ergonomic}
   size_t MaxHeapSize                              = 2147483648                                {product} {command line}
   size_t MaxNewSize                               = 1287651328                                {product} {ergonomic}
   size_t MinHeapDeltaBytes                        = 1048576                                   {product} {ergonomic}
   size_t MinHeapSize                              = 8388608                                   {product} {ergonomic}
    uintx NonNMethodCodeHeapSize                   = 5839372                                {pd product} {ergonomic}
    uintx NonProfiledCodeHeapSize                  = 122909434                              {pd product} {ergonomic}
    uintx ProfiledCodeHeapSize                     = 122909434                              {pd product} {ergonomic}
    uintx ReservedCodeCacheSize                    = 251658240                              {pd product} {ergonomic}
     bool SegmentedCodeCache                       = true                                      {product} {ergonomic}
   size_t SoftMaxHeapSize                          = 2147483648                             {manageable} {ergonomic}
     bool UseCompressedOops                        = true                           {product lp64_product} {ergonomic}
     bool UseG1GC                                  = true                                      {product} {ergonomic}
     bool UseLargePagesIndividualAllocation        = false                                  {pd product} {ergonomic}

Logging:
Log output configuration:
 #0: stdout all=warning uptime,level,tags foldmultilines=false
 #1: stderr all=off uptime,level,tags foldmultilines=false

Release file:
JAVA_VERSION="21.0.10" 
MODULES="java.base java.compiler java.datatransfer java.xml java.prefs java.desktop java.instrument java.logging java.management java.security.sasl java.naming java.rmi java.management.rmi java.net.http java.scripting java.security.jgss java.transaction.xa java.sql java.sql.rowset java.xml.crypto java.se java.smartcardio jdk.accessibility jdk.internal.jvmstat jdk.attach jdk.charsets jdk.internal.opt jdk.zipfs jdk.compiler jdk.crypto.ec jdk.crypto.cryptoki jdk.dynalink jdk.hotspot.agent jdk.httpserver jdk.internal.ed jdk.internal.le jdk.internal.vm.ci jdk.jartool jdk.javadoc jdk.jcmd jdk.jdeps jdk.jdwp.agent jdk.jdi jdk.jfr jdk.jlink jdk.jsobject jdk.localedata jdk.management jdk.management.agent jdk.management.jfr jdk.naming.dns jdk.naming.rmi jdk.net jdk.sctp jdk.security.auth jdk.security.jgss jdk.unsupported jdk.unsupported.desktop jdk.xml.dom" 
IMPLEMENTOR="JetBrains s.r.o." 
JAVA_RUNTIME_VERSION="21.0.10+-14961533-b1163.108" 
LIBC="default" 
OS_ARCH="x86_64" 
OS_NAME="Windows" 
SOURCE=".:git:1351622c2ff2" 

Environment Variables:
PATH=C:\Program Files\Common Files\Oracle\Java\javapath;C:\Program Files (x86)\Common Files\Oracle\Java\javapath;C:\WINDOWS\system32;C:\WINDOWS;C:\WINDOWS\System32\Wbem;C:\WINDOWS\System32\WindowsPowerShell\v1.0\;C:\WINDOWS\System32\OpenSSH\;C:\Users\ISHA SEN\AppData\Local\Android\sdk\platform-tools;C:\Users\ISHA SEN\AppData\Local\Android\sdk\cmdline-tools\latest\bin;C:\Users\ISHA SEN\AppData\Local\Android\sdk\tools;C:\Users\ISHA SEN\AppData\Local\Android\sdk\tools\bin;C:\Users\ISHA SEN\Downloads\dartsdk-windows-x64-release\dart-sdk\bin;C:\Users\ISHA SEN\Downloads\flutter_windows_3.29.1-stable\flutter\bin\dart;C:\Program Files\Git LFS;C:\Program Files\Git\cmd;C:\ProgramData\chocolatey\bin;C:\Program Files\nodejs\;C:\Program Files\MySQL\MySQL Shell 8.0\bin\;C:\Users\ISHA SEN\AppData\Local\Microsoft\WindowsApps;C:\Users\ISHA SEN\AppData\Local\Programs\Microsoft VS Code\bin;C:\Users\ISHA SEN\Downloads\flutter_windows_3.29.1-stable\flutter\bin;C:\Users\ISHA SEN\cmdline-tools\latest\bin;C:\Users\ISHA SEN\platform-tools;C:\Users\ISHA SEN\Downloads\flutter_windows_3.29.1-stable\flutter\bin;C:\Users\ISHA SEN\AppData\Local\GitHubDesktop\bin;C:\Users\ISHA SEN\AppData\Roaming\npm;C:\Users\ISHA SEN\.local\bin\claude.exe;
USERNAME=ISHA SEN
OS=Windows_NT
PROCESSOR_IDENTIFIER=AMD64 Family 25 Model 80 Stepping 0, AuthenticAMD
TMP=C:\Users\ISHASE~1\AppData\Local\Temp
TEMP=C:\Users\ISHASE~1\AppData\Local\Temp




Periodic native trim disabled

JNI global refs:
JNI global refs: 29, weak refs: 10

JNI global refs memory usage: 835, weak refs: 2729

Process memory usage:
Resident Set Size: 1117436K (6% of 16087392K total physical memory with 219332K free physical memory)

OOME stack traces (most recent first):
Classloader memory used:
Loader org.gradle.internal.classloader.VisitableURLClassLoader$InstrumentingVisitableURLClassLoader: 56215K
Loader org.gradle.internal.classloader.VisitableURLClassLoader                         : 47773K
Loader bootstrap                                                                       : 32892K
Loader org.gradle.initialization.MixInLegacyTypesClassLoader                           : 13985K
Loader jdk.internal.loader.ClassLoaders$AppClassLoader                                 : 9238K
Loader jdk.internal.loader.ClassLoaders$PlatformClassLoader                            : 924K
Loader jdk.internal.reflect.DelegatingClassLoader                                      : 450K
Loader org.gradle.internal.classloader.VisitableURLClassLoader                         : 239K
Loader org.gradle.groovy.scripts.internal.DefaultScriptCompilationHandler$ScriptClassLoader: 127K

Classes loaded by more than one classloader:
Class Program                                                                         : loaded 5 times (x 72B)
Class Build_gradle                                                                    : loaded 3 times (x 126B)
Class com.google.common.collect.RegularImmutableMap$KeySet                            : loaded 2 times (x 152B)
Class org.gradle.internal.classloader.FilteringClassLoader                            : loaded 2 times (x 105B)
Class com.google.common.base.CharMatcher$IsEither                                     : loaded 2 times (x 111B)
Class org.gradle.internal.classloader.ClassLoaderHierarchy                            : loaded 2 times (x 70B)
Class com.google.common.collect.ImmutableEnumSet                                      : loaded 2 times (x 146B)
Class com.google.common.util.concurrent.ExecutionError                                : loaded 2 times (x 82B)
Class com.google.common.collect.ImmutableList$1                                       : loaded 2 times (x 97B)
Class org.gradle.api.internal.classpath.ManifestUtil                                  : loaded 2 times (x 71B)
Class com.google.common.io.ByteArrayDataOutput                                        : loaded 2 times (x 70B)
Class com.google.common.collect.RegularImmutableMap                                   : loaded 2 times (x 121B)
Class com.google.common.collect.ImmutableMap$MapViewOfValuesAsSingletonSets           : loaded 2 times (x 126B)
Class [Lorg.objectweb.asm.Symbol;                                                     : loaded 2 times (x 69B)
Class org.objectweb.asm.ClassVisitor                                                  : loaded 2 times (x 88B)
Class com.google.common.collect.UnmodifiableListIterator                              : loaded 2 times (x 95B)
Class com.google.common.base.Platform$JdkPatternCompiler                              : loaded 2 times (x 75B)
Class org.objectweb.asm.MethodTooLargeException                                       : loaded 2 times (x 83B)
Class [Lcom.google.common.cache.CacheBuilder$OneWeigher;                              : loaded 2 times (x 69B)
Class com.google.common.base.Suppliers                                                : loaded 2 times (x 71B)
Class org.gradle.internal.classloader.DefaultClassLoaderFactory                       : loaded 2 times (x 82B)
Class com.google.common.io.ByteSource$ConcatenatedByteSource                          : loaded 2 times (x 85B)
Class org.gradle.internal.classloader.ClassLoaderVisitor                              : loaded 2 times (x 76B)
Class [Lcom.google.common.collect.ImmutableMapEntry;                                  : loaded 2 times (x 69B)
Class org.gradle.api.internal.classpath.EffectiveClassPath                            : loaded 2 times (x 90B)
Class com.google.common.collect.ImmutableRangeSet                                     : loaded 2 times (x 115B)
Class com.google.common.collect.CollectSpliterators$1WithCharacteristics              : loaded 2 times (x 90B)
Class com.google.common.collect.ListMultimap                                          : loaded 2 times (x 70B)
Class com.google.common.collect.ImmutableEnumMap                                      : loaded 2 times (x 126B)
Class com.google.common.collect.Sets$1                                                : loaded 2 times (x 139B)
Class org.objectweb.asm.AnnotationVisitor                                             : loaded 2 times (x 78B)
Class ijJvmDebugger1_jv98uwgtmxo5aoaum0o0niry$_run_closure1$_closure2                 : loaded 2 times (x 140B)
Class org.gradle.api.internal.DefaultClassPathProvider                                : loaded 2 times (x 76B)
Class com.google.common.collect.Maps$ViewCachingAbstractMap                           : loaded 2 times (x 125B)
Class com.google.common.collect.Sets$2                                                : loaded 2 times (x 139B)
Class [Lorg.gradle.api.internal.ClassPathProvider;                                    : loaded 2 times (x 69B)
Class org.gradle.api.internal.ClassPathProvider                                       : loaded 2 times (x 70B)
Class [Lorg.objectweb.asm.AnnotationVisitor;                                          : loaded 2 times (x 69B)
Class com.google.common.collect.Sets$3                                                : loaded 2 times (x 139B)
Class com.google.common.cache.LocalCache$LocalLoadingCache                            : loaded 2 times (x 134B)
Class ijKotlinCoroutineJvmDebugInit1_6xpudmw8efmy75ce9nk46qn7n$_run_closure1$_closure2: loaded 2 times (x 139B)
Class org.gradle.internal.service.UnknownServiceException                             : loaded 2 times (x 83B)
Class com.google.common.io.ByteArrayDataInput                                         : loaded 2 times (x 70B)
Class com.google.common.collect.Sets$4                                                : loaded 2 times (x 139B)
Class org.objectweb.asm.ModuleVisitor                                                 : loaded 2 times (x 81B)
Class com.google.common.cache.LocalCache$Strength$1                                   : loaded 2 times (x 81B)
Class ijKotlinCoroutineJvmDebugInit1_6xpudmw8efmy75ce9nk46qn7n                        : loaded 2 times (x 171B)
Class com.google.common.util.concurrent.SettableFuture                                : loaded 2 times (x 114B)
Class com.google.common.cache.LocalCache$Strength$2                                   : loaded 2 times (x 81B)
Class com.google.common.io.ByteStreams                                                : loaded 2 times (x 71B)
Class com.google.common.collect.TransformedIterator                                   : loaded 2 times (x 80B)
Class org.objectweb.asm.Handle                                                        : loaded 2 times (x 72B)
Class com.google.common.cache.LocalCache$Strength$3                                   : loaded 2 times (x 81B)
Class com.google.common.collect.MapDifference                                         : loaded 2 times (x 70B)
Class ijJvmDebugger1_jv98uwgtmxo5aoaum0o0niry                                         : loaded 2 times (x 171B)
Class org.objectweb.asm.FieldWriter                                                   : loaded 2 times (x 78B)
Class com.google.common.cache.CacheBuilder$NullListener                               : loaded 2 times (x 82B)
Class org.gradle.internal.classpath.TransformedClassPath                              : loaded 2 times (x 96B)
Class org.gradle.internal.classloader.InstrumentingClassLoader                        : loaded 2 times (x 70B)
Class com.google.common.collect.ImmutableRangeSet$AsSet                               : loaded 2 times (x 300B)
Class com.google.common.cache.CacheLoader$FunctionToCacheLoader                       : loaded 2 times (x 75B)
Class com.google.common.collect.Iterators$ArrayItr                                    : loaded 2 times (x 97B)
Class com.google.common.collect.ImmutableCollection$Builder                           : loaded 2 times (x 76B)
Class com.google.common.base.Joiner                                                   : loaded 2 times (x 79B)
Class com.google.common.base.PairwiseEquivalence                                      : loaded 2 times (x 83B)
Class [Lorg.objectweb.asm.Attribute;                                                  : loaded 2 times (x 69B)
Class com.google.common.collect.Platform                                              : loaded 2 times (x 71B)
Class [Lorg.objectweb.asm.Type;                                                       : loaded 2 times (x 69B)
Class com.google.common.collect.UnmodifiableIterator                                  : loaded 2 times (x 80B)
Class org.gradle.internal.service.ServiceLocator                                      : loaded 2 times (x 70B)
Class com.google.common.collect.HashBiMap$BiEntry                                     : loaded 2 times (x 83B)
Class com.google.common.base.Ascii                                                    : loaded 2 times (x 71B)
Class com.google.common.collect.SingletonImmutableBiMap                               : loaded 2 times (x 143B)
Class com.google.common.cache.LocalCache$1                                            : loaded 2 times (x 89B)
Class com.google.common.collect.Iterators$SingletonIterator                           : loaded 2 times (x 81B)
Class com.google.common.collect.AbstractMapEntry                                      : loaded 2 times (x 81B)
Class com.google.common.io.ByteSource$ByteArrayByteSource                             : loaded 2 times (x 85B)
Class com.google.common.collect.Sets$ImprovedAbstractSet                              : loaded 2 times (x 135B)
Class com.google.common.collect.ImmutableList$Builder                                 : loaded 2 times (x 77B)
Class com.google.common.collect.AbstractMultimap                                      : loaded 2 times (x 123B)
Class com.google.common.cache.LocalCache$2                                            : loaded 2 times (x 142B)
Class com.google.common.collect.ImmutableRangeSet$1                                   : loaded 2 times (x 210B)
Class com.google.common.collect.RegularImmutableAsList                                : loaded 2 times (x 217B)
Class com.google.common.collect.Range                                                 : loaded 2 times (x 87B)
Class com.google.common.base.Optional                                                 : loaded 2 times (x 80B)
Class com.google.common.util.concurrent.AbstractFuture$Trusted                        : loaded 2 times (x 70B)
Class com.google.common.collect.Iterators                                             : loaded 2 times (x 71B)
Class com.google.common.collect.Lists$StringAsImmutableList                           : loaded 2 times (x 207B)
Class com.google.common.util.concurrent.UncheckedExecutionException                   : loaded 2 times (x 82B)
Class org.gradle.kotlin.dsl.VersionCatalogAccessorsKt                                 : loaded 2 times (x 71B)
Class org.objectweb.asm.ConstantDynamic                                               : loaded 2 times (x 72B)
Class com.google.common.collect.AbstractMapBasedMultimap$KeySet$1                     : loaded 2 times (x 82B)
Class org.objectweb.asm.ClassWriter                                                   : loaded 2 times (x 106B)
Class com.google.common.base.CharMatcher$And                                          : loaded 2 times (x 112B)
Class com.google.common.cache.CacheLoader$UnsupportedLoadingOperationException        : loaded 2 times (x 82B)
Class org.gradle.internal.classloader.ClasspathUtil$1                                 : loaded 2 times (x 76B)
Class com.google.common.base.Objects                                                  : loaded 2 times (x 71B)
Class org.objectweb.asm.FieldVisitor                                                  : loaded 2 times (x 77B)
Class com.google.common.collect.IndexedImmutableSet                                   : loaded 2 times (x 152B)
Class com.google.common.collect.BiMap                                                 : loaded 2 times (x 70B)
Class com.google.common.collect.ImmutableMap$1                                        : loaded 2 times (x 81B)
Class org.gradle.api.internal.classpath.DefaultModuleRegistry$DefaultModule           : loaded 2 times (x 86B)
Class com.google.common.base.Absent                                                   : loaded 2 times (x 80B)
Class com.google.common.primitives.Ints                                               : loaded 2 times (x 71B)
Class com.google.common.collect.AbstractIterator                                      : loaded 2 times (x 82B)
Class com.google.common.collect.ObjectArrays                                          : loaded 2 times (x 71B)
Class com.google.common.math.MathPreconditions                                        : loaded 2 times (x 71B)
Class com.google.common.collect.Multiset                                              : loaded 2 times (x 70B)
Class com.google.common.collect.ArrayListMultimapGwtSerializationDependencies         : loaded 2 times (x 172B)
Class com.google.common.collect.AbstractIndexedListIterator                           : loaded 2 times (x 96B)
Class com.google.common.collect.ImmutableMapEntrySet                                  : loaded 2 times (x 152B)
Class org.gradle.api.internal.classpath.Module                                        : loaded 2 times (x 70B)
Class com.google.common.cache.Weigher                                                 : loaded 2 times (x 70B)
Class org.gradle.api.internal.classpath.UnknownModuleException                        : loaded 2 times (x 82B)
Class com.google.common.base.Stopwatch                                                : loaded 2 times (x 72B)
Class com.google.common.cache.LocalCache$Strength                                     : loaded 2 times (x 81B)
Class com.google.common.cache.Cache                                                   : loaded 2 times (x 70B)
Class com.google.common.base.NullnessCasts                                            : loaded 2 times (x 71B)
Class com.google.common.util.concurrent.AbstractFuture$Cancellation                   : loaded 2 times (x 72B)
Class com.google.common.collect.ImmutableMap$Builder                                  : loaded 2 times (x 82B)
Class com.google.common.base.Present                                                  : loaded 2 times (x 81B)
Class com.google.common.cache.RemovalListener                                         : loaded 2 times (x 70B)
Class org.gradle.api.internal.DefaultClassPathRegistry                                : loaded 2 times (x 76B)
Class com.google.common.primitives.IntsMethodsForWeb                                  : loaded 2 times (x 71B)
Class com.google.common.collect.Multimap                                              : loaded 2 times (x 70B)
Class org.gradle.api.internal.ClassPathRegistry                                       : loaded 2 times (x 70B)
Class org.gradle.internal.classpath.DefaultClassPath$ImmutableUniqueList              : loaded 2 times (x 199B)
Class com.google.common.base.ExtraObjectsMethodsForWeb                                : loaded 2 times (x 71B)
Class com.google.common.base.MoreObjects                                              : loaded 2 times (x 71B)
Class com.google.common.io.ByteSink                                                   : loaded 2 times (x 76B)
Class com.google.common.cache.CacheBuilder                                            : loaded 2 times (x 72B)
Class com.google.common.collect.SingletonImmutableList                                : loaded 2 times (x 207B)
Class Settings_gradle$1                                                               : loaded 2 times (x 74B)
Class org.gradle.internal.classpath.ClassPath                                         : loaded 2 times (x 70B)
Class com.google.common.io.Files$FileByteSource                                       : loaded 2 times (x 85B)
Class com.google.common.base.JdkPattern                                               : loaded 2 times (x 75B)
Class com.google.common.collect.ImmutableList$ReverseImmutableList                    : loaded 2 times (x 209B)
Class org.objectweb.asm.SymbolTable$Entry                                             : loaded 2 times (x 74B)
Class org.objectweb.asm.signature.SignatureReader                                     : loaded 2 times (x 74B)
Class org.objectweb.asm.Edge                                                          : loaded 2 times (x 72B)
Class com.google.common.base.Suppliers$SupplierOfInstance                             : loaded 2 times (x 79B)
Class com.google.common.collect.Iterators$1                                           : loaded 2 times (x 81B)
Class com.google.common.cache.LocalCache$ComputingValueReference                      : loaded 2 times (x 96B)
Class com.google.common.collect.SingletonImmutableSet                                 : loaded 2 times (x 146B)
Class com.google.common.collect.ImmutableMap$IteratorBasedImmutableMap                : loaded 2 times (x 126B)
Class com.google.common.cache.LocalCache$Segment                                      : loaded 2 times (x 154B)
Class [Lcom.google.common.base.Supplier;                                              : loaded 2 times (x 69B)
Class com.google.common.collect.SortedIterable                                        : loaded 2 times (x 70B)
Class com.google.common.collect.AbstractListMultimap                                  : loaded 2 times (x 172B)
Class [Lorg.objectweb.asm.SymbolTable$Entry;                                          : loaded 2 times (x 69B)
Class com.google.common.cache.CacheLoader                                             : loaded 2 times (x 74B)
Class com.google.common.collect.Iterators$4                                           : loaded 2 times (x 82B)
Class com.google.common.collect.ImmutableBiMap                                        : loaded 2 times (x 143B)
Class org.gradle.api.internal.classpath.ModuleRegistry                                : loaded 2 times (x 70B)
Class org.gradle.internal.installation.GradleInstallation$1                           : loaded 2 times (x 75B)
Class com.google.common.collect.ImmutableSet$JdkBackedSetBuilderImpl                  : loaded 2 times (x 76B)
Class com.google.common.util.concurrent.internal.InternalFutureFailureAccess          : loaded 2 times (x 72B)
Class com.google.common.collect.Iterators$5                                           : loaded 2 times (x 82B)
Class com.google.common.collect.HashBiMap$Inverse                                     : loaded 2 times (x 142B)
Class com.google.common.base.CharMatcher$ForPredicate                                 : loaded 2 times (x 112B)
Class com.google.common.cache.LocalCache$LocalManualCache$1                           : loaded 2 times (x 75B)
Class com.google.common.base.CharMatcher$AnyOf                                        : loaded 2 times (x 112B)
Class com.google.common.collect.ImmutableCollection                                   : loaded 2 times (x 125B)
Class org.gradle.api.internal.classpath.DefaultModuleRegistry                         : loaded 2 times (x 86B)
Class com.google.common.collect.Lists                                                 : loaded 2 times (x 71B)
Class com.google.common.util.concurrent.ListenableFuture                              : loaded 2 times (x 70B)
Class com.google.common.cache.ReferenceEntry                                          : loaded 2 times (x 70B)
Class com.google.common.base.Converter                                                : loaded 2 times (x 90B)
Class com.google.common.collect.ImmutableSet$CachingAsList                            : loaded 2 times (x 148B)
Class com.google.common.collect.AbstractMapBasedMultimap                              : loaded 2 times (x 139B)
Class com.google.common.util.concurrent.AbstractFuture                                : loaded 2 times (x 106B)
Class com.google.common.base.FunctionalEquivalence                                    : loaded 2 times (x 83B)
Class com.google.common.collect.Iterators$9                                           : loaded 2 times (x 81B)
Class com.google.common.collect.ImmutableAsList                                       : loaded 2 times (x 209B)
Class org.objectweb.asm.RecordComponentVisitor                                        : loaded 2 times (x 77B)
Class com.google.common.cache.CacheLoader$SupplierToCacheLoader                       : loaded 2 times (x 75B)
Class com.google.common.collect.Maps$EntryTransformer                                 : loaded 2 times (x 70B)
Class org.gradle.internal.service.ServiceLookupException                              : loaded 2 times (x 82B)
Class com.google.common.collect.ImmutableSortedSet                                    : loaded 2 times (x 300B)
Class com.google.common.collect.Lists$ReverseList                                     : loaded 2 times (x 200B)
Class [Lcom.google.common.cache.LocalCache$EntryFactory;                              : loaded 2 times (x 69B)
Class org.gradle.internal.classloader.ClassLoaderFactory                              : loaded 2 times (x 70B)
Class com.google.common.collect.ImmutableMap$SerializedForm                           : loaded 2 times (x 73B)
Class com.google.common.base.CommonPattern                                            : loaded 2 times (x 74B)
Class com.google.common.base.CharMatcher$IsNot                                        : loaded 2 times (x 111B)
Class com.google.common.cache.LocalCache$LocalManualCache                             : loaded 2 times (x 99B)
Class org.gradle.internal.service.CachingServiceLocator                               : loaded 2 times (x 82B)
Class com.google.common.collect.RegularImmutableSortedSet                             : loaded 2 times (x 300B)
Class com.google.common.collect.AbstractMapBasedMultimap$KeySet                       : loaded 2 times (x 137B)
Class com.google.common.math.IntMath                                                  : loaded 2 times (x 71B)
Class [Lcom.google.common.collect.HashBiMap$BiEntry;                                  : loaded 2 times (x 69B)
Class com.google.common.collect.ImmutableMapEntry                                     : loaded 2 times (x 85B)
Class org.objectweb.asm.signature.SignatureVisitor                                    : loaded 2 times (x 87B)
Class com.google.common.base.Equivalence                                              : loaded 2 times (x 82B)
Class com.google.common.base.Function                                                 : loaded 2 times (x 70B)
Class com.google.common.collect.ImmutableMapEntry$NonTerminalImmutableMapEntry        : loaded 2 times (x 85B)
Class com.google.common.collect.IndexedImmutableSet$1                                 : loaded 2 times (x 213B)
Class com.google.common.cache.CacheBuilder$OneWeigher                                 : loaded 2 times (x 82B)
Class com.google.common.collect.RegularImmutableList                                  : loaded 2 times (x 213B)
Class org.gradle.internal.classloader.ClasspathUtil                                   : loaded 2 times (x 71B)
Class com.google.common.util.concurrent.Uninterruptibles                              : loaded 2 times (x 71B)
Class com.google.common.io.CharSource                                                 : loaded 2 times (x 85B)
Class com.google.common.util.concurrent.LazyLogger                                    : loaded 2 times (x 72B)
Class com.google.common.collect.Maps                                                  : loaded 2 times (x 71B)
Class org.gradle.api.specs.Spec                                                       : loaded 2 times (x 70B)
Class [Lcom.google.common.collect.ImmutableEntry;                                     : loaded 2 times (x 69B)
Class com.google.common.cache.LocalCache$LoadingValueReference                        : loaded 2 times (x 96B)
Class com.google.common.collect.CollectSpliterators                                   : loaded 2 times (x 71B)
Class com.google.common.base.Platform                                                 : loaded 2 times (x 71B)
Class [Lorg.objectweb.asm.AnnotationWriter;                                           : loaded 2 times (x 69B)
Class com.google.common.collect.Maps$8                                                : loaded 2 times (x 82B)
Class com.google.common.collect.ImmutableRangeSet$Builder                             : loaded 2 times (x 77B)
Class com.google.common.collect.Lists$ReverseList$1                                   : loaded 2 times (x 99B)
Class com.google.common.collect.Sets$SetView                                          : loaded 2 times (x 138B)
Class com.google.common.cache.LocalCache$StrongValueReference                         : loaded 2 times (x 90B)
Class com.google.common.graph.SuccessorsFunction                                      : loaded 2 times (x 70B)
Class org.objectweb.asm.Type                                                          : loaded 2 times (x 72B)
Class org.gradle.internal.classloader.VisitableURLClassLoader$InstrumentingVisitableURLClassLoader: loaded 2 times (x 123B)
Class com.google.common.io.Files$FileByteSink                                         : loaded 2 times (x 77B)
Class com.google.common.math.IntMath$1                                                : loaded 2 times (x 71B)
Class org.objectweb.asm.ByteVector                                                    : loaded 2 times (x 79B)
Class [Lcom.google.common.cache.CacheBuilder$NullListener;                            : loaded 2 times (x 69B)
Class org.gradle.internal.classloader.VisitableURLClassLoader$Spec                    : loaded 2 times (x 74B)
Class org.gradle.internal.classpath.DefaultClassPath                                  : loaded 2 times (x 90B)
Class org.objectweb.asm.Symbol                                                        : loaded 2 times (x 73B)
Class com.google.common.io.Closer                                                     : loaded 2 times (x 78B)
Class com.google.common.base.CharMatcher$BitSetMatcher                                : loaded 2 times (x 112B)
Class com.google.common.collect.ImmutableSet                                          : loaded 2 times (x 145B)
Class com.google.common.collect.RegularImmutableMap$Values                            : loaded 2 times (x 207B)
Class org.gradle.internal.classloader.ClassLoaderSpec                                 : loaded 2 times (x 71B)
Class com.google.common.io.ByteSource$EmptyByteSource                                 : loaded 2 times (x 85B)
Class org.objectweb.asm.AnnotationWriter                                              : loaded 2 times (x 79B)
Class com.google.common.cache.CacheStats                                              : loaded 2 times (x 71B)
Class com.google.common.io.LineProcessor                                              : loaded 2 times (x 70B)
Class com.google.common.io.Closer$Suppressor                                          : loaded 2 times (x 70B)
Class org.objectweb.asm.RecordComponentWriter                                         : loaded 2 times (x 78B)
Class com.google.common.util.concurrent.AbstractFuture$Listener                       : loaded 2 times (x 72B)
Class com.google.common.base.CharMatcher$Or                                           : loaded 2 times (x 112B)
Class Settings_gradle$1$1                                                             : loaded 2 times (x 74B)
Class [Lorg.objectweb.asm.Label;                                                      : loaded 2 times (x 69B)
Class org.objectweb.asm.Attribute                                                     : loaded 2 times (x 77B)
Class com.google.common.base.Supplier                                                 : loaded 2 times (x 70B)
Class org.gradle.internal.classloader.VisitableURLClassLoader                         : loaded 2 times (x 117B)
Class com.google.common.collect.ImmutableList$SerializedForm                          : loaded 2 times (x 73B)
Class org.objectweb.asm.signature.SignatureWriter                                     : loaded 2 times (x 88B)
Class Settings_gradle                                                                 : loaded 2 times (x 124B)
Class org.gradle.internal.Cast                                                        : loaded 2 times (x 71B)
Class org.gradle.api.Action                                                           : loaded 2 times (x 70B)
Class com.google.common.collect.HashBiMap                                             : loaded 2 times (x 143B)
Class com.google.common.base.Strings                                                  : loaded 2 times (x 71B)
Class com.google.common.collect.Sets                                                  : loaded 2 times (x 71B)
Class org.objectweb.asm.Handler                                                       : loaded 2 times (x 72B)
Class com.google.common.base.CharMatcher$FastMatcher                                  : loaded 2 times (x 111B)
Class com.google.common.base.Ticker                                                   : loaded 2 times (x 72B)
Class [Lcom.google.common.cache.LocalCache$Segment;                                   : loaded 2 times (x 69B)
Class com.google.common.base.Predicate                                                : loaded 2 times (x 70B)
Class [Lcom.google.common.cache.LocalCache$Strength;                                  : loaded 2 times (x 69B)
Class com.google.common.cache.CacheBuilder$1                                          : loaded 2 times (x 85B)
Class com.google.common.collect.ImmutableMap                                          : loaded 2 times (x 120B)
Class org.gradle.internal.classpath.DefaultClassPath$ImmutableUniqueList$Builder      : loaded 2 times (x 75B)
Class com.google.common.collect.AbstractRangeSet                                      : loaded 2 times (x 114B)
Class com.google.common.base.CharMatcher$NegatedFastMatcher                           : loaded 2 times (x 113B)
Class com.google.common.cache.LocalCache                                              : loaded 2 times (x 187B)
Class com.google.common.cache.CacheBuilder$2                                          : loaded 2 times (x 79B)
Class com.google.common.collect.ArrayListMultimap                                     : loaded 2 times (x 172B)
Class com.google.common.cache.CacheBuilder$3                                          : loaded 2 times (x 72B)
Class [Lcom.google.common.collect.AbstractMapEntry;                                   : loaded 2 times (x 69B)
Class com.google.common.collect.ImmutableEntry                                        : loaded 2 times (x 82B)
Class org.gradle.api.GradleException                                                  : loaded 2 times (x 82B)
Class com.google.common.base.Suppliers$MemoizingSupplier                              : loaded 2 times (x 79B)
Class com.google.common.collect.CollectPreconditions                                  : loaded 2 times (x 71B)
Class com.google.common.collect.SortedMapDifference                                   : loaded 2 times (x 70B)
Class ijKotlinCoroutineJvmDebugInit1_6xpudmw8efmy75ce9nk46qn7n$_run_closure1          : loaded 2 times (x 139B)
Class com.google.common.io.Files                                                      : loaded 2 times (x 71B)
Class com.google.common.cache.LocalCache$EntryFactory                                 : loaded 2 times (x 83B)
Class com.google.common.cache.LocalCache$AbstractReferenceEntry                       : loaded 2 times (x 107B)
Class org.gradle.internal.IoActions                                                   : loaded 2 times (x 71B)
Class com.google.common.collect.ImmutableRangeSet$ComplementRanges                    : loaded 2 times (x 207B)
Class org.objectweb.asm.SymbolTable                                                   : loaded 2 times (x 72B)
Class com.google.common.cache.CacheLoader$InvalidCacheLoadException                   : loaded 2 times (x 82B)
Class com.google.common.collect.ImmutableSet$RegularSetBuilderImpl                    : loaded 2 times (x 77B)
Class org.gradle.internal.classloader.SystemClassLoaderSpec                           : loaded 2 times (x 71B)
Class com.google.common.cache.LocalCache$StrongEntry                                  : loaded 2 times (x 108B)
Class com.google.common.util.concurrent.AbstractFuture$TrustedFuture                  : loaded 2 times (x 114B)
Class com.google.common.cache.LoadingCache                                            : loaded 2 times (x 70B)
Class com.google.common.io.ByteStreams$LimitedInputStream                             : loaded 2 times (x 92B)
Class com.google.common.base.Suppliers$NonSerializableMemoizingSupplier               : loaded 2 times (x 79B)
Class org.objectweb.asm.MethodWriter                                                  : loaded 2 times (x 106B)
Class [Lcom.google.common.cache.Weigher;                                              : loaded 2 times (x 69B)
Class com.google.common.collect.RegularImmutableMap$BucketOverflowException           : loaded 2 times (x 82B)
Class com.google.common.collect.RegularImmutableBiMap                                 : loaded 2 times (x 149B)
Class com.google.common.base.CharMatcher$Is                                           : loaded 2 times (x 111B)
Class com.google.common.base.CharMatcher$Negated                                      : loaded 2 times (x 113B)
Class com.google.common.cache.LocalCache$ValueReference                               : loaded 2 times (x 70B)
Class com.google.common.hash.PrimitiveSink                                            : loaded 2 times (x 70B)
Class com.google.common.base.PatternCompiler                                          : loaded 2 times (x 70B)
Class com.google.common.util.concurrent.AbstractFuture$Failure                        : loaded 2 times (x 72B)
Class com.google.common.base.Equivalence$Equals                                       : loaded 2 times (x 82B)
Class com.google.common.collect.Hashing                                               : loaded 2 times (x 71B)
Class com.google.common.base.Preconditions                                            : loaded 2 times (x 71B)
Class com.google.common.base.Joiner$1                                                 : loaded 2 times (x 80B)
Class org.objectweb.asm.Label                                                         : loaded 2 times (x 73B)
Class org.objectweb.asm.CurrentFrame                                                  : loaded 2 times (x 73B)
Class org.objectweb.asm.ClassTooLargeException                                        : loaded 2 times (x 83B)
Class com.google.common.base.CharMatcher                                              : loaded 2 times (x 111B)
Class com.google.common.collect.PeekingIterator                                       : loaded 2 times (x 70B)
Class com.google.common.collect.RangeGwtSerializationDependencies                     : loaded 2 times (x 71B)
Class com.google.common.io.ByteSource$AsCharSource                                    : loaded 2 times (x 86B)
Class com.google.common.collect.Maps$IteratorBasedAbstractMap                         : loaded 2 times (x 125B)
Class com.google.common.base.Joiner$2                                                 : loaded 2 times (x 79B)
Class org.objectweb.asm.Frame                                                         : loaded 2 times (x 73B)
Class org.objectweb.asm.MethodVisitor                                                 : loaded 2 times (x 105B)
Class com.google.common.base.CharMatcher$NamedFastMatcher                             : loaded 2 times (x 112B)
Class com.google.common.base.CharMatcher$1                                            : loaded 2 times (x 113B)
Class com.google.common.cache.LocalCache$EntryFactory$1                               : loaded 2 times (x 83B)
Class [Lcom.google.common.cache.RemovalListener;                                      : loaded 2 times (x 69B)
Class com.google.common.collect.RangeSet                                              : loaded 2 times (x 70B)
Class com.google.common.cache.LocalCache$EntryFactory$2                               : loaded 2 times (x 83B)
Class org.gradle.api.internal.classpath.GlobalCacheRootsProvider                      : loaded 2 times (x 70B)
Class com.google.common.collect.CollectCollectors                                     : loaded 2 times (x 71B)
Class org.objectweb.asm.ModuleWriter                                                  : loaded 2 times (x 82B)
Class com.google.common.cache.LocalCache$EntryFactory$3                               : loaded 2 times (x 83B)
Class com.google.common.base.Ticker$1                                                 : loaded 2 times (x 72B)
Class com.google.common.collect.Maps$BiMapConverter                                   : loaded 2 times (x 90B)
Class com.google.common.collect.ImmutableMapEntrySet$RegularEntrySet                  : loaded 2 times (x 152B)
Class com.google.common.collect.ImmutableSet$Builder                                  : loaded 2 times (x 85B)
Class com.google.common.base.CharMatcher$InRange                                      : loaded 2 times (x 111B)
Class com.google.common.cache.LocalCache$EntryFactory$4                               : loaded 2 times (x 83B)
Class com.google.common.io.ByteStreams$1                                              : loaded 2 times (x 85B)
Class com.google.common.cache.LocalCache$EntryFactory$5                               : loaded 2 times (x 83B)
Class com.google.common.base.Equivalence$Identity                                     : loaded 2 times (x 82B)
Class com.google.common.cache.LocalCache$EntryFactory$6                               : loaded 2 times (x 83B)
Class org.gradle.internal.installation.CurrentGradleInstallationLocator               : loaded 2 times (x 71B)
Class com.google.common.io.ByteSource$SlicedByteSource                                : loaded 2 times (x 85B)
Class org.objectweb.asm.ClassReader                                                   : loaded 2 times (x 94B)
Class com.google.common.collect.Maps$KeySet                                           : loaded 2 times (x 137B)
Class com.google.common.collect.ImmutableSet$EmptySetBuilderImpl                      : loaded 2 times (x 76B)
Class com.google.common.cache.LocalCache$EntryFactory$7                               : loaded 2 times (x 83B)
Class com.google.common.collect.ImmutableList                                         : loaded 2 times (x 206B)
Class org.gradle.internal.service.DefaultServiceLocator                               : loaded 2 times (x 83B)
Class com.google.common.collect.Maps$EntrySet                                         : loaded 2 times (x 136B)
Class com.google.common.cache.LocalCache$EntryFactory$8                               : loaded 2 times (x 83B)
Class com.google.common.collect.ImmutableSet$SetBuilderImpl                           : loaded 2 times (x 76B)
Class org.gradle.internal.installation.CurrentGradleInstallation                      : loaded 2 times (x 73B)
Class org.objectweb.asm.Opcodes                                                       : loaded 2 times (x 70B)
Class com.google.common.cache.CacheLoader$1                                           : loaded 2 times (x 75B)
Class com.google.common.collect.ForwardingObject                                      : loaded 2 times (x 72B)
Class com.google.common.collect.ImmutableList$SubList                                 : loaded 2 times (x 209B)
Class org.gradle.util.internal.GUtil                                                  : loaded 2 times (x 71B)
Class com.google.common.io.ByteSource                                                 : loaded 2 times (x 84B)
Class com.google.common.cache.AbstractCache$StatsCounter                              : loaded 2 times (x 70B)
Class org.objectweb.asm.Context                                                       : loaded 2 times (x 72B)
Class com.google.common.collect.Iterators$MergingIterator                             : loaded 2 times (x 81B)
Class com.google.common.collect.RegularImmutableSet                                   : loaded 2 times (x 149B)
Class org.gradle.internal.installation.GradleInstallation                             : loaded 2 times (x 75B)
Class com.google.common.collect.Iterables                                             : loaded 2 times (x 71B)
Class com.google.common.collect.Lists$RandomAccessReverseList                         : loaded 2 times (x 200B)
Class ijJvmDebugger1_jv98uwgtmxo5aoaum0o0niry$_run_closure1                           : loaded 2 times (x 139B)

---------------  S Y S T E M  ---------------

OS:
 Windows 11 , 64 bit Build 26100 (10.0.26100.8115)
OS uptime: 22 days 5:31 hours
Hyper-V role detected

CPU: total 12 (initial active 12) (12 cores per cpu, 2 threads per core) family 25 model 80 stepping 0 microcode 0xa50000f, cx8, cmov, fxsr, ht, mmx, 3dnowpref, sse, sse2, sse3, ssse3, sse4a, sse4.1, sse4.2, popcnt, lzcnt, tsc, tscinvbit, avx, avx2, aes, erms, clmul, bmi1, bmi2, adx, sha, fma, vzeroupper, clflush, clflushopt, hv, rdtscp, rdpid, fsrm, f16c, cet_ss
Processor Information for processor 0
  Max Mhz: 3301, Current Mhz: 3301, Mhz Limit: 3301
Processor Information for processor 1
  Max Mhz: 3301, Current Mhz: 3301, Mhz Limit: 3301
Processor Information for processor 2
  Max Mhz: 3301, Current Mhz: 1805, Mhz Limit: 3301
Processor Information for processor 3
  Max Mhz: 3301, Current Mhz: 1805, Mhz Limit: 3301
Processor Information for processor 4
  Max Mhz: 3301, Current Mhz: 3301, Mhz Limit: 3301
Processor Information for processor 5
  Max Mhz: 3301, Current Mhz: 1805, Mhz Limit: 3301
Processor Information for processor 6
  Max Mhz: 3301, Current Mhz: 3301, Mhz Limit: 3301
Processor Information for processor 7
  Max Mhz: 3301, Current Mhz: 3301, Mhz Limit: 3301
Processor Information for processor 8
  Max Mhz: 3301, Current Mhz: 1805, Mhz Limit: 3301
Processor Information for processor 9
  Max Mhz: 3301, Current Mhz: 1805, Mhz Limit: 3301
Processor Information for processor 10
  Max Mhz: 3301, Current Mhz: 1805, Mhz Limit: 3301
Processor Information for processor 11
  Max Mhz: 3301, Current Mhz: 1805, Mhz Limit: 3301

Memory: 4k page, system-wide physical 15710M (214M free)
TotalPageFile size 40710M (AvailPageFile size 249M)
current process WorkingSet (physical memory assigned to process): 1093M, peak: 1093M
current process commit charge ("private bytes"): 1213M, peak: 1506M

vm_info: OpenJDK 64-Bit Server VM (21.0.10+-14961533-b1163.108) for windows-amd64 JRE (21.0.10+-14961533-b1163.108), built on 2026-03-02T19:58:50Z by "builder" with MS VC++ 16.10 / 16.11 (VS2019)

END.
